{
  "resourceType" : "Bundle",
  "id" : "a999968a-b8a1-4ff5-9e00-19abf880a75e",
  "meta" : {
    "lastUpdated" : "2023-09-15T20:59:49.234+00:00"
  },
  "type" : "collection",
  "entry" : [{
    "fullUrl" : "https://nih-ncpi.github.io/ncpi-fhir-ig/ValueSet/condition-inheritance-vs",
    "resource" : {
      "resourceType" : "ValueSet",
      "text" : {
        "status" : "generated",
        "div" : "<div xmlns=\"http://www.w3.org/1999/xhtml\"><p>This value set contains 25 concepts</p><p style=\"border: black 1px dotted; background-color: #EEEEEE; padding: 8px; margin-bottom: 8px\">Expansion based on <a href=\"CodeSystem-ConditionInheritanceMode.html\">codesystem Condition Inheritance Pattern v0.2.0 (CodeSystem)</a></p><table class=\"codes\"><tr><td style=\"white-space:nowrap\"><b>Code</b></td><td><b>System</b></td><td><b>Display</b></td></tr><tr><td style=\"white-space:nowrap\"><a name=\"https---nih-ncpi.github.io-ncpi-fhir-ig-CodeSystem-ConditionInheritanceMode-GENO-0000143\"> </a>\u00a0\u00a0<a href=\"CodeSystem-ConditionInheritanceMode.html#ConditionInheritanceMode-GENO.580000143\">GENO:0000143</a></td><td>https://nih-ncpi.github.io/ncpi-fhir-ig/CodeSystem/ConditionInheritanceMode</td><td>Codominant inheritance</td></tr><tr><td style=\"white-space:nowrap\"><a name=\"https---nih-ncpi.github.io-ncpi-fhir-ig-CodeSystem-ConditionInheritanceMode-GENO-0000889\"> </a>\u00a0\u00a0<a href=\"CodeSystem-ConditionInheritanceMode.html#ConditionInheritanceMode-GENO.580000889\">GENO:0000889</a></td><td>https://nih-ncpi.github.io/ncpi-fhir-ig/CodeSystem/ConditionInheritanceMode</td><td>Unknown inheritance</td></tr><tr><td style=\"white-space:nowrap\"><a name=\"https---nih-ncpi.github.io-ncpi-fhir-ig-CodeSystem-ConditionInheritanceMode-GENO-0000892\"> </a>\u00a0\u00a0<a href=\"CodeSystem-ConditionInheritanceMode.html#ConditionInheritanceMode-GENO.580000892\">GENO:0000892</a></td><td>https://nih-ncpi.github.io/ncpi-fhir-ig/CodeSystem/ConditionInheritanceMode</td><td>Mitochondrial inheritance (primarily or exclusively heteroplasmic)</td></tr><tr><td style=\"white-space:nowrap\"><a name=\"https---nih-ncpi.github.io-ncpi-fhir-ig-CodeSystem-ConditionInheritanceMode-GENO-0000893\"> </a>\u00a0\u00a0<a href=\"CodeSystem-ConditionInheritanceMode.html#ConditionInheritanceMode-GENO.580000893\">GENO:0000893</a></td><td>https://nih-ncpi.github.io/ncpi-fhir-ig/CodeSystem/ConditionInheritanceMode</td><td>Mitochondrial inheritance (primarily or exclusively homoplasmic)</td></tr><tr><td style=\"white-space:nowrap\"><a name=\"https---nih-ncpi.github.io-ncpi-fhir-ig-CodeSystem-ConditionInheritanceMode-HP-0000006\"> </a>\u00a0\u00a0<a href=\"CodeSystem-ConditionInheritanceMode.html#ConditionInheritanceMode-HP.580000006\">HP:0000006</a></td><td>https://nih-ncpi.github.io/ncpi-fhir-ig/CodeSystem/ConditionInheritanceMode</td><td>Autosomal dominant inheritance</td></tr><tr><td style=\"white-space:nowrap\"><a name=\"https---nih-ncpi.github.io-ncpi-fhir-ig-CodeSystem-ConditionInheritanceMode-HP-0000007\"> </a>\u00a0\u00a0<a href=\"CodeSystem-ConditionInheritanceMode.html#ConditionInheritanceMode-HP.580000007\">HP:0000007</a></td><td>https://nih-ncpi.github.io/ncpi-fhir-ig/CodeSystem/ConditionInheritanceMode</td><td>Autosomal recessive inheritance</td></tr><tr><td style=\"white-space:nowrap\"><a name=\"https---nih-ncpi.github.io-ncpi-fhir-ig-CodeSystem-ConditionInheritanceMode-HP-0001417\"> </a>\u00a0\u00a0<a href=\"CodeSystem-ConditionInheritanceMode.html#ConditionInheritanceMode-HP.580001417\">HP:0001417</a></td><td>https://nih-ncpi.github.io/ncpi-fhir-ig/CodeSystem/ConditionInheritanceMode</td><td>X-linked inheritance</td></tr><tr><td style=\"white-space:nowrap\"><a name=\"https---nih-ncpi.github.io-ncpi-fhir-ig-CodeSystem-ConditionInheritanceMode-HP-0001419\"> </a>\u00a0\u00a0<a href=\"CodeSystem-ConditionInheritanceMode.html#ConditionInheritanceMode-HP.580001419\">HP:0001419</a></td><td>https://nih-ncpi.github.io/ncpi-fhir-ig/CodeSystem/ConditionInheritanceMode</td><td>X-linked inheritance (recessive)</td></tr><tr><td style=\"white-space:nowrap\"><a name=\"https---nih-ncpi.github.io-ncpi-fhir-ig-CodeSystem-ConditionInheritanceMode-HP-0001423\"> </a>\u00a0\u00a0<a href=\"CodeSystem-ConditionInheritanceMode.html#ConditionInheritanceMode-HP.580001423\">HP:0001423</a></td><td>https://nih-ncpi.github.io/ncpi-fhir-ig/CodeSystem/ConditionInheritanceMode</td><td>X-linked inheritance (dominant)</td></tr><tr><td style=\"white-space:nowrap\"><a name=\"https---nih-ncpi.github.io-ncpi-fhir-ig-CodeSystem-ConditionInheritanceMode-HP-0001426\"> </a>\u00a0\u00a0<a href=\"CodeSystem-ConditionInheritanceMode.html#ConditionInheritanceMode-HP.580001426\">HP:0001426</a></td><td>https://nih-ncpi.github.io/ncpi-fhir-ig/CodeSystem/ConditionInheritanceMode</td><td>Multifactorial inheritance</td></tr><tr><td style=\"white-space:nowrap\"><a name=\"https---nih-ncpi.github.io-ncpi-fhir-ig-CodeSystem-ConditionInheritanceMode-HP-0001427\"> </a>\u00a0\u00a0<a href=\"CodeSystem-ConditionInheritanceMode.html#ConditionInheritanceMode-HP.580001427\">HP:0001427</a></td><td>https://nih-ncpi.github.io/ncpi-fhir-ig/CodeSystem/ConditionInheritanceMode</td><td>Mitochondrial inheritance</td></tr><tr><td style=\"white-space:nowrap\"><a name=\"https---nih-ncpi.github.io-ncpi-fhir-ig-CodeSystem-ConditionInheritanceMode-HP-0001428\"> </a>\u00a0\u00a0<a href=\"CodeSystem-ConditionInheritanceMode.html#ConditionInheritanceMode-HP.580001428\">HP:0001428</a></td><td>https://nih-ncpi.github.io/ncpi-fhir-ig/CodeSystem/ConditionInheritanceMode</td><td>Somatic mutation</td></tr><tr><td style=\"white-space:nowrap\"><a name=\"https---nih-ncpi.github.io-ncpi-fhir-ig-CodeSystem-ConditionInheritanceMode-HP-0001450\"> </a>\u00a0\u00a0<a href=\"CodeSystem-ConditionInheritanceMode.html#ConditionInheritanceMode-HP.580001450\">HP:0001450</a></td><td>https://nih-ncpi.github.io/ncpi-fhir-ig/CodeSystem/ConditionInheritanceMode</td><td>Y-linked inheritance</td></tr><tr><td style=\"white-space:nowrap\"><a name=\"https---nih-ncpi.github.io-ncpi-fhir-ig-CodeSystem-ConditionInheritanceMode-HP-0001470\"> </a>\u00a0\u00a0<a href=\"CodeSystem-ConditionInheritanceMode.html#ConditionInheritanceMode-HP.580001470\">HP:0001470</a></td><td>https://nih-ncpi.github.io/ncpi-fhir-ig/CodeSystem/ConditionInheritanceMode</td><td>Autosomal dominant inheritance (sex-limited)</td></tr><tr><td style=\"white-space:nowrap\"><a name=\"https---nih-ncpi.github.io-ncpi-fhir-ig-CodeSystem-ConditionInheritanceMode-HP-0003743\"> </a>\u00a0\u00a0<a href=\"CodeSystem-ConditionInheritanceMode.html#ConditionInheritanceMode-HP.580003743\">HP:0003743</a></td><td>https://nih-ncpi.github.io/ncpi-fhir-ig/CodeSystem/ConditionInheritanceMode</td><td>Genetic anticipation</td></tr><tr><td style=\"white-space:nowrap\"><a name=\"https---nih-ncpi.github.io-ncpi-fhir-ig-CodeSystem-ConditionInheritanceMode-HP-0003745\"> </a>\u00a0\u00a0<a href=\"CodeSystem-ConditionInheritanceMode.html#ConditionInheritanceMode-HP.580003745\">HP:0003745</a></td><td>https://nih-ncpi.github.io/ncpi-fhir-ig/CodeSystem/ConditionInheritanceMode</td><td>Sporadic</td></tr><tr><td style=\"white-space:nowrap\"><a name=\"https---nih-ncpi.github.io-ncpi-fhir-ig-CodeSystem-ConditionInheritanceMode-HP-0010983\"> </a>\u00a0\u00a0<a href=\"CodeSystem-ConditionInheritanceMode.html#ConditionInheritanceMode-HP.580010983\">HP:0010983</a></td><td>https://nih-ncpi.github.io/ncpi-fhir-ig/CodeSystem/ConditionInheritanceMode</td><td>Oligogenic</td></tr><tr><td style=\"white-space:nowrap\"><a name=\"https---nih-ncpi.github.io-ncpi-fhir-ig-CodeSystem-ConditionInheritanceMode-HP-0012274\"> </a>\u00a0\u00a0<a href=\"CodeSystem-ConditionInheritanceMode.html#ConditionInheritanceMode-HP.580012274\">HP:0012274</a></td><td>https://nih-ncpi.github.io/ncpi-fhir-ig/CodeSystem/ConditionInheritanceMode</td><td>Autosomal dominant inheritance (with paternal imprinting)</td></tr><tr><td style=\"white-space:nowrap\"><a name=\"https---nih-ncpi.github.io-ncpi-fhir-ig-CodeSystem-ConditionInheritanceMode-HP-0012275\"> </a>\u00a0\u00a0<a href=\"CodeSystem-ConditionInheritanceMode.html#ConditionInheritanceMode-HP.580012275\">HP:0012275</a></td><td>https://nih-ncpi.github.io/ncpi-fhir-ig/CodeSystem/ConditionInheritanceMode</td><td>Autosomal dominant inheritance (with maternal imprinting)</td></tr><tr><td style=\"white-space:nowrap\"><a name=\"https---nih-ncpi.github.io-ncpi-fhir-ig-CodeSystem-ConditionInheritanceMode-HP-0025352\"> </a>\u00a0\u00a0<a href=\"CodeSystem-ConditionInheritanceMode.html#ConditionInheritanceMode-HP.580025352\">HP:0025352</a></td><td>https://nih-ncpi.github.io/ncpi-fhir-ig/CodeSystem/ConditionInheritanceMode</td><td>Autosomal dominant inheritance (primarily or exclusively de novo)</td></tr><tr><td style=\"white-space:nowrap\"><a name=\"https---nih-ncpi.github.io-ncpi-fhir-ig-CodeSystem-ConditionInheritanceMode-HP-0031362\"> </a>\u00a0\u00a0<a href=\"CodeSystem-ConditionInheritanceMode.html#ConditionInheritanceMode-HP.580031362\">HP:0031362</a></td><td>https://nih-ncpi.github.io/ncpi-fhir-ig/CodeSystem/ConditionInheritanceMode</td><td>Autosomal recessive inheritance (sex-limited)</td></tr><tr><td style=\"white-space:nowrap\"><a name=\"https---nih-ncpi.github.io-ncpi-fhir-ig-CodeSystem-ConditionInheritanceMode-SEPIO-CG-97020\"> </a>\u00a0\u00a0<a href=\"CodeSystem-ConditionInheritanceMode.html#ConditionInheritanceMode-SEPIO-CG.5897020\">SEPIO-CG:97020</a></td><td>https://nih-ncpi.github.io/ncpi-fhir-ig/CodeSystem/ConditionInheritanceMode</td><td>Semidominant inheritance</td></tr><tr><td style=\"white-space:nowrap\"><a name=\"https---nih-ncpi.github.io-ncpi-fhir-ig-CodeSystem-ConditionInheritanceMode-SEPIO-CG-97021\"> </a>\u00a0\u00a0<a href=\"CodeSystem-ConditionInheritanceMode.html#ConditionInheritanceMode-SEPIO-CG.5897021\">SEPIO-CG:97021</a></td><td>https://nih-ncpi.github.io/ncpi-fhir-ig/CodeSystem/ConditionInheritanceMode</td><td>X-linked inheritance (primarily recessive with milder female expression)</td></tr><tr><td style=\"white-space:nowrap\"><a name=\"https---nih-ncpi.github.io-ncpi-fhir-ig-CodeSystem-ConditionInheritanceMode-SEPIO-CG-97022\"> </a>\u00a0\u00a0<a href=\"CodeSystem-ConditionInheritanceMode.html#ConditionInheritanceMode-SEPIO-CG.5897022\">SEPIO-CG:97022</a></td><td>https://nih-ncpi.github.io/ncpi-fhir-ig/CodeSystem/ConditionInheritanceMode</td><td>Autosomal dominant inheritance (with genetic anticipation)</td></tr><tr><td style=\"white-space:nowrap\"><a name=\"https---nih-ncpi.github.io-ncpi-fhir-ig-CodeSystem-ConditionInheritanceMode-SEPIO-CG-97023\"> </a>\u00a0\u00a0<a href=\"CodeSystem-ConditionInheritanceMode.html#ConditionInheritanceMode-SEPIO-CG.5897023\">SEPIO-CG:97023</a></td><td>https://nih-ncpi.github.io/ncpi-fhir-ig/CodeSystem/ConditionInheritanceMode</td><td>Autosomal recessive inheritance (with genetic anticipation)</td></tr></table></div>"
      },
      "url" : "https://nih-ncpi.github.io/ncpi-fhir-ig/ValueSet/condition-inheritance-vs",
      "version" : "0.2.0",
      "name" : "ConditionInheritanceModeVS",
      "title" : "Condition Inheritance Pattern",
      "status" : "active",
      "date" : "2023-09-15T20:59:49+00:00",
      "jurisdiction" : [{
        "coding" : [{
          "system" : "http://unstats.un.org/unsd/methods/m49/m49.htm",
          "code" : "001"
        }]
      }],
      "expansion" : {
        "identifier" : "urn:uuid:dd3a1f5c-9e6a-413a-a733-de661ac314ee",
        "timestamp" : "2023-09-15T21:00:52+00:00",
        "total" : 25,
        "parameter" : [{
          "name" : "excludeNested",
          "valueBoolean" : false
        },
        {
          "name" : "used-codesystem",
          "valueUri" : "https://nih-ncpi.github.io/ncpi-fhir-ig/CodeSystem/ConditionInheritanceMode|0.2.0"
        }],
        "contains" : [{
          "system" : "https://nih-ncpi.github.io/ncpi-fhir-ig/CodeSystem/ConditionInheritanceMode",
          "code" : "GENO:0000143",
          "display" : "Codominant inheritance"
        },
        {
          "system" : "https://nih-ncpi.github.io/ncpi-fhir-ig/CodeSystem/ConditionInheritanceMode",
          "code" : "GENO:0000889",
          "display" : "Unknown inheritance"
        },
        {
          "system" : "https://nih-ncpi.github.io/ncpi-fhir-ig/CodeSystem/ConditionInheritanceMode",
          "code" : "GENO:0000892",
          "display" : "Mitochondrial inheritance (primarily or exclusively heteroplasmic)"
        },
        {
          "system" : "https://nih-ncpi.github.io/ncpi-fhir-ig/CodeSystem/ConditionInheritanceMode",
          "code" : "GENO:0000893",
          "display" : "Mitochondrial inheritance (primarily or exclusively homoplasmic)"
        },
        {
          "system" : "https://nih-ncpi.github.io/ncpi-fhir-ig/CodeSystem/ConditionInheritanceMode",
          "code" : "HP:0000006",
          "display" : "Autosomal dominant inheritance"
        },
        {
          "system" : "https://nih-ncpi.github.io/ncpi-fhir-ig/CodeSystem/ConditionInheritanceMode",
          "code" : "HP:0000007",
          "display" : "Autosomal recessive inheritance"
        },
        {
          "system" : "https://nih-ncpi.github.io/ncpi-fhir-ig/CodeSystem/ConditionInheritanceMode",
          "code" : "HP:0001417",
          "display" : "X-linked inheritance"
        },
        {
          "system" : "https://nih-ncpi.github.io/ncpi-fhir-ig/CodeSystem/ConditionInheritanceMode",
          "code" : "HP:0001419",
          "display" : "X-linked inheritance (recessive)"
        },
        {
          "system" : "https://nih-ncpi.github.io/ncpi-fhir-ig/CodeSystem/ConditionInheritanceMode",
          "code" : "HP:0001423",
          "display" : "X-linked inheritance (dominant)"
        },
        {
          "system" : "https://nih-ncpi.github.io/ncpi-fhir-ig/CodeSystem/ConditionInheritanceMode",
          "code" : "HP:0001426",
          "display" : "Multifactorial inheritance"
        },
        {
          "system" : "https://nih-ncpi.github.io/ncpi-fhir-ig/CodeSystem/ConditionInheritanceMode",
          "code" : "HP:0001427",
          "display" : "Mitochondrial inheritance"
        },
        {
          "system" : "https://nih-ncpi.github.io/ncpi-fhir-ig/CodeSystem/ConditionInheritanceMode",
          "code" : "HP:0001428",
          "display" : "Somatic mutation"
        },
        {
          "system" : "https://nih-ncpi.github.io/ncpi-fhir-ig/CodeSystem/ConditionInheritanceMode",
          "code" : "HP:0001450",
          "display" : "Y-linked inheritance"
        },
        {
          "system" : "https://nih-ncpi.github.io/ncpi-fhir-ig/CodeSystem/ConditionInheritanceMode",
          "code" : "HP:0001470",
          "display" : "Autosomal dominant inheritance (sex-limited)"
        },
        {
          "system" : "https://nih-ncpi.github.io/ncpi-fhir-ig/CodeSystem/ConditionInheritanceMode",
          "code" : "HP:0003743",
          "display" : "Genetic anticipation"
        },
        {
          "system" : "https://nih-ncpi.github.io/ncpi-fhir-ig/CodeSystem/ConditionInheritanceMode",
          "code" : "HP:0003745",
          "display" : "Sporadic"
        },
        {
          "system" : "https://nih-ncpi.github.io/ncpi-fhir-ig/CodeSystem/ConditionInheritanceMode",
          "code" : "HP:0010983",
          "display" : "Oligogenic"
        },
        {
          "system" : "https://nih-ncpi.github.io/ncpi-fhir-ig/CodeSystem/ConditionInheritanceMode",
          "code" : "HP:0012274",
          "display" : "Autosomal dominant inheritance (with paternal imprinting)"
        },
        {
          "system" : "https://nih-ncpi.github.io/ncpi-fhir-ig/CodeSystem/ConditionInheritanceMode",
          "code" : "HP:0012275",
          "display" : "Autosomal dominant inheritance (with maternal imprinting)"
        },
        {
          "system" : "https://nih-ncpi.github.io/ncpi-fhir-ig/CodeSystem/ConditionInheritanceMode",
          "code" : "HP:0025352",
          "display" : "Autosomal dominant inheritance (primarily or exclusively de novo)"
        },
        {
          "system" : "https://nih-ncpi.github.io/ncpi-fhir-ig/CodeSystem/ConditionInheritanceMode",
          "code" : "HP:0031362",
          "display" : "Autosomal recessive inheritance (sex-limited)"
        },
        {
          "system" : "https://nih-ncpi.github.io/ncpi-fhir-ig/CodeSystem/ConditionInheritanceMode",
          "code" : "SEPIO-CG:97020",
          "display" : "Semidominant inheritance"
        },
        {
          "system" : "https://nih-ncpi.github.io/ncpi-fhir-ig/CodeSystem/ConditionInheritanceMode",
          "code" : "SEPIO-CG:97021",
          "display" : "X-linked inheritance (primarily recessive with milder female expression)"
        },
        {
          "system" : "https://nih-ncpi.github.io/ncpi-fhir-ig/CodeSystem/ConditionInheritanceMode",
          "code" : "SEPIO-CG:97022",
          "display" : "Autosomal dominant inheritance (with genetic anticipation)"
        },
        {
          "system" : "https://nih-ncpi.github.io/ncpi-fhir-ig/CodeSystem/ConditionInheritanceMode",
          "code" : "SEPIO-CG:97023",
          "display" : "Autosomal recessive inheritance (with genetic anticipation)"
        }]
      }
    }
  },
  {
    "fullUrl" : "https://nih-ncpi.github.io/ncpi-fhir-ig/ValueSet/ncpi-vs",
    "resource" : {
      "resourceType" : "ValueSet",
      "text" : {
        "status" : "generated",
        "div" : "<div xmlns=\"http://www.w3.org/1999/xhtml\"><p>This value set contains 21 concepts</p><div style=\"border: black 1px dotted; background-color: #EEEEEE; padding: 8px; margin-bottom: 8px\"><p>Expansion based on code system fragments: </p><ul><li><a href=\"CodeSystem-ncpi-data-types.html\">https://nih-ncpi.github.io/ncpi-fhir-ig/CodeSystem/ncpi-data-types Data Types for NCPI Research v0.2.0 (CodeSystem)</a></li><li><a href=\"CodeSystem-ncpi.html\">https://nih-ncpi.github.io/ncpi-fhir-ig/CodeSystem/ncpi NCPI FHIR Codes v0.2.0 (CodeSystem)</a></li></ul></div><div style=\"border: black 1px dotted; background-color: #EEEEEE; padding: 8px; margin-bottom: 8px\"><p>Expansion based on: </p><ul><li><a href=\"CodeSystem-ncpi.html\">codesystem NCPI FHIR Codes v0.2.0 (CodeSystem)</a></li><li><a href=\"CodeSystem-ncpi-data-types.html\">codesystem Data Types for NCPI Research v0.2.0 (CodeSystem)</a></li></ul></div><table class=\"codes\"><tr><td style=\"white-space:nowrap\"><b>Code</b></td><td><b>System</b></td><td><b>Display</b></td></tr><tr><td style=\"white-space:nowrap\"><a name=\"https---nih-ncpi.github.io-ncpi-fhir-ig-CodeSystem-ncpi-Consortium\"> </a>\u00a0\u00a0<a href=\"CodeSystem-ncpi.html#ncpi-Consortium\">Consortium</a></td><td>https://nih-ncpi.github.io/ncpi-fhir-ig/CodeSystem/ncpi</td><td>Study Consortium</td></tr><tr><td style=\"white-space:nowrap\"><a name=\"https---nih-ncpi.github.io-ncpi-fhir-ig-CodeSystem-ncpi-StudyCohort\"> </a>\u00a0\u00a0<a href=\"CodeSystem-ncpi.html#ncpi-StudyCohort\">StudyCohort</a></td><td>https://nih-ncpi.github.io/ncpi-fhir-ig/CodeSystem/ncpi</td><td>Study Cohort</td></tr><tr><td style=\"white-space:nowrap\"><a name=\"https---nih-ncpi.github.io-ncpi-fhir-ig-CodeSystem-ncpi-ConsentGroup\"> </a>\u00a0\u00a0<a href=\"CodeSystem-ncpi.html#ncpi-ConsentGroup\">ConsentGroup</a></td><td>https://nih-ncpi.github.io/ncpi-fhir-ig/CodeSystem/ncpi</td><td>Study Consent Group</td></tr><tr><td style=\"white-space:nowrap\"><a name=\"https---nih-ncpi.github.io-ncpi-fhir-ig-CodeSystem-ncpi-Summary\"> </a>\u00a0\u00a0<a href=\"CodeSystem-ncpi.html#ncpi-Summary\">Summary</a></td><td>https://nih-ncpi.github.io/ncpi-fhir-ig/CodeSystem/ncpi</td><td>Summary Data</td></tr><tr><td style=\"white-space:nowrap\"><a name=\"https---nih-ncpi.github.io-ncpi-fhir-ig-CodeSystem-ncpi-CohortCount\"> </a>\u00a0\u00a0<a href=\"CodeSystem-ncpi.html#ncpi-CohortCount\">CohortCount</a></td><td>https://nih-ncpi.github.io/ncpi-fhir-ig/CodeSystem/ncpi</td><td>Number of cohorts that are part of this study</td></tr><tr><td style=\"white-space:nowrap\"><a name=\"https---nih-ncpi.github.io-ncpi-fhir-ig-CodeSystem-ncpi-SubStudyCount\"> </a>\u00a0\u00a0<a href=\"CodeSystem-ncpi.html#ncpi-SubStudyCount\">SubStudyCount</a></td><td>https://nih-ncpi.github.io/ncpi-fhir-ig/CodeSystem/ncpi</td><td>Number of sub-studies that are part of this study</td></tr><tr><td style=\"white-space:nowrap\"><a name=\"https---nih-ncpi.github.io-ncpi-fhir-ig-CodeSystem-ncpi-SampleCount\"> </a>\u00a0\u00a0<a href=\"CodeSystem-ncpi.html#ncpi-SampleCount\">SampleCount</a></td><td>https://nih-ncpi.github.io/ncpi-fhir-ig/CodeSystem/ncpi</td><td>Number of samples that are part of this study</td></tr><tr><td style=\"white-space:nowrap\"><a name=\"https---nih-ncpi.github.io-ncpi-fhir-ig-CodeSystem-ncpi-Participant\"> </a>\u00a0\u00a0<a href=\"CodeSystem-ncpi.html#ncpi-Participant\">Participant</a></td><td>https://nih-ncpi.github.io/ncpi-fhir-ig/CodeSystem/ncpi</td><td>Number of participants that are part of this study</td></tr><tr><td style=\"white-space:nowrap\"><a name=\"https---nih-ncpi.github.io-ncpi-fhir-ig-CodeSystem-ncpi-VariableCount\"> </a>\u00a0\u00a0<a href=\"CodeSystem-ncpi.html#ncpi-VariableCount\">VariableCount</a></td><td>https://nih-ncpi.github.io/ncpi-fhir-ig/CodeSystem/ncpi</td><td>Number of variables that are part of this study</td></tr><tr><td style=\"white-space:nowrap\"><a name=\"https---nih-ncpi.github.io-ncpi-fhir-ig-CodeSystem-ncpi-AnalysesCount\"> </a>\u00a0\u00a0<a href=\"CodeSystem-ncpi.html#ncpi-AnalysesCount\">AnalysesCount</a></td><td>https://nih-ncpi.github.io/ncpi-fhir-ig/CodeSystem/ncpi</td><td>Number of analyses that are part of this study</td></tr><tr><td style=\"white-space:nowrap\"><a name=\"https---nih-ncpi.github.io-ncpi-fhir-ig-CodeSystem-ncpi-MolecularDatasetCount\"> </a>\u00a0\u00a0<a href=\"CodeSystem-ncpi.html#ncpi-MolecularDatasetCount\">MolecularDatasetCount</a></td><td>https://nih-ncpi.github.io/ncpi-fhir-ig/CodeSystem/ncpi</td><td>Number of molecular datasets that are part of this study</td></tr><tr><td style=\"white-space:nowrap\"><a name=\"https---nih-ncpi.github.io-ncpi-fhir-ig-CodeSystem-ncpi-PhenotypeDatasetCount\"> </a>\u00a0\u00a0<a href=\"CodeSystem-ncpi.html#ncpi-PhenotypeDatasetCount\">PhenotypeDatasetCount</a></td><td>https://nih-ncpi.github.io/ncpi-fhir-ig/CodeSystem/ncpi</td><td>Number of phenotype datasets that are part of this study</td></tr><tr><td style=\"white-space:nowrap\"><a name=\"https---nih-ncpi.github.io-ncpi-fhir-ig-CodeSystem-ncpi-StorageSize\"> </a>\u00a0\u00a0<a href=\"CodeSystem-ncpi.html#ncpi-StorageSize\">StorageSize</a></td><td>https://nih-ncpi.github.io/ncpi-fhir-ig/CodeSystem/ncpi</td><td>Size on Disk</td></tr><tr><td style=\"white-space:nowrap\"><a name=\"https---nih-ncpi.github.io-ncpi-fhir-ig-CodeSystem-ncpi-ConsentCodes\"> </a>\u00a0\u00a0<a href=\"CodeSystem-ncpi.html#ncpi-ConsentCodes\">ConsentCodes</a></td><td>https://nih-ncpi.github.io/ncpi-fhir-ig/CodeSystem/ncpi</td><td>Consent Codes</td></tr><tr><td style=\"white-space:nowrap\"><a name=\"https---nih-ncpi.github.io-ncpi-fhir-ig-CodeSystem-ncpi-TerraWorkspace\"> </a>\u00a0\u00a0<a href=\"CodeSystem-ncpi.html#ncpi-TerraWorkspace\">TerraWorkspace</a></td><td>https://nih-ncpi.github.io/ncpi-fhir-ig/CodeSystem/ncpi</td><td>Terra Workspace Name</td></tr><tr><td style=\"white-space:nowrap\"><a name=\"https---nih-ncpi.github.io-ncpi-fhir-ig-CodeSystem-ncpi-PrimaryDisease\"> </a>\u00a0\u00a0<a href=\"CodeSystem-ncpi.html#ncpi-PrimaryDisease\">PrimaryDisease</a></td><td>https://nih-ncpi.github.io/ncpi-fhir-ig/CodeSystem/ncpi</td><td>Primary Disease</td></tr><tr><td style=\"white-space:nowrap\"><a name=\"https---nih-ncpi.github.io-ncpi-fhir-ig-CodeSystem-ncpi-AccessType\"> </a>\u00a0\u00a0<a href=\"CodeSystem-ncpi.html#ncpi-AccessType\">AccessType</a></td><td>https://nih-ncpi.github.io/ncpi-fhir-ig/CodeSystem/ncpi</td><td>Access Type</td></tr><tr><td style=\"white-space:nowrap\"><a name=\"https---nih-ncpi.github.io-ncpi-fhir-ig-CodeSystem-ncpi-StudyDesign\"> </a>\u00a0\u00a0<a href=\"CodeSystem-ncpi.html#ncpi-StudyDesign\">StudyDesign</a></td><td>https://nih-ncpi.github.io/ncpi-fhir-ig/CodeSystem/ncpi</td><td>Study Design</td></tr><tr><td style=\"white-space:nowrap\"><a name=\"https---nih-ncpi.github.io-ncpi-fhir-ig-CodeSystem-ncpi-data-types-Exome\"> </a>\u00a0\u00a0<a href=\"CodeSystem-ncpi-data-types.html#ncpi-data-types-Exome\">Exome</a></td><td>https://nih-ncpi.github.io/ncpi-fhir-ig/CodeSystem/ncpi-data-types</td><td>Exome Sequence Data</td></tr><tr><td style=\"white-space:nowrap\"><a name=\"https---nih-ncpi.github.io-ncpi-fhir-ig-CodeSystem-ncpi-data-types-WholeGenome\"> </a>\u00a0\u00a0<a href=\"CodeSystem-ncpi-data-types.html#ncpi-data-types-WholeGenome\">WholeGenome</a></td><td>https://nih-ncpi.github.io/ncpi-fhir-ig/CodeSystem/ncpi-data-types</td><td>Whole Genome Sequence Data</td></tr><tr><td style=\"white-space:nowrap\"><a name=\"https---nih-ncpi.github.io-ncpi-fhir-ig-CodeSystem-ncpi-data-types-GWAS\"> </a>\u00a0\u00a0<a href=\"CodeSystem-ncpi-data-types.html#ncpi-data-types-GWAS\">GWAS</a></td><td>https://nih-ncpi.github.io/ncpi-fhir-ig/CodeSystem/ncpi-data-types</td><td>Genome-Wide Association Studies</td></tr></table></div>"
      },
      "url" : "https://nih-ncpi.github.io/ncpi-fhir-ig/ValueSet/ncpi-vs",
      "version" : "0.2.0",
      "name" : "Ncpi_VS",
      "title" : "NCPI FHIR Codes",
      "status" : "draft",
      "date" : "2023-09-15T20:59:49+00:00",
      "expansion" : {
        "identifier" : "urn:uuid:20065f0d-0a56-43f3-9afd-eb5a0724b9ee",
        "timestamp" : "2023-09-15T21:00:55+00:00",
        "total" : 21,
        "parameter" : [{
          "name" : "excludeNested",
          "valueBoolean" : false
        },
        {
          "name" : "used-codesystem",
          "valueUri" : "https://nih-ncpi.github.io/ncpi-fhir-ig/CodeSystem/ncpi|0.2.0"
        },
        {
          "name" : "fragment",
          "valueCanonical" : "https://nih-ncpi.github.io/ncpi-fhir-ig/CodeSystem/ncpi|0.2.0"
        },
        {
          "name" : "used-codesystem",
          "valueUri" : "https://nih-ncpi.github.io/ncpi-fhir-ig/CodeSystem/ncpi-data-types|0.2.0"
        },
        {
          "name" : "fragment",
          "valueCanonical" : "https://nih-ncpi.github.io/ncpi-fhir-ig/CodeSystem/ncpi-data-types|0.2.0"
        }],
        "contains" : [{
          "system" : "https://nih-ncpi.github.io/ncpi-fhir-ig/CodeSystem/ncpi",
          "code" : "Consortium",
          "display" : "Study Consortium"
        },
        {
          "system" : "https://nih-ncpi.github.io/ncpi-fhir-ig/CodeSystem/ncpi",
          "code" : "StudyCohort",
          "display" : "Study Cohort"
        },
        {
          "system" : "https://nih-ncpi.github.io/ncpi-fhir-ig/CodeSystem/ncpi",
          "code" : "ConsentGroup",
          "display" : "Study Consent Group"
        },
        {
          "system" : "https://nih-ncpi.github.io/ncpi-fhir-ig/CodeSystem/ncpi",
          "code" : "Summary",
          "display" : "Summary Data"
        },
        {
          "system" : "https://nih-ncpi.github.io/ncpi-fhir-ig/CodeSystem/ncpi",
          "code" : "CohortCount",
          "display" : "Number of cohorts that are part of this study"
        },
        {
          "system" : "https://nih-ncpi.github.io/ncpi-fhir-ig/CodeSystem/ncpi",
          "code" : "SubStudyCount",
          "display" : "Number of sub-studies that are part of this study"
        },
        {
          "system" : "https://nih-ncpi.github.io/ncpi-fhir-ig/CodeSystem/ncpi",
          "code" : "SampleCount",
          "display" : "Number of samples that are part of this study"
        },
        {
          "system" : "https://nih-ncpi.github.io/ncpi-fhir-ig/CodeSystem/ncpi",
          "code" : "Participant",
          "display" : "Number of participants that are part of this study"
        },
        {
          "system" : "https://nih-ncpi.github.io/ncpi-fhir-ig/CodeSystem/ncpi",
          "code" : "VariableCount",
          "display" : "Number of variables that are part of this study"
        },
        {
          "system" : "https://nih-ncpi.github.io/ncpi-fhir-ig/CodeSystem/ncpi",
          "code" : "AnalysesCount",
          "display" : "Number of analyses that are part of this study"
        },
        {
          "system" : "https://nih-ncpi.github.io/ncpi-fhir-ig/CodeSystem/ncpi",
          "code" : "MolecularDatasetCount",
          "display" : "Number of molecular datasets that are part of this study"
        },
        {
          "system" : "https://nih-ncpi.github.io/ncpi-fhir-ig/CodeSystem/ncpi",
          "code" : "PhenotypeDatasetCount",
          "display" : "Number of phenotype datasets that are part of this study"
        },
        {
          "system" : "https://nih-ncpi.github.io/ncpi-fhir-ig/CodeSystem/ncpi",
          "code" : "StorageSize",
          "display" : "Size on Disk"
        },
        {
          "system" : "https://nih-ncpi.github.io/ncpi-fhir-ig/CodeSystem/ncpi",
          "code" : "ConsentCodes",
          "display" : "Consent Codes"
        },
        {
          "system" : "https://nih-ncpi.github.io/ncpi-fhir-ig/CodeSystem/ncpi",
          "code" : "TerraWorkspace",
          "display" : "Terra Workspace Name"
        },
        {
          "system" : "https://nih-ncpi.github.io/ncpi-fhir-ig/CodeSystem/ncpi",
          "code" : "PrimaryDisease",
          "display" : "Primary Disease"
        },
        {
          "system" : "https://nih-ncpi.github.io/ncpi-fhir-ig/CodeSystem/ncpi",
          "code" : "AccessType",
          "display" : "Access Type"
        },
        {
          "system" : "https://nih-ncpi.github.io/ncpi-fhir-ig/CodeSystem/ncpi",
          "code" : "StudyDesign",
          "display" : "Study Design"
        },
        {
          "system" : "https://nih-ncpi.github.io/ncpi-fhir-ig/CodeSystem/ncpi-data-types",
          "code" : "Exome",
          "display" : "Exome Sequence Data"
        },
        {
          "system" : "https://nih-ncpi.github.io/ncpi-fhir-ig/CodeSystem/ncpi-data-types",
          "code" : "WholeGenome",
          "display" : "Whole Genome Sequence Data"
        },
        {
          "system" : "https://nih-ncpi.github.io/ncpi-fhir-ig/CodeSystem/ncpi-data-types",
          "code" : "GWAS",
          "display" : "Genome-Wide Association Studies"
        }]
      }
    }
  },
  {
    "fullUrl" : "http://hl7.org/fhir/uv/genomics-reporting/ValueSet/tbd-codes",
    "resource" : {
      "resourceType" : "ValueSet",
      "meta" : {
        "profile" : ["http://hl7.org/fhir/StructureDefinition/shareablevalueset"]
      },
      "text" : {
        "status" : "generated",
        "div" : "<div xmlns=\"http://www.w3.org/1999/xhtml\"><p>This value set contains 18 concepts</p><p style=\"border: black 1px dotted; background-color: #EEEEEE; padding: 8px; margin-bottom: 8px\">Expansion based on <a href=\"CodeSystem-tbd-codes.html\">codesystem ToBeDeterminedCodes ('TbdCodes') v0.2.0 (CodeSystem)</a></p><table class=\"codes\"><tr><td style=\"white-space:nowrap\"><b>Code</b></td><td><b>System</b></td><td><b>Display</b></td><td><b>Definition</b></td></tr><tr><td style=\"white-space:nowrap\"><a name=\"http---hl7.org-fhir-uv-genomics-reporting-CodeSystem-tbd-codes-grouper\"> </a>\u00a0\u00a0<a href=\"CodeSystem-tbd-codes.html#tbd-codes-grouper\">grouper</a></td><td>http://hl7.org/fhir/uv/genomics-reporting/CodeSystem/tbd-codes</td><td>grouper</td><td><div><p>A means to bundle several observations such as one would find in a genetics test panel.</p>\n</div></td></tr><tr><td style=\"white-space:nowrap\"><a name=\"http---hl7.org-fhir-uv-genomics-reporting-CodeSystem-tbd-codes-mode-of-inheritance\"> </a>\u00a0\u00a0<a href=\"CodeSystem-tbd-codes.html#tbd-codes-mode-of-inheritance\">mode-of-inheritance</a></td><td>http://hl7.org/fhir/uv/genomics-reporting/CodeSystem/tbd-codes</td><td>mode-of-inheritance</td><td><div><p>This is actually LOINC code 79742-3. And the IG will be updated</p>\n</div></td></tr><tr><td style=\"white-space:nowrap\"><a name=\"http---hl7.org-fhir-uv-genomics-reporting-CodeSystem-tbd-codes-effect-transporter-function\"> </a>\u00a0\u00a0<a href=\"CodeSystem-tbd-codes.html#tbd-codes-effect-transporter-function\">effect-transporter-function</a></td><td>http://hl7.org/fhir/uv/genomics-reporting/CodeSystem/tbd-codes</td><td>effect-transporter-function</td><td><div><p>Predicted phenotype for drug efficacy through transport mechanism. A single marker interpretation value known to increase or decrease the drug's performance.</p>\n</div></td></tr><tr><td style=\"white-space:nowrap\"><a name=\"http---hl7.org-fhir-uv-genomics-reporting-CodeSystem-tbd-codes-effect-medication-efficacy\"> </a>\u00a0\u00a0<a href=\"CodeSystem-tbd-codes.html#tbd-codes-effect-medication-efficacy\">effect-medication-efficacy</a></td><td>http://hl7.org/fhir/uv/genomics-reporting/CodeSystem/tbd-codes</td><td>Medication Efficacy</td><td><div></div></td></tr><tr><td style=\"white-space:nowrap\"><a name=\"http---hl7.org-fhir-uv-genomics-reporting-CodeSystem-tbd-codes-effect-medication-metabolism\"> </a>\u00a0\u00a0<a href=\"CodeSystem-tbd-codes.html#tbd-codes-effect-medication-metabolism\">effect-medication-metabolism</a></td><td>http://hl7.org/fhir/uv/genomics-reporting/CodeSystem/tbd-codes</td><td>Medication Metabolism</td><td><div></div></td></tr><tr><td style=\"white-space:nowrap\"><a name=\"http---hl7.org-fhir-uv-genomics-reporting-CodeSystem-tbd-codes-effect-medication-transporter\"> </a>\u00a0\u00a0<a href=\"CodeSystem-tbd-codes.html#tbd-codes-effect-medication-transporter\">effect-medication-transporter</a></td><td>http://hl7.org/fhir/uv/genomics-reporting/CodeSystem/tbd-codes</td><td>Medication Transporter Function</td><td><div></div></td></tr><tr><td style=\"white-space:nowrap\"><a name=\"http---hl7.org-fhir-uv-genomics-reporting-CodeSystem-tbd-codes-effect-high-risk-allele\"> </a>\u00a0\u00a0<a href=\"CodeSystem-tbd-codes.html#tbd-codes-effect-high-risk-allele\">effect-high-risk-allele</a></td><td>http://hl7.org/fhir/uv/genomics-reporting/CodeSystem/tbd-codes</td><td>High Risk Allele</td><td><div></div></td></tr><tr><td style=\"white-space:nowrap\"><a name=\"http---hl7.org-fhir-uv-genomics-reporting-CodeSystem-tbd-codes-prognostic-implication\"> </a>\u00a0\u00a0<a href=\"CodeSystem-tbd-codes.html#tbd-codes-prognostic-implication\">prognostic-implication</a></td><td>http://hl7.org/fhir/uv/genomics-reporting/CodeSystem/tbd-codes</td><td>Prognostic Implication component</td><td><div><p>Finding of whether a particular somatic genotype/haplotype/variation or combination-thereof predicts a particular outcome for the specified cancer - either on its own or in conjunction with one or more interventions.</p>\n</div></td></tr><tr><td style=\"white-space:nowrap\"><a name=\"http---hl7.org-fhir-uv-genomics-reporting-CodeSystem-tbd-codes-associated-cancer\"> </a>\u00a0\u00a0<a href=\"CodeSystem-tbd-codes.html#tbd-codes-associated-cancer\">associated-cancer</a></td><td>http://hl7.org/fhir/uv/genomics-reporting/CodeSystem/tbd-codes</td><td>associated-cancer</td><td><div></div></td></tr><tr><td style=\"white-space:nowrap\"><a name=\"http---hl7.org-fhir-uv-genomics-reporting-CodeSystem-tbd-codes-associated-therapy\"> </a>\u00a0\u00a0<a href=\"CodeSystem-tbd-codes.html#tbd-codes-associated-therapy\">associated-therapy</a></td><td>http://hl7.org/fhir/uv/genomics-reporting/CodeSystem/tbd-codes</td><td>Genomically linked therapy</td><td><div><p>The non-medication therapy (procedure) associated with this implication.</p>\n</div></td></tr><tr><td style=\"white-space:nowrap\"><a name=\"http---hl7.org-fhir-uv-genomics-reporting-CodeSystem-tbd-codes-region-coverage\"> </a>\u00a0\u00a0<a href=\"CodeSystem-tbd-codes.html#tbd-codes-region-coverage\">region-coverage</a></td><td>http://hl7.org/fhir/uv/genomics-reporting/CodeSystem/tbd-codes</td><td>region-coverage</td><td><div><p>Given as a number between 0 and 100. Mean mapped read depth. Obtained by counting total number of mapped reads and divided by the number of bases in the region sequence.</p>\n</div></td></tr><tr><td style=\"white-space:nowrap\"><a name=\"http---hl7.org-fhir-uv-genomics-reporting-CodeSystem-tbd-codes-functional-annotation\"> </a>\u00a0\u00a0<a href=\"CodeSystem-tbd-codes.html#tbd-codes-functional-annotation\">functional-annotation</a></td><td>http://hl7.org/fhir/uv/genomics-reporting/CodeSystem/tbd-codes</td><td>functional-annotation</td><td><div><p>Annotated changes to sequence features caused by this variant. Terms are from the sequence ontology under SO:0001537.</p>\n</div></td></tr><tr><td style=\"white-space:nowrap\"><a name=\"http---hl7.org-fhir-uv-genomics-reporting-CodeSystem-tbd-codes-exact-start-end\"> </a>\u00a0\u00a0<a href=\"CodeSystem-tbd-codes.html#tbd-codes-exact-start-end\">exact-start-end</a></td><td>http://hl7.org/fhir/uv/genomics-reporting/CodeSystem/tbd-codes</td><td>Variant exact start and end</td><td><div><p>The genomic coordinates of the exact genomic range in which the variant resides.</p>\n</div></td></tr><tr><td style=\"white-space:nowrap\"><a name=\"http---hl7.org-fhir-uv-genomics-reporting-CodeSystem-tbd-codes-inner-start-end\"> </a>\u00a0\u00a0<a href=\"CodeSystem-tbd-codes.html#tbd-codes-inner-start-end\">inner-start-end</a></td><td>http://hl7.org/fhir/uv/genomics-reporting/CodeSystem/tbd-codes</td><td>Variant inner start and end</td><td><div><p>The genomic coordinates of the inner genomic range in which the variant might reside.</p>\n</div></td></tr><tr><td style=\"white-space:nowrap\"><a name=\"http---hl7.org-fhir-uv-genomics-reporting-CodeSystem-tbd-codes-outer-start-end\"> </a>\u00a0\u00a0<a href=\"CodeSystem-tbd-codes.html#tbd-codes-outer-start-end\">outer-start-end</a></td><td>http://hl7.org/fhir/uv/genomics-reporting/CodeSystem/tbd-codes</td><td>Variant outer start and end</td><td><div><p>The genomic coordinates of the outer genomic range in which the variant might reside.</p>\n</div></td></tr><tr><td style=\"white-space:nowrap\"><a name=\"http---hl7.org-fhir-uv-genomics-reporting-CodeSystem-tbd-codes-variant-inheritance\"> </a>\u00a0\u00a0<a href=\"CodeSystem-tbd-codes.html#tbd-codes-variant-inheritance\">variant-inheritance</a></td><td>http://hl7.org/fhir/uv/genomics-reporting/CodeSystem/tbd-codes</td><td>Variant inheritance</td><td><div><p>A quality inhering in a variant by virtue of its origin. The terms are in the sequence ontology under SO:0001762.</p>\n</div></td></tr><tr><td style=\"white-space:nowrap\"><a name=\"http---hl7.org-fhir-uv-genomics-reporting-CodeSystem-tbd-codes-diagnostic-implication\"> </a>\u00a0\u00a0<a href=\"CodeSystem-tbd-codes.html#tbd-codes-diagnostic-implication\">diagnostic-implication</a></td><td>http://hl7.org/fhir/uv/genomics-reporting/CodeSystem/tbd-codes</td><td>Diagnostic Implication</td><td><div><p>An observation linking a genomic finding with a knowledge base, providing context that may aid in diagnosing a patient with a particular phenotype or condition.</p>\n</div></td></tr><tr><td style=\"white-space:nowrap\"><a name=\"http---hl7.org-fhir-uv-genomics-reporting-CodeSystem-tbd-codes-therapeutic-implication\"> </a>\u00a0\u00a0<a href=\"CodeSystem-tbd-codes.html#tbd-codes-therapeutic-implication\">therapeutic-implication</a></td><td>http://hl7.org/fhir/uv/genomics-reporting/CodeSystem/tbd-codes</td><td>Therapeutic Implication</td><td><div><p>An observation linking a genomic finding with a knowledge base, providing potential evidence of an interaction with a specified medication or non-medicinal therapy.</p>\n</div></td></tr></table></div>"
      },
      "url" : "http://hl7.org/fhir/uv/genomics-reporting/ValueSet/tbd-codes",
      "version" : "0.2.0",
      "name" : "ToBeDeterminedCodes",
      "title" : "tbd-codes",
      "status" : "active",
      "experimental" : false,
      "date" : "2019-08-21T00:00:00-04:00",
      "expansion" : {
        "identifier" : "urn:uuid:893eaa99-0f96-45b2-afa5-8cd9627983fd",
        "timestamp" : "2023-09-15T21:01:02+00:00",
        "total" : 18,
        "parameter" : [{
          "name" : "excludeNested",
          "valueBoolean" : false
        },
        {
          "name" : "warning-experimental",
          "valueUri" : "http://hl7.org/fhir/uv/genomics-reporting/CodeSystem/tbd-codes|0.2.0"
        },
        {
          "name" : "used-codesystem",
          "valueUri" : "http://hl7.org/fhir/uv/genomics-reporting/CodeSystem/tbd-codes|0.2.0"
        }],
        "contains" : [{
          "system" : "http://hl7.org/fhir/uv/genomics-reporting/CodeSystem/tbd-codes",
          "code" : "grouper",
          "display" : "grouper"
        },
        {
          "system" : "http://hl7.org/fhir/uv/genomics-reporting/CodeSystem/tbd-codes",
          "code" : "mode-of-inheritance",
          "display" : "mode-of-inheritance"
        },
        {
          "system" : "http://hl7.org/fhir/uv/genomics-reporting/CodeSystem/tbd-codes",
          "code" : "effect-transporter-function",
          "display" : "effect-transporter-function"
        },
        {
          "system" : "http://hl7.org/fhir/uv/genomics-reporting/CodeSystem/tbd-codes",
          "code" : "effect-medication-efficacy",
          "display" : "Medication Efficacy"
        },
        {
          "system" : "http://hl7.org/fhir/uv/genomics-reporting/CodeSystem/tbd-codes",
          "code" : "effect-medication-metabolism",
          "display" : "Medication Metabolism"
        },
        {
          "system" : "http://hl7.org/fhir/uv/genomics-reporting/CodeSystem/tbd-codes",
          "code" : "effect-medication-transporter",
          "display" : "Medication Transporter Function"
        },
        {
          "system" : "http://hl7.org/fhir/uv/genomics-reporting/CodeSystem/tbd-codes",
          "code" : "effect-high-risk-allele",
          "display" : "High Risk Allele"
        },
        {
          "system" : "http://hl7.org/fhir/uv/genomics-reporting/CodeSystem/tbd-codes",
          "code" : "prognostic-implication",
          "display" : "Prognostic Implication component"
        },
        {
          "system" : "http://hl7.org/fhir/uv/genomics-reporting/CodeSystem/tbd-codes",
          "code" : "associated-cancer",
          "display" : "associated-cancer"
        },
        {
          "system" : "http://hl7.org/fhir/uv/genomics-reporting/CodeSystem/tbd-codes",
          "code" : "associated-therapy",
          "display" : "Genomically linked therapy"
        },
        {
          "system" : "http://hl7.org/fhir/uv/genomics-reporting/CodeSystem/tbd-codes",
          "code" : "region-coverage",
          "display" : "region-coverage"
        },
        {
          "system" : "http://hl7.org/fhir/uv/genomics-reporting/CodeSystem/tbd-codes",
          "code" : "functional-annotation",
          "display" : "functional-annotation"
        },
        {
          "system" : "http://hl7.org/fhir/uv/genomics-reporting/CodeSystem/tbd-codes",
          "code" : "exact-start-end",
          "display" : "Variant exact start and end"
        },
        {
          "system" : "http://hl7.org/fhir/uv/genomics-reporting/CodeSystem/tbd-codes",
          "code" : "inner-start-end",
          "display" : "Variant inner start and end"
        },
        {
          "system" : "http://hl7.org/fhir/uv/genomics-reporting/CodeSystem/tbd-codes",
          "code" : "outer-start-end",
          "display" : "Variant outer start and end"
        },
        {
          "system" : "http://hl7.org/fhir/uv/genomics-reporting/CodeSystem/tbd-codes",
          "code" : "variant-inheritance",
          "display" : "Variant inheritance"
        },
        {
          "system" : "http://hl7.org/fhir/uv/genomics-reporting/CodeSystem/tbd-codes",
          "code" : "diagnostic-implication",
          "display" : "Diagnostic Implication"
        },
        {
          "system" : "http://hl7.org/fhir/uv/genomics-reporting/CodeSystem/tbd-codes",
          "code" : "therapeutic-implication",
          "display" : "Therapeutic Implication"
        }]
      }
    }
  },
  {
    "fullUrl" : "https://nih-ncpi.github.io/ncpi-fhir-ig/ValueSet/loinc-answers",
    "resource" : {
      "resourceType" : "ValueSet",
      "text" : {
        "status" : "generated",
        "div" : "<div xmlns=\"http://www.w3.org/1999/xhtml\"><p>This value set contains 24 concepts</p><p style=\"border: black 1px dotted; background-color: #EEEEEE; padding: 8px; margin-bottom: 8px\">Expansion based on <a href=\"CodeSystem-loinc-answers.html\">codesystem LOINC Answers v0.2.0 (CodeSystem)</a></p><table class=\"codes\"><tr><td style=\"white-space:nowrap\"><b>Code</b></td><td><b>System</b></td><td><b>Display</b></td></tr><tr><td style=\"white-space:nowrap\"><a name=\"ncpi-loinc-answers-LA21254-0\"> </a>\u00a0\u00a0<a href=\"CodeSystem-loinc-answers.html#loinc-answers-LA21254-0\">LA21254-0</a></td><td>ncpi:loinc-answers</td><td>Chromosome 1</td></tr><tr><td style=\"white-space:nowrap\"><a name=\"ncpi-loinc-answers-LA21255-7\"> </a>\u00a0\u00a0<a href=\"CodeSystem-loinc-answers.html#loinc-answers-LA21255-7\">LA21255-7</a></td><td>ncpi:loinc-answers</td><td>Chromosome 2</td></tr><tr><td style=\"white-space:nowrap\"><a name=\"ncpi-loinc-answers-LA21256-5\"> </a>\u00a0\u00a0<a href=\"CodeSystem-loinc-answers.html#loinc-answers-LA21256-5\">LA21256-5</a></td><td>ncpi:loinc-answers</td><td>Chromosome 3</td></tr><tr><td style=\"white-space:nowrap\"><a name=\"ncpi-loinc-answers-LA21257-3\"> </a>\u00a0\u00a0<a href=\"CodeSystem-loinc-answers.html#loinc-answers-LA21257-3\">LA21257-3</a></td><td>ncpi:loinc-answers</td><td>Chromosome 4</td></tr><tr><td style=\"white-space:nowrap\"><a name=\"ncpi-loinc-answers-LA21258-1\"> </a>\u00a0\u00a0<a href=\"CodeSystem-loinc-answers.html#loinc-answers-LA21258-1\">LA21258-1</a></td><td>ncpi:loinc-answers</td><td>Chromosome 5</td></tr><tr><td style=\"white-space:nowrap\"><a name=\"ncpi-loinc-answers-LA21259-9\"> </a>\u00a0\u00a0<a href=\"CodeSystem-loinc-answers.html#loinc-answers-LA21259-9\">LA21259-9</a></td><td>ncpi:loinc-answers</td><td>Chromosome 6</td></tr><tr><td style=\"white-space:nowrap\"><a name=\"ncpi-loinc-answers-LA21260-7\"> </a>\u00a0\u00a0<a href=\"CodeSystem-loinc-answers.html#loinc-answers-LA21260-7\">LA21260-7</a></td><td>ncpi:loinc-answers</td><td>Chromosome 7</td></tr><tr><td style=\"white-space:nowrap\"><a name=\"ncpi-loinc-answers-LA21261-5\"> </a>\u00a0\u00a0<a href=\"CodeSystem-loinc-answers.html#loinc-answers-LA21261-5\">LA21261-5</a></td><td>ncpi:loinc-answers</td><td>Chromosome 8</td></tr><tr><td style=\"white-space:nowrap\"><a name=\"ncpi-loinc-answers-LA21262-3\"> </a>\u00a0\u00a0<a href=\"CodeSystem-loinc-answers.html#loinc-answers-LA21262-3\">LA21262-3</a></td><td>ncpi:loinc-answers</td><td>Chromosome 9</td></tr><tr><td style=\"white-space:nowrap\"><a name=\"ncpi-loinc-answers-LA21263-1\"> </a>\u00a0\u00a0<a href=\"CodeSystem-loinc-answers.html#loinc-answers-LA21263-1\">LA21263-1</a></td><td>ncpi:loinc-answers</td><td>Chromosome 10</td></tr><tr><td style=\"white-space:nowrap\"><a name=\"ncpi-loinc-answers-LA21264-9\"> </a>\u00a0\u00a0<a href=\"CodeSystem-loinc-answers.html#loinc-answers-LA21264-9\">LA21264-9</a></td><td>ncpi:loinc-answers</td><td>Chromosome 11</td></tr><tr><td style=\"white-space:nowrap\"><a name=\"ncpi-loinc-answers-LA21265-6\"> </a>\u00a0\u00a0<a href=\"CodeSystem-loinc-answers.html#loinc-answers-LA21265-6\">LA21265-6</a></td><td>ncpi:loinc-answers</td><td>Chromosome 12</td></tr><tr><td style=\"white-space:nowrap\"><a name=\"ncpi-loinc-answers-LA21266-4\"> </a>\u00a0\u00a0<a href=\"CodeSystem-loinc-answers.html#loinc-answers-LA21266-4\">LA21266-4</a></td><td>ncpi:loinc-answers</td><td>Chromosome 13</td></tr><tr><td style=\"white-space:nowrap\"><a name=\"ncpi-loinc-answers-LA21267-2\"> </a>\u00a0\u00a0<a href=\"CodeSystem-loinc-answers.html#loinc-answers-LA21267-2\">LA21267-2</a></td><td>ncpi:loinc-answers</td><td>Chromosome 14</td></tr><tr><td style=\"white-space:nowrap\"><a name=\"ncpi-loinc-answers-LA21268-0\"> </a>\u00a0\u00a0<a href=\"CodeSystem-loinc-answers.html#loinc-answers-LA21268-0\">LA21268-0</a></td><td>ncpi:loinc-answers</td><td>Chromosome 15</td></tr><tr><td style=\"white-space:nowrap\"><a name=\"ncpi-loinc-answers-LA21269-8\"> </a>\u00a0\u00a0<a href=\"CodeSystem-loinc-answers.html#loinc-answers-LA21269-8\">LA21269-8</a></td><td>ncpi:loinc-answers</td><td>Chromosome 16</td></tr><tr><td style=\"white-space:nowrap\"><a name=\"ncpi-loinc-answers-LA21270-6\"> </a>\u00a0\u00a0<a href=\"CodeSystem-loinc-answers.html#loinc-answers-LA21270-6\">LA21270-6</a></td><td>ncpi:loinc-answers</td><td>Chromosome 17</td></tr><tr><td style=\"white-space:nowrap\"><a name=\"ncpi-loinc-answers-LA21271-4\"> </a>\u00a0\u00a0<a href=\"CodeSystem-loinc-answers.html#loinc-answers-LA21271-4\">LA21271-4</a></td><td>ncpi:loinc-answers</td><td>Chromosome 18</td></tr><tr><td style=\"white-space:nowrap\"><a name=\"ncpi-loinc-answers-LA21272-2\"> </a>\u00a0\u00a0<a href=\"CodeSystem-loinc-answers.html#loinc-answers-LA21272-2\">LA21272-2</a></td><td>ncpi:loinc-answers</td><td>Chromosome 19</td></tr><tr><td style=\"white-space:nowrap\"><a name=\"ncpi-loinc-answers-LA21273-0\"> </a>\u00a0\u00a0<a href=\"CodeSystem-loinc-answers.html#loinc-answers-LA21273-0\">LA21273-0</a></td><td>ncpi:loinc-answers</td><td>Chromosome 20</td></tr><tr><td style=\"white-space:nowrap\"><a name=\"ncpi-loinc-answers-LA21274-8\"> </a>\u00a0\u00a0<a href=\"CodeSystem-loinc-answers.html#loinc-answers-LA21274-8\">LA21274-8</a></td><td>ncpi:loinc-answers</td><td>Chromosome 21</td></tr><tr><td style=\"white-space:nowrap\"><a name=\"ncpi-loinc-answers-LA21275-5\"> </a>\u00a0\u00a0<a href=\"CodeSystem-loinc-answers.html#loinc-answers-LA21275-5\">LA21275-5</a></td><td>ncpi:loinc-answers</td><td>Chromosome 22</td></tr><tr><td style=\"white-space:nowrap\"><a name=\"ncpi-loinc-answers-LA21276-3\"> </a>\u00a0\u00a0<a href=\"CodeSystem-loinc-answers.html#loinc-answers-LA21276-3\">LA21276-3</a></td><td>ncpi:loinc-answers</td><td>Chromosome X</td></tr><tr><td style=\"white-space:nowrap\"><a name=\"ncpi-loinc-answers-LA21277-1\"> </a>\u00a0\u00a0<a href=\"CodeSystem-loinc-answers.html#loinc-answers-LA21277-1\">LA21277-1</a></td><td>ncpi:loinc-answers</td><td>Chromosome Y</td></tr></table></div>"
      },
      "url" : "https://nih-ncpi.github.io/ncpi-fhir-ig/ValueSet/loinc-answers",
      "version" : "0.2.0",
      "name" : "LoincAnswers",
      "title" : "LOINC Answers",
      "status" : "draft",
      "experimental" : false,
      "date" : "2023-09-15T20:59:49+00:00",
      "expansion" : {
        "identifier" : "urn:uuid:178006af-c196-4694-8460-3c96a8200743",
        "timestamp" : "2023-09-15T21:01:04+00:00",
        "total" : 24,
        "parameter" : [{
          "name" : "excludeNested",
          "valueBoolean" : false
        },
        {
          "name" : "used-codesystem",
          "valueUri" : "ncpi:loinc-answers|0.2.0"
        }],
        "contains" : [{
          "system" : "ncpi:loinc-answers",
          "code" : "LA21254-0",
          "display" : "Chromosome 1"
        },
        {
          "system" : "ncpi:loinc-answers",
          "code" : "LA21255-7",
          "display" : "Chromosome 2"
        },
        {
          "system" : "ncpi:loinc-answers",
          "code" : "LA21256-5",
          "display" : "Chromosome 3"
        },
        {
          "system" : "ncpi:loinc-answers",
          "code" : "LA21257-3",
          "display" : "Chromosome 4"
        },
        {
          "system" : "ncpi:loinc-answers",
          "code" : "LA21258-1",
          "display" : "Chromosome 5"
        },
        {
          "system" : "ncpi:loinc-answers",
          "code" : "LA21259-9",
          "display" : "Chromosome 6"
        },
        {
          "system" : "ncpi:loinc-answers",
          "code" : "LA21260-7",
          "display" : "Chromosome 7"
        },
        {
          "system" : "ncpi:loinc-answers",
          "code" : "LA21261-5",
          "display" : "Chromosome 8"
        },
        {
          "system" : "ncpi:loinc-answers",
          "code" : "LA21262-3",
          "display" : "Chromosome 9"
        },
        {
          "system" : "ncpi:loinc-answers",
          "code" : "LA21263-1",
          "display" : "Chromosome 10"
        },
        {
          "system" : "ncpi:loinc-answers",
          "code" : "LA21264-9",
          "display" : "Chromosome 11"
        },
        {
          "system" : "ncpi:loinc-answers",
          "code" : "LA21265-6",
          "display" : "Chromosome 12"
        },
        {
          "system" : "ncpi:loinc-answers",
          "code" : "LA21266-4",
          "display" : "Chromosome 13"
        },
        {
          "system" : "ncpi:loinc-answers",
          "code" : "LA21267-2",
          "display" : "Chromosome 14"
        },
        {
          "system" : "ncpi:loinc-answers",
          "code" : "LA21268-0",
          "display" : "Chromosome 15"
        },
        {
          "system" : "ncpi:loinc-answers",
          "code" : "LA21269-8",
          "display" : "Chromosome 16"
        },
        {
          "system" : "ncpi:loinc-answers",
          "code" : "LA21270-6",
          "display" : "Chromosome 17"
        },
        {
          "system" : "ncpi:loinc-answers",
          "code" : "LA21271-4",
          "display" : "Chromosome 18"
        },
        {
          "system" : "ncpi:loinc-answers",
          "code" : "LA21272-2",
          "display" : "Chromosome 19"
        },
        {
          "system" : "ncpi:loinc-answers",
          "code" : "LA21273-0",
          "display" : "Chromosome 20"
        },
        {
          "system" : "ncpi:loinc-answers",
          "code" : "LA21274-8",
          "display" : "Chromosome 21"
        },
        {
          "system" : "ncpi:loinc-answers",
          "code" : "LA21275-5",
          "display" : "Chromosome 22"
        },
        {
          "system" : "ncpi:loinc-answers",
          "code" : "LA21276-3",
          "display" : "Chromosome X"
        },
        {
          "system" : "ncpi:loinc-answers",
          "code" : "LA21277-1",
          "display" : "Chromosome Y"
        }]
      }
    }
  },
  {
    "fullUrl" : "https://nih-ncpi.github.io/ncpi-fhir-ig/ValueSet/datatable-valueset-1",
    "resource" : {
      "resourceType" : "ValueSet",
      "text" : {
        "status" : "generated",
        "div" : "<div xmlns=\"http://www.w3.org/1999/xhtml\"><p>This value set contains 5 concepts</p><p style=\"border: black 1px dotted; background-color: #EEEEEE; padding: 8px; margin-bottom: 8px\">Expansion based on <a href=\"CodeSystem-example-study-data-dictionary-datatable-codesystem-1.html\">codesystem Datatable CodeSystem (lists all variables) v0.2.0 (CodeSystem)</a></p><table class=\"codes\"><tr><td style=\"white-space:nowrap\"><b>Code</b></td><td><b>System</b></td><td><b>Display</b></td><td><b><a href=\"ValueSet-datatable-mappings-valueset-1.html\">ConceptMap[http://example.org/my-dataset/fhir/conceptmap/data-to-public|0.2.0]</a></b></td></tr><tr><td style=\"white-space:nowrap\"><a name=\"https---nih-ncpi.github.io-ncpi-fhir-ig-CodeSystem-example-study-data-dictionary-datatable-codesystem-1-subjectid\"> </a>\u00a0\u00a0<a href=\"CodeSystem-example-study-data-dictionary-datatable-codesystem-1.html#example-study-data-dictionary-datatable-codesystem-1-subjectid\">subjectid</a></td><td>https://nih-ncpi.github.io/ncpi-fhir-ig/CodeSystem/example-study-data-dictionary-datatable-codesystem-1</td><td>Subject's Unique Identifier</td><td><span title=\"EQUIVALENT\">~</span>C2348584</td></tr><tr><td style=\"white-space:nowrap\"><a name=\"https---nih-ncpi.github.io-ncpi-fhir-ig-CodeSystem-example-study-data-dictionary-datatable-codesystem-1-gender\"> </a>\u00a0\u00a0<a href=\"CodeSystem-example-study-data-dictionary-datatable-codesystem-1.html#example-study-data-dictionary-datatable-codesystem-1-gender\">gender</a></td><td>https://nih-ncpi.github.io/ncpi-fhir-ig/CodeSystem/example-study-data-dictionary-datatable-codesystem-1</td><td>Gender</td><td><span title=\"EQUIVALENT\">~</span>C0079399</td></tr><tr><td style=\"white-space:nowrap\"><a name=\"https---nih-ncpi.github.io-ncpi-fhir-ig-CodeSystem-example-study-data-dictionary-datatable-codesystem-1-age-at-enrollment\"> </a>\u00a0\u00a0<a href=\"CodeSystem-example-study-data-dictionary-datatable-codesystem-1.html#example-study-data-dictionary-datatable-codesystem-1-age_at_enrollment\">age_at_enrollment</a></td><td>https://nih-ncpi.github.io/ncpi-fhir-ig/CodeSystem/example-study-data-dictionary-datatable-codesystem-1</td><td>Subject's Age at Enrollment in days</td><td><span title=\"EQUIVALENT\">~</span>C168843</td></tr><tr><td style=\"white-space:nowrap\"><a name=\"https---nih-ncpi.github.io-ncpi-fhir-ig-CodeSystem-example-study-data-dictionary-datatable-codesystem-1-bmi\"> </a>\u00a0\u00a0<a href=\"CodeSystem-example-study-data-dictionary-datatable-codesystem-1.html#example-study-data-dictionary-datatable-codesystem-1-bmi\">bmi</a></td><td>https://nih-ncpi.github.io/ncpi-fhir-ig/CodeSystem/example-study-data-dictionary-datatable-codesystem-1</td><td>Subject's BMI, Measured at Enrollment</td><td><span title=\"SOURCEISNARROWERTHANTARGET\">&lt;</span>C1305855<br/><span title=\"SOURCEISNARROWERTHANTARGET\">&lt;</span><a href=\"https://loinc.org/LP35925-4/\">LP35925-4</a></td></tr><tr><td style=\"white-space:nowrap\"><a name=\"https---nih-ncpi.github.io-ncpi-fhir-ig-CodeSystem-example-study-data-dictionary-datatable-codesystem-1-status\"> </a>\u00a0\u00a0<a href=\"CodeSystem-example-study-data-dictionary-datatable-codesystem-1.html#example-study-data-dictionary-datatable-codesystem-1-status\">status</a></td><td>https://nih-ncpi.github.io/ncpi-fhir-ig/CodeSystem/example-study-data-dictionary-datatable-codesystem-1</td><td>Subject's status (Case or Control)</td><td><span title=\"EQUIVALENT\">~</span>C0872128<br/><span title=\"EQUIVALENT\">~</span><a href=\"CodeSystem-hpo.html#hpo-HP.580010772\">HP:0010772</a><br/><span title=\"EQUIVALENT\">~</span>MONDO:0017705<br/><span title=\"EQUIVALENT\">~</span>MONDO:0007130</td></tr></table></div>"
      },
      "url" : "https://nih-ncpi.github.io/ncpi-fhir-ig/ValueSet/datatable-valueset-1",
      "version" : "0.2.0",
      "name" : "ExampleStudyTableVS1",
      "title" : "Table ValueSet",
      "status" : "draft",
      "date" : "2023-09-15T20:59:49+00:00",
      "expansion" : {
        "identifier" : "urn:uuid:b3382777-4d50-46dd-82e3-51c5ad7784d9",
        "timestamp" : "2023-09-15T21:01:04+00:00",
        "total" : 5,
        "parameter" : [{
          "name" : "excludeNested",
          "valueBoolean" : false
        },
        {
          "name" : "used-codesystem",
          "valueUri" : "https://nih-ncpi.github.io/ncpi-fhir-ig/CodeSystem/example-study-data-dictionary-datatable-codesystem-1|0.2.0"
        }],
        "contains" : [{
          "system" : "https://nih-ncpi.github.io/ncpi-fhir-ig/CodeSystem/example-study-data-dictionary-datatable-codesystem-1",
          "code" : "subjectid",
          "display" : "Subject's Unique Identifier"
        },
        {
          "system" : "https://nih-ncpi.github.io/ncpi-fhir-ig/CodeSystem/example-study-data-dictionary-datatable-codesystem-1",
          "code" : "gender",
          "display" : "Gender"
        },
        {
          "system" : "https://nih-ncpi.github.io/ncpi-fhir-ig/CodeSystem/example-study-data-dictionary-datatable-codesystem-1",
          "code" : "age_at_enrollment",
          "display" : "Subject's Age at Enrollment in days"
        },
        {
          "system" : "https://nih-ncpi.github.io/ncpi-fhir-ig/CodeSystem/example-study-data-dictionary-datatable-codesystem-1",
          "code" : "bmi",
          "display" : "Subject's BMI, Measured at Enrollment"
        },
        {
          "system" : "https://nih-ncpi.github.io/ncpi-fhir-ig/CodeSystem/example-study-data-dictionary-datatable-codesystem-1",
          "code" : "status",
          "display" : "Subject's status (Case or Control)"
        }]
      }
    }
  }]
}