{"resourceType":"CodeSystem","id":"tbd-codes","text":{"status":"generated","div":"<div xmlns=\"http://www.w3.org/1999/xhtml\"><p>This code system http://hl7.org/fhir/uv/genomics-reporting/CodeSystem/tbd-codes defines the following codes:</p><table class=\"codes\"><tr><td style=\"white-space:nowrap\"><b>Code</b></td><td><b>Display</b></td><td><b>Definition</b></td></tr><tr><td style=\"white-space:nowrap\">grouper<a name=\"tbd-codes-grouper\"> </a></td><td>grouper</td><td>A means to bundle several observations such as one would find in a genetics test panel.</td></tr><tr><td style=\"white-space:nowrap\">mode-of-inheritance<a name=\"tbd-codes-mode-of-inheritance\"> </a></td><td>mode-of-inheritance</td><td>This is actually LOINC code 79742-3. And the IG will be updated</td></tr><tr><td style=\"white-space:nowrap\">effect-transporter-function<a name=\"tbd-codes-effect-transporter-function\"> </a></td><td>effect-transporter-function</td><td>Predicted phenotype for drug efficacy through transport mechanism. A single marker interpretation value known to increase or decrease the drug's performance.</td></tr><tr><td style=\"white-space:nowrap\">effect-medication-efficacy<a name=\"tbd-codes-effect-medication-efficacy\"> </a></td><td>Medication Efficacy</td><td/></tr><tr><td style=\"white-space:nowrap\">effect-medication-metabolism<a name=\"tbd-codes-effect-medication-metabolism\"> </a></td><td>Medication Metabolism</td><td/></tr><tr><td style=\"white-space:nowrap\">effect-medication-transporter<a name=\"tbd-codes-effect-medication-transporter\"> </a></td><td>Medication Transporter Function</td><td/></tr><tr><td style=\"white-space:nowrap\">effect-high-risk-allele<a name=\"tbd-codes-effect-high-risk-allele\"> </a></td><td>High Risk Allele</td><td/></tr><tr><td style=\"white-space:nowrap\">prognostic-implication<a name=\"tbd-codes-prognostic-implication\"> </a></td><td>Prognostic Implication component</td><td>Finding of whether a particular somatic genotype/haplotype/variation or combination-thereof predicts a particular outcome for the specified cancer - either on its own or in conjunction with one or more interventions.</td></tr><tr><td style=\"white-space:nowrap\">associated-cancer<a name=\"tbd-codes-associated-cancer\"> </a></td><td>associated-cancer</td><td/></tr><tr><td style=\"white-space:nowrap\">associated-therapy<a name=\"tbd-codes-associated-therapy\"> </a></td><td>Genomically linked therapy</td><td>The non-medication therapy (procedure) associated with this implication.</td></tr><tr><td style=\"white-space:nowrap\">region-coverage<a name=\"tbd-codes-region-coverage\"> </a></td><td>region-coverage</td><td>Given as a number between 0 and 100. Mean mapped read depth. Obtained by counting total number of mapped reads and divided by the number of bases in the region sequence.</td></tr><tr><td style=\"white-space:nowrap\">functional-annotation<a name=\"tbd-codes-functional-annotation\"> </a></td><td>functional-annotation</td><td>Annotated changes to sequence features caused by this variant. Terms are from the sequence ontology under SO:0001537.</td></tr><tr><td style=\"white-space:nowrap\">exact-start-end<a name=\"tbd-codes-exact-start-end\"> </a></td><td>Variant exact start and end</td><td>The genomic coordinates of the exact genomic range in which the variant resides.</td></tr><tr><td style=\"white-space:nowrap\">inner-start-end<a name=\"tbd-codes-inner-start-end\"> </a></td><td>Variant inner start and end</td><td>The genomic coordinates of the inner genomic range in which the variant might reside.</td></tr><tr><td style=\"white-space:nowrap\">outer-start-end<a name=\"tbd-codes-outer-start-end\"> </a></td><td>Variant outer start and end</td><td>The genomic coordinates of the outer genomic range in which the variant might reside.</td></tr><tr><td style=\"white-space:nowrap\">variant-inheritance<a name=\"tbd-codes-variant-inheritance\"> </a></td><td>Variant inheritance</td><td>A quality inhering in a variant by virtue of its origin. The terms are in the sequence ontology under SO:0001762.</td></tr><tr><td style=\"white-space:nowrap\">diagnostic-implication<a name=\"tbd-codes-diagnostic-implication\"> </a></td><td>Diagnostic Implication</td><td>An observation linking a genomic finding with a knowledge base, providing context that may aid in diagnosing a patient with a particular phenotype or condition.</td></tr><tr><td style=\"white-space:nowrap\">therapeutic-implication<a name=\"tbd-codes-therapeutic-implication\"> </a></td><td>Therapeutic Implication</td><td>An observation linking a genomic finding with a knowledge base, providing potential evidence of an interaction with a specified medication or non-medicinal therapy.</td></tr></table></div>"},"url":"http://hl7.org/fhir/uv/genomics-reporting/CodeSystem/tbd-codes","version":"0.1.0","name":"TbdCodes","title":"ToBeDeterminedCodes ('TbdCodes')","status":"active","date":"2020-11-12T19:37:28+00:00","publisher":"NCPI FHIR Working Group","contact":[{"name":"NCPI FHIR Working Group","telecom":[{"system":"url","value":"https://github.com/ncpi-fhir"}]},{"name":"Meen Chul Kim","telecom":[{"system":"email","value":"meenchul@d3b.center","use":"work"}]}],"description":"These codes are currently 'TBD-LOINC' codes. The CG WG is requesting formal LOINC codes.","jurisdiction":[{"coding":[{"system":"http://unstats.un.org/unsd/methods/m49/m49.htm","code":"001"}]}],"content":"complete","count":18,"concept":[{"code":"grouper","display":"grouper","definition":"A means to bundle several observations such as one would find in a genetics test panel."},{"code":"mode-of-inheritance","display":"mode-of-inheritance","definition":"This is actually LOINC code 79742-3. And the IG will be updated"},{"code":"effect-transporter-function","display":"effect-transporter-function","definition":"Predicted phenotype for drug efficacy through transport mechanism. A single marker interpretation value known to increase or decrease the drug's performance."},{"code":"effect-medication-efficacy","display":"Medication Efficacy"},{"code":"effect-medication-metabolism","display":"Medication Metabolism"},{"code":"effect-medication-transporter","display":"Medication Transporter Function"},{"code":"effect-high-risk-allele","display":"High Risk Allele"},{"code":"prognostic-implication","display":"Prognostic Implication component","definition":"Finding of whether a particular somatic genotype/haplotype/variation or combination-thereof predicts a particular outcome for the specified cancer - either on its own or in conjunction with one or more interventions."},{"code":"associated-cancer","display":"associated-cancer"},{"code":"associated-therapy","display":"Genomically linked therapy","definition":"The non-medication therapy (procedure) associated with this implication."},{"code":"region-coverage","display":"region-coverage","definition":"Given as a number between 0 and 100. Mean mapped read depth. Obtained by counting total number of mapped reads and divided by the number of bases in the region sequence."},{"code":"functional-annotation","display":"functional-annotation","definition":"Annotated changes to sequence features caused by this variant. Terms are from the sequence ontology under SO:0001537."},{"code":"exact-start-end","display":"Variant exact start and end","definition":"The genomic coordinates of the exact genomic range in which the variant resides."},{"code":"inner-start-end","display":"Variant inner start and end","definition":"The genomic coordinates of the inner genomic range in which the variant might reside."},{"code":"outer-start-end","display":"Variant outer start and end","definition":"The genomic coordinates of the outer genomic range in which the variant might reside."},{"code":"variant-inheritance","display":"Variant inheritance","definition":"A quality inhering in a variant by virtue of its origin. The terms are in the sequence ontology under SO:0001762."},{"code":"diagnostic-implication","display":"Diagnostic Implication","definition":"An observation linking a genomic finding with a knowledge base, providing context that may aid in diagnosing a patient with a particular phenotype or condition."},{"code":"therapeutic-implication","display":"Therapeutic Implication","definition":"An observation linking a genomic finding with a knowledge base, providing potential evidence of an interaction with a specified medication or non-medicinal therapy."}]}