{"resourceType":"ImplementationGuide","id":"NCPI-FHIR-Implementation-Guide","text":{"status":"extensions","div":"<div xmlns=\"http://www.w3.org/1999/xhtml\"><h2>NCPIFHIRImplementationGuide</h2><p>The official URL for this implementation guide is: </p><pre>https://ncpi-fhir.github.io/ncpi-fhir-ig/ImplementationGuide/NCPI-FHIR-Implementation-Guide</pre><div><p>FHIR Implementation Guide for the NIH Cloud Platform Interoperability Effort (NCPI).</p>\n</div></div>"},"url":"https://ncpi-fhir.github.io/ncpi-fhir-ig/ImplementationGuide/NCPI-FHIR-Implementation-Guide","version":"0.1.0","name":"NCPIFHIRImplementationGuide","title":"NCPI FHIR Implementation Guide","status":"draft","date":"2021-03-31T00:51:49-04:00","publisher":"NCPI FHIR Working Group","contact":[{"name":"NCPI FHIR Working Group","telecom":[{"system":"url","value":"https://github.com/ncpi-fhir"}]},{"name":"Meen Chul Kim","telecom":[{"system":"email","value":"meenchul@d3b.center","use":"work"}]}],"description":"FHIR Implementation Guide for the NIH Cloud Platform Interoperability Effort (NCPI).","packageId":"NCPI-FHIR-Implementation-Guide","license":"CC0-1.0","fhirVersion":["4.0.1"],"dependsOn":[{"id":"hl7_fhir_us_core","uri":"http://hl7.org/fhir/us/core/ImplementationGuide/hl7.fhir.us.core","packageId":"hl7.fhir.us.core","version":"3.1.1"}],"definition":{"extension":[{"extension":[{"url":"code","valueString":"copyrightyear"},{"url":"value","valueString":"2021+"}],"url":"http://hl7.org/fhir/tools/StructureDefinition/ig-parameter"},{"extension":[{"url":"code","valueString":"releaselabel"},{"url":"value","valueString":"ci-build"}],"url":"http://hl7.org/fhir/tools/StructureDefinition/ig-parameter"},{"extension":[{"url":"code","valueString":"path-liquid"},{"url":"value","valueString":"template/liquid"}],"url":"http://hl7.org/fhir/tools/StructureDefinition/ig-parameter"},{"extension":[{"url":"code","valueString":"path-liquid"},{"url":"value","valueString":"input/liquid"}],"url":"http://hl7.org/fhir/tools/StructureDefinition/ig-parameter"},{"extension":[{"url":"code","valueString":"path-qa"},{"url":"value","valueString":"temp/qa"}],"url":"http://hl7.org/fhir/tools/StructureDefinition/ig-parameter"},{"extension":[{"url":"code","valueString":"path-temp"},{"url":"value","valueString":"temp/pages"}],"url":"http://hl7.org/fhir/tools/StructureDefinition/ig-parameter"},{"extension":[{"url":"code","valueString":"path-output"},{"url":"value","valueString":"output"}],"url":"http://hl7.org/fhir/tools/StructureDefinition/ig-parameter"},{"extension":[{"url":"code","valueString":"path-suppressed-warnings"},{"url":"value","valueString":"input/ignoreWarnings.txt"}],"url":"http://hl7.org/fhir/tools/StructureDefinition/ig-parameter"},{"extension":[{"url":"code","valueString":"path-history"},{"url":"value","valueString":"https://ncpi-fhir.github.io/ncpi-fhir-ig/history.html"}],"url":"http://hl7.org/fhir/tools/StructureDefinition/ig-parameter"},{"extension":[{"url":"code","valueString":"template-html"},{"url":"value","valueString":"template-page.html"}],"url":"http://hl7.org/fhir/tools/StructureDefinition/ig-parameter"},{"extension":[{"url":"code","valueString":"template-md"},{"url":"value","valueString":"template-page-md.html"}],"url":"http://hl7.org/fhir/tools/StructureDefinition/ig-parameter"},{"extension":[{"url":"code","valueString":"apply-contact"},{"url":"value","valueString":"true"}],"url":"http://hl7.org/fhir/tools/StructureDefinition/ig-parameter"},{"extension":[{"url":"code","valueString":"apply-context"},{"url":"value","valueString":"true"}],"url":"http://hl7.org/fhir/tools/StructureDefinition/ig-parameter"},{"extension":[{"url":"code","valueString":"apply-copyright"},{"url":"value","valueString":"true"}],"url":"http://hl7.org/fhir/tools/StructureDefinition/ig-parameter"},{"extension":[{"url":"code","valueString":"apply-jurisdiction"},{"url":"value","valueString":"true"}],"url":"http://hl7.org/fhir/tools/StructureDefinition/ig-parameter"},{"extension":[{"url":"code","valueString":"apply-license"},{"url":"value","valueString":"true"}],"url":"http://hl7.org/fhir/tools/StructureDefinition/ig-parameter"},{"extension":[{"url":"code","valueString":"apply-publisher"},{"url":"value","valueString":"true"}],"url":"http://hl7.org/fhir/tools/StructureDefinition/ig-parameter"},{"extension":[{"url":"code","valueString":"apply-version"},{"url":"value","valueString":"true"}],"url":"http://hl7.org/fhir/tools/StructureDefinition/ig-parameter"},{"extension":[{"url":"code","valueString":"active-tables"},{"url":"value","valueString":"true"}],"url":"http://hl7.org/fhir/tools/StructureDefinition/ig-parameter"}],"grouping":[{"id":"_str_profile","name":"Structures: Resource Profiles","description":"These define constraints on FHIR resources for systems conforming to this implementation guide"},{"id":"_str_datatype","name":"Structures: Data Type Profiles","description":"These define constraints on FHIR data types for systems conforming to this implementation guide"},{"id":"_term_valueset","name":"Terminology: Value Sets","description":"These define sets of codes used by systems conforming to this implementation guide"},{"id":"_term_codesystem","name":"Terminology: Code Systems","description":"These define new code systems used by systems conforming to this implementation guide"},{"id":"_ex_example","name":"Example: Example Instances","description":"These are example instances that show what data produced and consumed by systems conforming with this implementation guide might look like"}],"resource":[{"extension":[{"url":"http://hl7.org/fhir/StructureDefinition/implementationguide-page","valueUri":"StructureDefinition-ncpi-drs-attachment.html"}],"reference":{"reference":"StructureDefinition/ncpi-drs-attachment"},"name":"DRS Attachment","description":"A FHIR Attachment with a DRS url.","exampleBoolean":false,"groupingId":"_str_datatype"},{"extension":[{"url":"http://hl7.org/fhir/StructureDefinition/implementationguide-page","valueUri":"StructureDefinition-ncpi-drs-document-reference.html"}],"reference":{"reference":"StructureDefinition/ncpi-drs-document-reference"},"name":"DRS Document Reference","description":"A FHIR Document Reference with an embedded DRS URI. See https://github.com/ga4gh/data-repository-service-schemas.","exampleBoolean":false,"groupingId":"_str_profile"},{"extension":[{"url":"http://hl7.org/fhir/StructureDefinition/implementationguide-page","valueUri":"StructureDefinition-disease.html"}],"reference":{"reference":"StructureDefinition/disease"},"name":"NCPI Disease","description":"Representation for a disease under study for a given research dataset.","exampleBoolean":false,"groupingId":"_str_profile"},{"extension":[{"url":"http://hl7.org/fhir/StructureDefinition/implementationguide-page","valueUri":"StructureDefinition-family-relationship.html"}],"reference":{"reference":"StructureDefinition/family-relationship"},"name":"NCPI Family Relationship","description":"Representation of a family relationship.","exampleBoolean":false,"groupingId":"_str_profile"},{"extension":[{"url":"http://hl7.org/fhir/StructureDefinition/implementationguide-page","valueUri":"StructureDefinition-phenotype.html"}],"reference":{"reference":"StructureDefinition/phenotype"},"name":"NCPI Phenotype","description":"Representation of phenotypic observations (present or absent)","exampleBoolean":false,"groupingId":"_str_profile"},{"extension":[{"url":"http://hl7.org/fhir/StructureDefinition/implementationguide-page","valueUri":"ValueSet-disease-codes.html"}],"reference":{"reference":"ValueSet/disease-codes"},"name":"Disease Codes","description":"This value set includes all codes from NCIt (NCI Thesaurus).","exampleBoolean":false,"groupingId":"_term_valueset"},{"extension":[{"url":"http://hl7.org/fhir/StructureDefinition/implementationguide-page","valueUri":"ValueSet-phenotype-codes.html"}],"reference":{"reference":"ValueSet/phenotype-codes"},"name":"Phenotype Codes","description":"This value set includes all codes from Human Phenotype Ontology.","exampleBoolean":false,"groupingId":"_term_valueset"},{"extension":[{"url":"http://hl7.org/fhir/StructureDefinition/implementationguide-page","valueUri":"CodeSystem-hpo.html"}],"reference":{"reference":"CodeSystem/hpo"},"name":"Human Phenotype Ontology","description":"Please see license of HPO at http://www.human-phenotype-ontology.org","exampleBoolean":false,"groupingId":"_term_codesystem"},{"extension":[{"url":"http://hl7.org/fhir/StructureDefinition/implementationguide-page","valueUri":"Condition-disease-example-1.html"}],"reference":{"reference":"Condition/disease-example-1"},"name":"disease-example-1","description":"Example of the representation of Disease.","exampleCanonical":"https://ncpi-fhir.github.io/ncpi-fhir-ig/StructureDefinition/disease","groupingId":"_ex_example"},{"extension":[{"url":"http://hl7.org/fhir/StructureDefinition/implementationguide-page","valueUri":"DocumentReference-drs-document-reference-example-1.html"}],"reference":{"reference":"DocumentReference/drs-document-reference-example-1"},"name":"drs-document-reference-example-1","description":"Example of the representation of DRS Document Reference.","exampleCanonical":"https://ncpi-fhir.github.io/ncpi-fhir-ig/StructureDefinition/ncpi-drs-document-reference","groupingId":"_ex_example"},{"extension":[{"url":"http://hl7.org/fhir/StructureDefinition/implementationguide-page","valueUri":"Observation-family-relationship-example-1.html"}],"reference":{"reference":"Observation/family-relationship-example-1"},"name":"family-relationship-example-1","description":"Example of the representation of Family Relationship.","exampleCanonical":"https://ncpi-fhir.github.io/ncpi-fhir-ig/StructureDefinition/family-relationship","groupingId":"_ex_example"},{"extension":[{"url":"http://hl7.org/fhir/StructureDefinition/implementationguide-page","valueUri":"Observation-family-relationship-example-2.html"}],"reference":{"reference":"Observation/family-relationship-example-2"},"name":"family-relationship-example-2","description":"Example of the representation of Family Relationship.","exampleCanonical":"https://ncpi-fhir.github.io/ncpi-fhir-ig/StructureDefinition/family-relationship","groupingId":"_ex_example"},{"extension":[{"url":"http://hl7.org/fhir/StructureDefinition/implementationguide-page","valueUri":"Observation-family-relationship-example-3.html"}],"reference":{"reference":"Observation/family-relationship-example-3"},"name":"family-relationship-example-3","description":"Example of the representation of Family Relationship.","exampleCanonical":"https://ncpi-fhir.github.io/ncpi-fhir-ig/StructureDefinition/family-relationship","groupingId":"_ex_example"},{"extension":[{"url":"http://hl7.org/fhir/StructureDefinition/implementationguide-page","valueUri":"Observation-family-relationship-example-4.html"}],"reference":{"reference":"Observation/family-relationship-example-4"},"name":"family-relationship-example-4","description":"Example of the representation of Family Relationship.","exampleCanonical":"https://ncpi-fhir.github.io/ncpi-fhir-ig/StructureDefinition/family-relationship","groupingId":"_ex_example"},{"extension":[{"url":"http://hl7.org/fhir/StructureDefinition/implementationguide-page","valueUri":"Organization-organization-example-1.html"}],"reference":{"reference":"Organization/organization-example-1"},"name":"organization-example-1","description":"Example of the representation of Organization.","exampleBoolean":true,"groupingId":"_ex_example"},{"extension":[{"url":"http://hl7.org/fhir/StructureDefinition/implementationguide-page","valueUri":"Patient-patient-example-1.html"}],"reference":{"reference":"Patient/patient-example-1"},"name":"patient-example-1","description":"Example of the representation of Patient.","exampleBoolean":true,"groupingId":"_ex_example"},{"extension":[{"url":"http://hl7.org/fhir/StructureDefinition/implementationguide-page","valueUri":"Patient-patient-example-2.html"}],"reference":{"reference":"Patient/patient-example-2"},"name":"patient-example-2","description":"Example of the representation of Patient.","exampleBoolean":true,"groupingId":"_ex_example"},{"extension":[{"url":"http://hl7.org/fhir/StructureDefinition/implementationguide-page","valueUri":"Patient-patient-example-3.html"}],"reference":{"reference":"Patient/patient-example-3"},"name":"patient-example-3","description":"Example of the representation of Patient.","exampleBoolean":true,"groupingId":"_ex_example"},{"extension":[{"url":"http://hl7.org/fhir/StructureDefinition/implementationguide-page","valueUri":"Condition-phenotype-example-1.html"}],"reference":{"reference":"Condition/phenotype-example-1"},"name":"phenotype-example-1","description":"Example of the representation of observed Phenotype.","exampleCanonical":"https://ncpi-fhir.github.io/ncpi-fhir-ig/StructureDefinition/phenotype","groupingId":"_ex_example"},{"extension":[{"url":"http://hl7.org/fhir/StructureDefinition/implementationguide-page","valueUri":"Practitioner-practitioner-example-1.html"}],"reference":{"reference":"Practitioner/practitioner-example-1"},"name":"practitioner-example-1","description":"Example of the representation of Practitioner.","exampleBoolean":true,"groupingId":"_ex_example"},{"extension":[{"url":"http://hl7.org/fhir/StructureDefinition/implementationguide-page","valueUri":"PractitionerRole-practitioner-role-example-1.html"}],"reference":{"reference":"PractitionerRole/practitioner-role-example-1"},"name":"practitioner-role-example-1","description":"Example of the representation of Practitioner Role.","exampleBoolean":true,"groupingId":"_ex_example"},{"extension":[{"url":"http://hl7.org/fhir/StructureDefinition/implementationguide-page","valueUri":"Specimen-specimen-example-1.html"}],"reference":{"reference":"Specimen/specimen-example-1"},"name":"specimen-example-1","description":"Example of the representation of Specimen.","exampleBoolean":true,"groupingId":"_ex_example"},{"extension":[{"url":"http://hl7.org/fhir/StructureDefinition/implementationguide-page","valueUri":"Task-task-example-1.html"}],"reference":{"reference":"Task/task-example-1"},"name":"task-example-1","description":"Example of the representation of Task.","exampleBoolean":true,"groupingId":"_ex_example"}],"page":{"nameUrl":"toc.html","title":"Table of Contents","generation":"html","page":[{"nameUrl":"index.html","title":"Home","generation":"markdown"},{"nameUrl":"authors.html","title":"Authors","generation":"markdown"},{"nameUrl":"background.html","title":"Background","generation":"markdown"},{"nameUrl":"contact.html","title":"Contact","generation":"markdown"},{"nameUrl":"downloads.html","title":"Downloads","generation":"markdown"},{"nameUrl":"use_cases.html","title":"Use Cases","generation":"markdown"},{"nameUrl":"artifacts.html","title":"Artifacts Summary","generation":"html","page":[{"nameUrl":"StructureDefinition-ncpi-drs-document-reference.html","title":"DRS Document Reference","generation":"generated"},{"nameUrl":"StructureDefinition-disease.html","title":"NCPI Disease","generation":"generated"},{"nameUrl":"StructureDefinition-family-relationship.html","title":"NCPI Family Relationship","generation":"generated"},{"nameUrl":"StructureDefinition-phenotype.html","title":"NCPI Phenotype","generation":"generated"},{"nameUrl":"StructureDefinition-ncpi-drs-attachment.html","title":"DRS Attachment","generation":"generated"},{"nameUrl":"ValueSet-disease-codes.html","title":"Disease Codes","generation":"generated"},{"nameUrl":"ValueSet-phenotype-codes.html","title":"Phenotype Codes","generation":"generated"},{"nameUrl":"CodeSystem-hpo.html","title":"Human Phenotype Ontology","generation":"generated"},{"nameUrl":"Condition-disease-example-1.html","title":"disease-example-1","generation":"generated"},{"nameUrl":"DocumentReference-drs-document-reference-example-1.html","title":"drs-document-reference-example-1","generation":"generated"},{"nameUrl":"Observation-family-relationship-example-1.html","title":"family-relationship-example-1","generation":"generated"},{"nameUrl":"Observation-family-relationship-example-2.html","title":"family-relationship-example-2","generation":"generated"},{"nameUrl":"Observation-family-relationship-example-3.html","title":"family-relationship-example-3","generation":"generated"},{"nameUrl":"Observation-family-relationship-example-4.html","title":"family-relationship-example-4","generation":"generated"},{"nameUrl":"Organization-organization-example-1.html","title":"organization-example-1","generation":"generated"},{"nameUrl":"Patient-patient-example-1.html","title":"patient-example-1","generation":"generated"},{"nameUrl":"Patient-patient-example-2.html","title":"patient-example-2","generation":"generated"},{"nameUrl":"Patient-patient-example-3.html","title":"patient-example-3","generation":"generated"},{"nameUrl":"Condition-phenotype-example-1.html","title":"phenotype-example-1","generation":"generated"},{"nameUrl":"Practitioner-practitioner-example-1.html","title":"practitioner-example-1","generation":"generated"},{"nameUrl":"PractitionerRole-practitioner-role-example-1.html","title":"practitioner-role-example-1","generation":"generated"},{"nameUrl":"Specimen-specimen-example-1.html","title":"specimen-example-1","generation":"generated"},{"nameUrl":"Task-task-example-1.html","title":"task-example-1","generation":"generated"}]}]},"parameter":[{"code":"path-resource","value":"input/capabilities"},{"code":"path-resource","value":"input/examples"},{"code":"path-resource","value":"input/extensions"},{"code":"path-resource","value":"input/models"},{"code":"path-resource","value":"input/operations"},{"code":"path-resource","value":"input/profiles"},{"code":"path-resource","value":"input/resources"},{"code":"path-resource","value":"input/vocabulary"},{"code":"path-resource","value":"input/maps"},{"code":"path-resource","value":"input/testing"},{"code":"path-resource","value":"input/history"},{"code":"path-resource","value":"fsh-generated/resources"},{"code":"path-pages","value":"template/config"},{"code":"path-pages","value":"input/images"},{"code":"path-tx-cache","value":"input-cache/txcache"}]}}