{"resourceType":"ValueSet","id":"phenotype-codes","text":{"status":"generated","div":"<div xmlns=\"http://www.w3.org/1999/xhtml\"><ul><li>Include all codes defined in <a href=\"CodeSystem-hpo.html\"><code>http://fhir.ncpi-project-forge.io/CodeSystem/hpo</code></a></li></ul></div>"},"url":"https://ncpi-fhir.github.io/ncpi-fhir-ig/ValueSet/phenotype-codes","version":"0.1.0","name":"PhenotypeCodes","title":"Phenotype Codes","status":"draft","experimental":false,"date":"2021-04-13T13:33:34-04:00","publisher":"NCPI FHIR Working Group","contact":[{"name":"NCPI FHIR Working Group","telecom":[{"system":"url","value":"https://github.com/ncpi-fhir"}]},{"name":"Meen Chul Kim","telecom":[{"system":"email","value":"meenchul@d3b.center","use":"work"}]}],"description":"This value set includes all codes from Human Phenotype Ontology.","compose":{"include":[{"system":"http://fhir.ncpi-project-forge.io/CodeSystem/hpo"}]}}