<?xml version="1.0" encoding="UTF-8"?>

<Bundle xmlns="http://hl7.org/fhir">
  <id value="a999968a-b8a1-4ff5-9e00-19abf880a75e"/>
  <meta>
    <lastUpdated value="2023-09-15T20:59:49.234+00:00"/>
  </meta>
  <type value="collection"/>
  <entry>
    <fullUrl value="https://nih-ncpi.github.io/ncpi-fhir-ig/ValueSet/condition-inheritance-vs"/>
    <resource>
      <ValueSet>
        <text>
          <status value="generated"/>
          <div xmlns="http://www.w3.org/1999/xhtml">
            <p>This value set contains 25 concepts</p>
            <p style="border: black 1px dotted; background-color: #EEEEEE; padding: 8px; margin-bottom: 8px">Expansion based on 
              <a href="CodeSystem-ConditionInheritanceMode.html">codesystem Condition Inheritance Pattern v0.2.0 (CodeSystem)</a>
            </p>
            <table class="codes">
              <tr>
                <td style="white-space:nowrap">
                  <b>Code</b>
                </td>
                <td>
                  <b>System</b>
                </td>
                <td>
                  <b>Display</b>
                </td>
              </tr>
              <tr>
                <td style="white-space:nowrap">
                  <a name="https---nih-ncpi.github.io-ncpi-fhir-ig-CodeSystem-ConditionInheritanceMode-GENO-0000143"> </a>  
                  <a href="CodeSystem-ConditionInheritanceMode.html#ConditionInheritanceMode-GENO.580000143">GENO:0000143</a>
                </td>
                <td>https://nih-ncpi.github.io/ncpi-fhir-ig/CodeSystem/ConditionInheritanceMode</td>
                <td>Codominant inheritance</td>
              </tr>
              <tr>
                <td style="white-space:nowrap">
                  <a name="https---nih-ncpi.github.io-ncpi-fhir-ig-CodeSystem-ConditionInheritanceMode-GENO-0000889"> </a>  
                  <a href="CodeSystem-ConditionInheritanceMode.html#ConditionInheritanceMode-GENO.580000889">GENO:0000889</a>
                </td>
                <td>https://nih-ncpi.github.io/ncpi-fhir-ig/CodeSystem/ConditionInheritanceMode</td>
                <td>Unknown inheritance</td>
              </tr>
              <tr>
                <td style="white-space:nowrap">
                  <a name="https---nih-ncpi.github.io-ncpi-fhir-ig-CodeSystem-ConditionInheritanceMode-GENO-0000892"> </a>  
                  <a href="CodeSystem-ConditionInheritanceMode.html#ConditionInheritanceMode-GENO.580000892">GENO:0000892</a>
                </td>
                <td>https://nih-ncpi.github.io/ncpi-fhir-ig/CodeSystem/ConditionInheritanceMode</td>
                <td>Mitochondrial inheritance (primarily or exclusively heteroplasmic)</td>
              </tr>
              <tr>
                <td style="white-space:nowrap">
                  <a name="https---nih-ncpi.github.io-ncpi-fhir-ig-CodeSystem-ConditionInheritanceMode-GENO-0000893"> </a>  
                  <a href="CodeSystem-ConditionInheritanceMode.html#ConditionInheritanceMode-GENO.580000893">GENO:0000893</a>
                </td>
                <td>https://nih-ncpi.github.io/ncpi-fhir-ig/CodeSystem/ConditionInheritanceMode</td>
                <td>Mitochondrial inheritance (primarily or exclusively homoplasmic)</td>
              </tr>
              <tr>
                <td style="white-space:nowrap">
                  <a name="https---nih-ncpi.github.io-ncpi-fhir-ig-CodeSystem-ConditionInheritanceMode-HP-0000006"> </a>  
                  <a href="CodeSystem-ConditionInheritanceMode.html#ConditionInheritanceMode-HP.580000006">HP:0000006</a>
                </td>
                <td>https://nih-ncpi.github.io/ncpi-fhir-ig/CodeSystem/ConditionInheritanceMode</td>
                <td>Autosomal dominant inheritance</td>
              </tr>
              <tr>
                <td style="white-space:nowrap">
                  <a name="https---nih-ncpi.github.io-ncpi-fhir-ig-CodeSystem-ConditionInheritanceMode-HP-0000007"> </a>  
                  <a href="CodeSystem-ConditionInheritanceMode.html#ConditionInheritanceMode-HP.580000007">HP:0000007</a>
                </td>
                <td>https://nih-ncpi.github.io/ncpi-fhir-ig/CodeSystem/ConditionInheritanceMode</td>
                <td>Autosomal recessive inheritance</td>
              </tr>
              <tr>
                <td style="white-space:nowrap">
                  <a name="https---nih-ncpi.github.io-ncpi-fhir-ig-CodeSystem-ConditionInheritanceMode-HP-0001417"> </a>  
                  <a href="CodeSystem-ConditionInheritanceMode.html#ConditionInheritanceMode-HP.580001417">HP:0001417</a>
                </td>
                <td>https://nih-ncpi.github.io/ncpi-fhir-ig/CodeSystem/ConditionInheritanceMode</td>
                <td>X-linked inheritance</td>
              </tr>
              <tr>
                <td style="white-space:nowrap">
                  <a name="https---nih-ncpi.github.io-ncpi-fhir-ig-CodeSystem-ConditionInheritanceMode-HP-0001419"> </a>  
                  <a href="CodeSystem-ConditionInheritanceMode.html#ConditionInheritanceMode-HP.580001419">HP:0001419</a>
                </td>
                <td>https://nih-ncpi.github.io/ncpi-fhir-ig/CodeSystem/ConditionInheritanceMode</td>
                <td>X-linked inheritance (recessive)</td>
              </tr>
              <tr>
                <td style="white-space:nowrap">
                  <a name="https---nih-ncpi.github.io-ncpi-fhir-ig-CodeSystem-ConditionInheritanceMode-HP-0001423"> </a>  
                  <a href="CodeSystem-ConditionInheritanceMode.html#ConditionInheritanceMode-HP.580001423">HP:0001423</a>
                </td>
                <td>https://nih-ncpi.github.io/ncpi-fhir-ig/CodeSystem/ConditionInheritanceMode</td>
                <td>X-linked inheritance (dominant)</td>
              </tr>
              <tr>
                <td style="white-space:nowrap">
                  <a name="https---nih-ncpi.github.io-ncpi-fhir-ig-CodeSystem-ConditionInheritanceMode-HP-0001426"> </a>  
                  <a href="CodeSystem-ConditionInheritanceMode.html#ConditionInheritanceMode-HP.580001426">HP:0001426</a>
                </td>
                <td>https://nih-ncpi.github.io/ncpi-fhir-ig/CodeSystem/ConditionInheritanceMode</td>
                <td>Multifactorial inheritance</td>
              </tr>
              <tr>
                <td style="white-space:nowrap">
                  <a name="https---nih-ncpi.github.io-ncpi-fhir-ig-CodeSystem-ConditionInheritanceMode-HP-0001427"> </a>  
                  <a href="CodeSystem-ConditionInheritanceMode.html#ConditionInheritanceMode-HP.580001427">HP:0001427</a>
                </td>
                <td>https://nih-ncpi.github.io/ncpi-fhir-ig/CodeSystem/ConditionInheritanceMode</td>
                <td>Mitochondrial inheritance</td>
              </tr>
              <tr>
                <td style="white-space:nowrap">
                  <a name="https---nih-ncpi.github.io-ncpi-fhir-ig-CodeSystem-ConditionInheritanceMode-HP-0001428"> </a>  
                  <a href="CodeSystem-ConditionInheritanceMode.html#ConditionInheritanceMode-HP.580001428">HP:0001428</a>
                </td>
                <td>https://nih-ncpi.github.io/ncpi-fhir-ig/CodeSystem/ConditionInheritanceMode</td>
                <td>Somatic mutation</td>
              </tr>
              <tr>
                <td style="white-space:nowrap">
                  <a name="https---nih-ncpi.github.io-ncpi-fhir-ig-CodeSystem-ConditionInheritanceMode-HP-0001450"> </a>  
                  <a href="CodeSystem-ConditionInheritanceMode.html#ConditionInheritanceMode-HP.580001450">HP:0001450</a>
                </td>
                <td>https://nih-ncpi.github.io/ncpi-fhir-ig/CodeSystem/ConditionInheritanceMode</td>
                <td>Y-linked inheritance</td>
              </tr>
              <tr>
                <td style="white-space:nowrap">
                  <a name="https---nih-ncpi.github.io-ncpi-fhir-ig-CodeSystem-ConditionInheritanceMode-HP-0001470"> </a>  
                  <a href="CodeSystem-ConditionInheritanceMode.html#ConditionInheritanceMode-HP.580001470">HP:0001470</a>
                </td>
                <td>https://nih-ncpi.github.io/ncpi-fhir-ig/CodeSystem/ConditionInheritanceMode</td>
                <td>Autosomal dominant inheritance (sex-limited)</td>
              </tr>
              <tr>
                <td style="white-space:nowrap">
                  <a name="https---nih-ncpi.github.io-ncpi-fhir-ig-CodeSystem-ConditionInheritanceMode-HP-0003743"> </a>  
                  <a href="CodeSystem-ConditionInheritanceMode.html#ConditionInheritanceMode-HP.580003743">HP:0003743</a>
                </td>
                <td>https://nih-ncpi.github.io/ncpi-fhir-ig/CodeSystem/ConditionInheritanceMode</td>
                <td>Genetic anticipation</td>
              </tr>
              <tr>
                <td style="white-space:nowrap">
                  <a name="https---nih-ncpi.github.io-ncpi-fhir-ig-CodeSystem-ConditionInheritanceMode-HP-0003745"> </a>  
                  <a href="CodeSystem-ConditionInheritanceMode.html#ConditionInheritanceMode-HP.580003745">HP:0003745</a>
                </td>
                <td>https://nih-ncpi.github.io/ncpi-fhir-ig/CodeSystem/ConditionInheritanceMode</td>
                <td>Sporadic</td>
              </tr>
              <tr>
                <td style="white-space:nowrap">
                  <a name="https---nih-ncpi.github.io-ncpi-fhir-ig-CodeSystem-ConditionInheritanceMode-HP-0010983"> </a>  
                  <a href="CodeSystem-ConditionInheritanceMode.html#ConditionInheritanceMode-HP.580010983">HP:0010983</a>
                </td>
                <td>https://nih-ncpi.github.io/ncpi-fhir-ig/CodeSystem/ConditionInheritanceMode</td>
                <td>Oligogenic</td>
              </tr>
              <tr>
                <td style="white-space:nowrap">
                  <a name="https---nih-ncpi.github.io-ncpi-fhir-ig-CodeSystem-ConditionInheritanceMode-HP-0012274"> </a>  
                  <a href="CodeSystem-ConditionInheritanceMode.html#ConditionInheritanceMode-HP.580012274">HP:0012274</a>
                </td>
                <td>https://nih-ncpi.github.io/ncpi-fhir-ig/CodeSystem/ConditionInheritanceMode</td>
                <td>Autosomal dominant inheritance (with paternal imprinting)</td>
              </tr>
              <tr>
                <td style="white-space:nowrap">
                  <a name="https---nih-ncpi.github.io-ncpi-fhir-ig-CodeSystem-ConditionInheritanceMode-HP-0012275"> </a>  
                  <a href="CodeSystem-ConditionInheritanceMode.html#ConditionInheritanceMode-HP.580012275">HP:0012275</a>
                </td>
                <td>https://nih-ncpi.github.io/ncpi-fhir-ig/CodeSystem/ConditionInheritanceMode</td>
                <td>Autosomal dominant inheritance (with maternal imprinting)</td>
              </tr>
              <tr>
                <td style="white-space:nowrap">
                  <a name="https---nih-ncpi.github.io-ncpi-fhir-ig-CodeSystem-ConditionInheritanceMode-HP-0025352"> </a>  
                  <a href="CodeSystem-ConditionInheritanceMode.html#ConditionInheritanceMode-HP.580025352">HP:0025352</a>
                </td>
                <td>https://nih-ncpi.github.io/ncpi-fhir-ig/CodeSystem/ConditionInheritanceMode</td>
                <td>Autosomal dominant inheritance (primarily or exclusively de novo)</td>
              </tr>
              <tr>
                <td style="white-space:nowrap">
                  <a name="https---nih-ncpi.github.io-ncpi-fhir-ig-CodeSystem-ConditionInheritanceMode-HP-0031362"> </a>  
                  <a href="CodeSystem-ConditionInheritanceMode.html#ConditionInheritanceMode-HP.580031362">HP:0031362</a>
                </td>
                <td>https://nih-ncpi.github.io/ncpi-fhir-ig/CodeSystem/ConditionInheritanceMode</td>
                <td>Autosomal recessive inheritance (sex-limited)</td>
              </tr>
              <tr>
                <td style="white-space:nowrap">
                  <a name="https---nih-ncpi.github.io-ncpi-fhir-ig-CodeSystem-ConditionInheritanceMode-SEPIO-CG-97020"> </a>  
                  <a href="CodeSystem-ConditionInheritanceMode.html#ConditionInheritanceMode-SEPIO-CG.5897020">SEPIO-CG:97020</a>
                </td>
                <td>https://nih-ncpi.github.io/ncpi-fhir-ig/CodeSystem/ConditionInheritanceMode</td>
                <td>Semidominant inheritance</td>
              </tr>
              <tr>
                <td style="white-space:nowrap">
                  <a name="https---nih-ncpi.github.io-ncpi-fhir-ig-CodeSystem-ConditionInheritanceMode-SEPIO-CG-97021"> </a>  
                  <a href="CodeSystem-ConditionInheritanceMode.html#ConditionInheritanceMode-SEPIO-CG.5897021">SEPIO-CG:97021</a>
                </td>
                <td>https://nih-ncpi.github.io/ncpi-fhir-ig/CodeSystem/ConditionInheritanceMode</td>
                <td>X-linked inheritance (primarily recessive with milder female expression)</td>
              </tr>
              <tr>
                <td style="white-space:nowrap">
                  <a name="https---nih-ncpi.github.io-ncpi-fhir-ig-CodeSystem-ConditionInheritanceMode-SEPIO-CG-97022"> </a>  
                  <a href="CodeSystem-ConditionInheritanceMode.html#ConditionInheritanceMode-SEPIO-CG.5897022">SEPIO-CG:97022</a>
                </td>
                <td>https://nih-ncpi.github.io/ncpi-fhir-ig/CodeSystem/ConditionInheritanceMode</td>
                <td>Autosomal dominant inheritance (with genetic anticipation)</td>
              </tr>
              <tr>
                <td style="white-space:nowrap">
                  <a name="https---nih-ncpi.github.io-ncpi-fhir-ig-CodeSystem-ConditionInheritanceMode-SEPIO-CG-97023"> </a>  
                  <a href="CodeSystem-ConditionInheritanceMode.html#ConditionInheritanceMode-SEPIO-CG.5897023">SEPIO-CG:97023</a>
                </td>
                <td>https://nih-ncpi.github.io/ncpi-fhir-ig/CodeSystem/ConditionInheritanceMode</td>
                <td>Autosomal recessive inheritance (with genetic anticipation)</td>
              </tr>
            </table>
          </div>
        </text>
        <url value="https://nih-ncpi.github.io/ncpi-fhir-ig/ValueSet/condition-inheritance-vs"/>
        <version value="0.2.0"/>
        <name value="ConditionInheritanceModeVS"/>
        <title value="Condition Inheritance Pattern"/>
        <status value="active"/>
        <date value="2023-09-15T20:59:49+00:00"/>
        <jurisdiction>
          <coding>
            <system value="http://unstats.un.org/unsd/methods/m49/m49.htm"/>
            <code value="001"/>
          </coding>
        </jurisdiction>
        <expansion>
          <identifier value="urn:uuid:dd3a1f5c-9e6a-413a-a733-de661ac314ee"/>
          <timestamp value="2023-09-15T21:00:52+00:00"/>
          <total value="25"/>
          <parameter>
            <name value="excludeNested"/>
            <valueBoolean value="false"/>
          </parameter>
          <parameter>
            <name value="used-codesystem"/>
            <valueUri value="https://nih-ncpi.github.io/ncpi-fhir-ig/CodeSystem/ConditionInheritanceMode|0.2.0"/>
          </parameter>
          <contains>
            <system value="https://nih-ncpi.github.io/ncpi-fhir-ig/CodeSystem/ConditionInheritanceMode"/>
            <code value="GENO:0000143"/>
            <display value="Codominant inheritance"/>
          </contains>
          <contains>
            <system value="https://nih-ncpi.github.io/ncpi-fhir-ig/CodeSystem/ConditionInheritanceMode"/>
            <code value="GENO:0000889"/>
            <display value="Unknown inheritance"/>
          </contains>
          <contains>
            <system value="https://nih-ncpi.github.io/ncpi-fhir-ig/CodeSystem/ConditionInheritanceMode"/>
            <code value="GENO:0000892"/>
            <display value="Mitochondrial inheritance (primarily or exclusively heteroplasmic)"/>
          </contains>
          <contains>
            <system value="https://nih-ncpi.github.io/ncpi-fhir-ig/CodeSystem/ConditionInheritanceMode"/>
            <code value="GENO:0000893"/>
            <display value="Mitochondrial inheritance (primarily or exclusively homoplasmic)"/>
          </contains>
          <contains>
            <system value="https://nih-ncpi.github.io/ncpi-fhir-ig/CodeSystem/ConditionInheritanceMode"/>
            <code value="HP:0000006"/>
            <display value="Autosomal dominant inheritance"/>
          </contains>
          <contains>
            <system value="https://nih-ncpi.github.io/ncpi-fhir-ig/CodeSystem/ConditionInheritanceMode"/>
            <code value="HP:0000007"/>
            <display value="Autosomal recessive inheritance"/>
          </contains>
          <contains>
            <system value="https://nih-ncpi.github.io/ncpi-fhir-ig/CodeSystem/ConditionInheritanceMode"/>
            <code value="HP:0001417"/>
            <display value="X-linked inheritance"/>
          </contains>
          <contains>
            <system value="https://nih-ncpi.github.io/ncpi-fhir-ig/CodeSystem/ConditionInheritanceMode"/>
            <code value="HP:0001419"/>
            <display value="X-linked inheritance (recessive)"/>
          </contains>
          <contains>
            <system value="https://nih-ncpi.github.io/ncpi-fhir-ig/CodeSystem/ConditionInheritanceMode"/>
            <code value="HP:0001423"/>
            <display value="X-linked inheritance (dominant)"/>
          </contains>
          <contains>
            <system value="https://nih-ncpi.github.io/ncpi-fhir-ig/CodeSystem/ConditionInheritanceMode"/>
            <code value="HP:0001426"/>
            <display value="Multifactorial inheritance"/>
          </contains>
          <contains>
            <system value="https://nih-ncpi.github.io/ncpi-fhir-ig/CodeSystem/ConditionInheritanceMode"/>
            <code value="HP:0001427"/>
            <display value="Mitochondrial inheritance"/>
          </contains>
          <contains>
            <system value="https://nih-ncpi.github.io/ncpi-fhir-ig/CodeSystem/ConditionInheritanceMode"/>
            <code value="HP:0001428"/>
            <display value="Somatic mutation"/>
          </contains>
          <contains>
            <system value="https://nih-ncpi.github.io/ncpi-fhir-ig/CodeSystem/ConditionInheritanceMode"/>
            <code value="HP:0001450"/>
            <display value="Y-linked inheritance"/>
          </contains>
          <contains>
            <system value="https://nih-ncpi.github.io/ncpi-fhir-ig/CodeSystem/ConditionInheritanceMode"/>
            <code value="HP:0001470"/>
            <display value="Autosomal dominant inheritance (sex-limited)"/>
          </contains>
          <contains>
            <system value="https://nih-ncpi.github.io/ncpi-fhir-ig/CodeSystem/ConditionInheritanceMode"/>
            <code value="HP:0003743"/>
            <display value="Genetic anticipation"/>
          </contains>
          <contains>
            <system value="https://nih-ncpi.github.io/ncpi-fhir-ig/CodeSystem/ConditionInheritanceMode"/>
            <code value="HP:0003745"/>
            <display value="Sporadic"/>
          </contains>
          <contains>
            <system value="https://nih-ncpi.github.io/ncpi-fhir-ig/CodeSystem/ConditionInheritanceMode"/>
            <code value="HP:0010983"/>
            <display value="Oligogenic"/>
          </contains>
          <contains>
            <system value="https://nih-ncpi.github.io/ncpi-fhir-ig/CodeSystem/ConditionInheritanceMode"/>
            <code value="HP:0012274"/>
            <display value="Autosomal dominant inheritance (with paternal imprinting)"/>
          </contains>
          <contains>
            <system value="https://nih-ncpi.github.io/ncpi-fhir-ig/CodeSystem/ConditionInheritanceMode"/>
            <code value="HP:0012275"/>
            <display value="Autosomal dominant inheritance (with maternal imprinting)"/>
          </contains>
          <contains>
            <system value="https://nih-ncpi.github.io/ncpi-fhir-ig/CodeSystem/ConditionInheritanceMode"/>
            <code value="HP:0025352"/>
            <display value="Autosomal dominant inheritance (primarily or exclusively de novo)"/>
          </contains>
          <contains>
            <system value="https://nih-ncpi.github.io/ncpi-fhir-ig/CodeSystem/ConditionInheritanceMode"/>
            <code value="HP:0031362"/>
            <display value="Autosomal recessive inheritance (sex-limited)"/>
          </contains>
          <contains>
            <system value="https://nih-ncpi.github.io/ncpi-fhir-ig/CodeSystem/ConditionInheritanceMode"/>
            <code value="SEPIO-CG:97020"/>
            <display value="Semidominant inheritance"/>
          </contains>
          <contains>
            <system value="https://nih-ncpi.github.io/ncpi-fhir-ig/CodeSystem/ConditionInheritanceMode"/>
            <code value="SEPIO-CG:97021"/>
            <display value="X-linked inheritance (primarily recessive with milder female expression)"/>
          </contains>
          <contains>
            <system value="https://nih-ncpi.github.io/ncpi-fhir-ig/CodeSystem/ConditionInheritanceMode"/>
            <code value="SEPIO-CG:97022"/>
            <display value="Autosomal dominant inheritance (with genetic anticipation)"/>
          </contains>
          <contains>
            <system value="https://nih-ncpi.github.io/ncpi-fhir-ig/CodeSystem/ConditionInheritanceMode"/>
            <code value="SEPIO-CG:97023"/>
            <display value="Autosomal recessive inheritance (with genetic anticipation)"/>
          </contains>
        </expansion>
      </ValueSet>
    </resource>
  </entry>
  <entry>
    <fullUrl value="https://nih-ncpi.github.io/ncpi-fhir-ig/ValueSet/ncpi-vs"/>
    <resource>
      <ValueSet>
        <text>
          <status value="generated"/>
          <div xmlns="http://www.w3.org/1999/xhtml">
            <p>This value set contains 21 concepts</p>
            <div style="border: black 1px dotted; background-color: #EEEEEE; padding: 8px; margin-bottom: 8px">
              <p>Expansion based on code system fragments: </p>
              <ul>
                <li>
                  <a href="CodeSystem-ncpi-data-types.html">https://nih-ncpi.github.io/ncpi-fhir-ig/CodeSystem/ncpi-data-types Data Types for NCPI Research v0.2.0 (CodeSystem)</a>
                </li>
                <li>
                  <a href="CodeSystem-ncpi.html">https://nih-ncpi.github.io/ncpi-fhir-ig/CodeSystem/ncpi NCPI FHIR Codes v0.2.0 (CodeSystem)</a>
                </li>
              </ul>
            </div>
            <div style="border: black 1px dotted; background-color: #EEEEEE; padding: 8px; margin-bottom: 8px">
              <p>Expansion based on: </p>
              <ul>
                <li>
                  <a href="CodeSystem-ncpi.html">codesystem NCPI FHIR Codes v0.2.0 (CodeSystem)</a>
                </li>
                <li>
                  <a href="CodeSystem-ncpi-data-types.html">codesystem Data Types for NCPI Research v0.2.0 (CodeSystem)</a>
                </li>
              </ul>
            </div>
            <table class="codes">
              <tr>
                <td style="white-space:nowrap">
                  <b>Code</b>
                </td>
                <td>
                  <b>System</b>
                </td>
                <td>
                  <b>Display</b>
                </td>
              </tr>
              <tr>
                <td style="white-space:nowrap">
                  <a name="https---nih-ncpi.github.io-ncpi-fhir-ig-CodeSystem-ncpi-Consortium"> </a>  
                  <a href="CodeSystem-ncpi.html#ncpi-Consortium">Consortium</a>
                </td>
                <td>https://nih-ncpi.github.io/ncpi-fhir-ig/CodeSystem/ncpi</td>
                <td>Study Consortium</td>
              </tr>
              <tr>
                <td style="white-space:nowrap">
                  <a name="https---nih-ncpi.github.io-ncpi-fhir-ig-CodeSystem-ncpi-StudyCohort"> </a>  
                  <a href="CodeSystem-ncpi.html#ncpi-StudyCohort">StudyCohort</a>
                </td>
                <td>https://nih-ncpi.github.io/ncpi-fhir-ig/CodeSystem/ncpi</td>
                <td>Study Cohort</td>
              </tr>
              <tr>
                <td style="white-space:nowrap">
                  <a name="https---nih-ncpi.github.io-ncpi-fhir-ig-CodeSystem-ncpi-ConsentGroup"> </a>  
                  <a href="CodeSystem-ncpi.html#ncpi-ConsentGroup">ConsentGroup</a>
                </td>
                <td>https://nih-ncpi.github.io/ncpi-fhir-ig/CodeSystem/ncpi</td>
                <td>Study Consent Group</td>
              </tr>
              <tr>
                <td style="white-space:nowrap">
                  <a name="https---nih-ncpi.github.io-ncpi-fhir-ig-CodeSystem-ncpi-Summary"> </a>  
                  <a href="CodeSystem-ncpi.html#ncpi-Summary">Summary</a>
                </td>
                <td>https://nih-ncpi.github.io/ncpi-fhir-ig/CodeSystem/ncpi</td>
                <td>Summary Data</td>
              </tr>
              <tr>
                <td style="white-space:nowrap">
                  <a name="https---nih-ncpi.github.io-ncpi-fhir-ig-CodeSystem-ncpi-CohortCount"> </a>  
                  <a href="CodeSystem-ncpi.html#ncpi-CohortCount">CohortCount</a>
                </td>
                <td>https://nih-ncpi.github.io/ncpi-fhir-ig/CodeSystem/ncpi</td>
                <td>Number of cohorts that are part of this study</td>
              </tr>
              <tr>
                <td style="white-space:nowrap">
                  <a name="https---nih-ncpi.github.io-ncpi-fhir-ig-CodeSystem-ncpi-SubStudyCount"> </a>  
                  <a href="CodeSystem-ncpi.html#ncpi-SubStudyCount">SubStudyCount</a>
                </td>
                <td>https://nih-ncpi.github.io/ncpi-fhir-ig/CodeSystem/ncpi</td>
                <td>Number of sub-studies that are part of this study</td>
              </tr>
              <tr>
                <td style="white-space:nowrap">
                  <a name="https---nih-ncpi.github.io-ncpi-fhir-ig-CodeSystem-ncpi-SampleCount"> </a>  
                  <a href="CodeSystem-ncpi.html#ncpi-SampleCount">SampleCount</a>
                </td>
                <td>https://nih-ncpi.github.io/ncpi-fhir-ig/CodeSystem/ncpi</td>
                <td>Number of samples that are part of this study</td>
              </tr>
              <tr>
                <td style="white-space:nowrap">
                  <a name="https---nih-ncpi.github.io-ncpi-fhir-ig-CodeSystem-ncpi-Participant"> </a>  
                  <a href="CodeSystem-ncpi.html#ncpi-Participant">Participant</a>
                </td>
                <td>https://nih-ncpi.github.io/ncpi-fhir-ig/CodeSystem/ncpi</td>
                <td>Number of participants that are part of this study</td>
              </tr>
              <tr>
                <td style="white-space:nowrap">
                  <a name="https---nih-ncpi.github.io-ncpi-fhir-ig-CodeSystem-ncpi-VariableCount"> </a>  
                  <a href="CodeSystem-ncpi.html#ncpi-VariableCount">VariableCount</a>
                </td>
                <td>https://nih-ncpi.github.io/ncpi-fhir-ig/CodeSystem/ncpi</td>
                <td>Number of variables that are part of this study</td>
              </tr>
              <tr>
                <td style="white-space:nowrap">
                  <a name="https---nih-ncpi.github.io-ncpi-fhir-ig-CodeSystem-ncpi-AnalysesCount"> </a>  
                  <a href="CodeSystem-ncpi.html#ncpi-AnalysesCount">AnalysesCount</a>
                </td>
                <td>https://nih-ncpi.github.io/ncpi-fhir-ig/CodeSystem/ncpi</td>
                <td>Number of analyses that are part of this study</td>
              </tr>
              <tr>
                <td style="white-space:nowrap">
                  <a name="https---nih-ncpi.github.io-ncpi-fhir-ig-CodeSystem-ncpi-MolecularDatasetCount"> </a>  
                  <a href="CodeSystem-ncpi.html#ncpi-MolecularDatasetCount">MolecularDatasetCount</a>
                </td>
                <td>https://nih-ncpi.github.io/ncpi-fhir-ig/CodeSystem/ncpi</td>
                <td>Number of molecular datasets that are part of this study</td>
              </tr>
              <tr>
                <td style="white-space:nowrap">
                  <a name="https---nih-ncpi.github.io-ncpi-fhir-ig-CodeSystem-ncpi-PhenotypeDatasetCount"> </a>  
                  <a href="CodeSystem-ncpi.html#ncpi-PhenotypeDatasetCount">PhenotypeDatasetCount</a>
                </td>
                <td>https://nih-ncpi.github.io/ncpi-fhir-ig/CodeSystem/ncpi</td>
                <td>Number of phenotype datasets that are part of this study</td>
              </tr>
              <tr>
                <td style="white-space:nowrap">
                  <a name="https---nih-ncpi.github.io-ncpi-fhir-ig-CodeSystem-ncpi-StorageSize"> </a>  
                  <a href="CodeSystem-ncpi.html#ncpi-StorageSize">StorageSize</a>
                </td>
                <td>https://nih-ncpi.github.io/ncpi-fhir-ig/CodeSystem/ncpi</td>
                <td>Size on Disk</td>
              </tr>
              <tr>
                <td style="white-space:nowrap">
                  <a name="https---nih-ncpi.github.io-ncpi-fhir-ig-CodeSystem-ncpi-ConsentCodes"> </a>  
                  <a href="CodeSystem-ncpi.html#ncpi-ConsentCodes">ConsentCodes</a>
                </td>
                <td>https://nih-ncpi.github.io/ncpi-fhir-ig/CodeSystem/ncpi</td>
                <td>Consent Codes</td>
              </tr>
              <tr>
                <td style="white-space:nowrap">
                  <a name="https---nih-ncpi.github.io-ncpi-fhir-ig-CodeSystem-ncpi-TerraWorkspace"> </a>  
                  <a href="CodeSystem-ncpi.html#ncpi-TerraWorkspace">TerraWorkspace</a>
                </td>
                <td>https://nih-ncpi.github.io/ncpi-fhir-ig/CodeSystem/ncpi</td>
                <td>Terra Workspace Name</td>
              </tr>
              <tr>
                <td style="white-space:nowrap">
                  <a name="https---nih-ncpi.github.io-ncpi-fhir-ig-CodeSystem-ncpi-PrimaryDisease"> </a>  
                  <a href="CodeSystem-ncpi.html#ncpi-PrimaryDisease">PrimaryDisease</a>
                </td>
                <td>https://nih-ncpi.github.io/ncpi-fhir-ig/CodeSystem/ncpi</td>
                <td>Primary Disease</td>
              </tr>
              <tr>
                <td style="white-space:nowrap">
                  <a name="https---nih-ncpi.github.io-ncpi-fhir-ig-CodeSystem-ncpi-AccessType"> </a>  
                  <a href="CodeSystem-ncpi.html#ncpi-AccessType">AccessType</a>
                </td>
                <td>https://nih-ncpi.github.io/ncpi-fhir-ig/CodeSystem/ncpi</td>
                <td>Access Type</td>
              </tr>
              <tr>
                <td style="white-space:nowrap">
                  <a name="https---nih-ncpi.github.io-ncpi-fhir-ig-CodeSystem-ncpi-StudyDesign"> </a>  
                  <a href="CodeSystem-ncpi.html#ncpi-StudyDesign">StudyDesign</a>
                </td>
                <td>https://nih-ncpi.github.io/ncpi-fhir-ig/CodeSystem/ncpi</td>
                <td>Study Design</td>
              </tr>
              <tr>
                <td style="white-space:nowrap">
                  <a name="https---nih-ncpi.github.io-ncpi-fhir-ig-CodeSystem-ncpi-data-types-Exome"> </a>  
                  <a href="CodeSystem-ncpi-data-types.html#ncpi-data-types-Exome">Exome</a>
                </td>
                <td>https://nih-ncpi.github.io/ncpi-fhir-ig/CodeSystem/ncpi-data-types</td>
                <td>Exome Sequence Data</td>
              </tr>
              <tr>
                <td style="white-space:nowrap">
                  <a name="https---nih-ncpi.github.io-ncpi-fhir-ig-CodeSystem-ncpi-data-types-WholeGenome"> </a>  
                  <a href="CodeSystem-ncpi-data-types.html#ncpi-data-types-WholeGenome">WholeGenome</a>
                </td>
                <td>https://nih-ncpi.github.io/ncpi-fhir-ig/CodeSystem/ncpi-data-types</td>
                <td>Whole Genome Sequence Data</td>
              </tr>
              <tr>
                <td style="white-space:nowrap">
                  <a name="https---nih-ncpi.github.io-ncpi-fhir-ig-CodeSystem-ncpi-data-types-GWAS"> </a>  
                  <a href="CodeSystem-ncpi-data-types.html#ncpi-data-types-GWAS">GWAS</a>
                </td>
                <td>https://nih-ncpi.github.io/ncpi-fhir-ig/CodeSystem/ncpi-data-types</td>
                <td>Genome-Wide Association Studies</td>
              </tr>
            </table>
          </div>
        </text>
        <url value="https://nih-ncpi.github.io/ncpi-fhir-ig/ValueSet/ncpi-vs"/>
        <version value="0.2.0"/>
        <name value="Ncpi_VS"/>
        <title value="NCPI FHIR Codes"/>
        <status value="draft"/>
        <date value="2023-09-15T20:59:49+00:00"/>
        <expansion>
          <identifier value="urn:uuid:20065f0d-0a56-43f3-9afd-eb5a0724b9ee"/>
          <timestamp value="2023-09-15T21:00:55+00:00"/>
          <total value="21"/>
          <parameter>
            <name value="excludeNested"/>
            <valueBoolean value="false"/>
          </parameter>
          <parameter>
            <name value="used-codesystem"/>
            <valueUri value="https://nih-ncpi.github.io/ncpi-fhir-ig/CodeSystem/ncpi|0.2.0"/>
          </parameter>
          <parameter>
            <name value="fragment"/>
            <valueCanonical value="https://nih-ncpi.github.io/ncpi-fhir-ig/CodeSystem/ncpi|0.2.0"/>
          </parameter>
          <parameter>
            <name value="used-codesystem"/>
            <valueUri value="https://nih-ncpi.github.io/ncpi-fhir-ig/CodeSystem/ncpi-data-types|0.2.0"/>
          </parameter>
          <parameter>
            <name value="fragment"/>
            <valueCanonical value="https://nih-ncpi.github.io/ncpi-fhir-ig/CodeSystem/ncpi-data-types|0.2.0"/>
          </parameter>
          <contains>
            <system value="https://nih-ncpi.github.io/ncpi-fhir-ig/CodeSystem/ncpi"/>
            <code value="Consortium"/>
            <display value="Study Consortium"/>
          </contains>
          <contains>
            <system value="https://nih-ncpi.github.io/ncpi-fhir-ig/CodeSystem/ncpi"/>
            <code value="StudyCohort"/>
            <display value="Study Cohort"/>
          </contains>
          <contains>
            <system value="https://nih-ncpi.github.io/ncpi-fhir-ig/CodeSystem/ncpi"/>
            <code value="ConsentGroup"/>
            <display value="Study Consent Group"/>
          </contains>
          <contains>
            <system value="https://nih-ncpi.github.io/ncpi-fhir-ig/CodeSystem/ncpi"/>
            <code value="Summary"/>
            <display value="Summary Data"/>
          </contains>
          <contains>
            <system value="https://nih-ncpi.github.io/ncpi-fhir-ig/CodeSystem/ncpi"/>
            <code value="CohortCount"/>
            <display value="Number of cohorts that are part of this study"/>
          </contains>
          <contains>
            <system value="https://nih-ncpi.github.io/ncpi-fhir-ig/CodeSystem/ncpi"/>
            <code value="SubStudyCount"/>
            <display value="Number of sub-studies that are part of this study"/>
          </contains>
          <contains>
            <system value="https://nih-ncpi.github.io/ncpi-fhir-ig/CodeSystem/ncpi"/>
            <code value="SampleCount"/>
            <display value="Number of samples that are part of this study"/>
          </contains>
          <contains>
            <system value="https://nih-ncpi.github.io/ncpi-fhir-ig/CodeSystem/ncpi"/>
            <code value="Participant"/>
            <display value="Number of participants that are part of this study"/>
          </contains>
          <contains>
            <system value="https://nih-ncpi.github.io/ncpi-fhir-ig/CodeSystem/ncpi"/>
            <code value="VariableCount"/>
            <display value="Number of variables that are part of this study"/>
          </contains>
          <contains>
            <system value="https://nih-ncpi.github.io/ncpi-fhir-ig/CodeSystem/ncpi"/>
            <code value="AnalysesCount"/>
            <display value="Number of analyses that are part of this study"/>
          </contains>
          <contains>
            <system value="https://nih-ncpi.github.io/ncpi-fhir-ig/CodeSystem/ncpi"/>
            <code value="MolecularDatasetCount"/>
            <display value="Number of molecular datasets that are part of this study"/>
          </contains>
          <contains>
            <system value="https://nih-ncpi.github.io/ncpi-fhir-ig/CodeSystem/ncpi"/>
            <code value="PhenotypeDatasetCount"/>
            <display value="Number of phenotype datasets that are part of this study"/>
          </contains>
          <contains>
            <system value="https://nih-ncpi.github.io/ncpi-fhir-ig/CodeSystem/ncpi"/>
            <code value="StorageSize"/>
            <display value="Size on Disk"/>
          </contains>
          <contains>
            <system value="https://nih-ncpi.github.io/ncpi-fhir-ig/CodeSystem/ncpi"/>
            <code value="ConsentCodes"/>
            <display value="Consent Codes"/>
          </contains>
          <contains>
            <system value="https://nih-ncpi.github.io/ncpi-fhir-ig/CodeSystem/ncpi"/>
            <code value="TerraWorkspace"/>
            <display value="Terra Workspace Name"/>
          </contains>
          <contains>
            <system value="https://nih-ncpi.github.io/ncpi-fhir-ig/CodeSystem/ncpi"/>
            <code value="PrimaryDisease"/>
            <display value="Primary Disease"/>
          </contains>
          <contains>
            <system value="https://nih-ncpi.github.io/ncpi-fhir-ig/CodeSystem/ncpi"/>
            <code value="AccessType"/>
            <display value="Access Type"/>
          </contains>
          <contains>
            <system value="https://nih-ncpi.github.io/ncpi-fhir-ig/CodeSystem/ncpi"/>
            <code value="StudyDesign"/>
            <display value="Study Design"/>
          </contains>
          <contains>
            <system value="https://nih-ncpi.github.io/ncpi-fhir-ig/CodeSystem/ncpi-data-types"/>
            <code value="Exome"/>
            <display value="Exome Sequence Data"/>
          </contains>
          <contains>
            <system value="https://nih-ncpi.github.io/ncpi-fhir-ig/CodeSystem/ncpi-data-types"/>
            <code value="WholeGenome"/>
            <display value="Whole Genome Sequence Data"/>
          </contains>
          <contains>
            <system value="https://nih-ncpi.github.io/ncpi-fhir-ig/CodeSystem/ncpi-data-types"/>
            <code value="GWAS"/>
            <display value="Genome-Wide Association Studies"/>
          </contains>
        </expansion>
      </ValueSet>
    </resource>
  </entry>
  <entry>
    <fullUrl value="http://hl7.org/fhir/uv/genomics-reporting/ValueSet/tbd-codes"/>
    <resource>
      <ValueSet>
        <meta>
          <profile value="http://hl7.org/fhir/StructureDefinition/shareablevalueset"/>
        </meta>
        <text>
          <status value="generated"/>
          <div xmlns="http://www.w3.org/1999/xhtml">
            <p>This value set contains 18 concepts</p>
            <p style="border: black 1px dotted; background-color: #EEEEEE; padding: 8px; margin-bottom: 8px">Expansion based on 
              <a href="CodeSystem-tbd-codes.html">codesystem ToBeDeterminedCodes ('TbdCodes') v0.2.0 (CodeSystem)</a>
            </p>
            <table class="codes">
              <tr>
                <td style="white-space:nowrap">
                  <b>Code</b>
                </td>
                <td>
                  <b>System</b>
                </td>
                <td>
                  <b>Display</b>
                </td>
                <td>
                  <b>Definition</b>
                </td>
              </tr>
              <tr>
                <td style="white-space:nowrap">
                  <a name="http---hl7.org-fhir-uv-genomics-reporting-CodeSystem-tbd-codes-grouper"> </a>  
                  <a href="CodeSystem-tbd-codes.html#tbd-codes-grouper">grouper</a>
                </td>
                <td>http://hl7.org/fhir/uv/genomics-reporting/CodeSystem/tbd-codes</td>
                <td>grouper</td>
                <td>
                  <div>
                    <p>A means to bundle several observations such as one would find in a genetics test panel.</p>

                  </div>
                </td>
              </tr>
              <tr>
                <td style="white-space:nowrap">
                  <a name="http---hl7.org-fhir-uv-genomics-reporting-CodeSystem-tbd-codes-mode-of-inheritance"> </a>  
                  <a href="CodeSystem-tbd-codes.html#tbd-codes-mode-of-inheritance">mode-of-inheritance</a>
                </td>
                <td>http://hl7.org/fhir/uv/genomics-reporting/CodeSystem/tbd-codes</td>
                <td>mode-of-inheritance</td>
                <td>
                  <div>
                    <p>This is actually LOINC code 79742-3. And the IG will be updated</p>

                  </div>
                </td>
              </tr>
              <tr>
                <td style="white-space:nowrap">
                  <a name="http---hl7.org-fhir-uv-genomics-reporting-CodeSystem-tbd-codes-effect-transporter-function"> </a>  
                  <a href="CodeSystem-tbd-codes.html#tbd-codes-effect-transporter-function">effect-transporter-function</a>
                </td>
                <td>http://hl7.org/fhir/uv/genomics-reporting/CodeSystem/tbd-codes</td>
                <td>effect-transporter-function</td>
                <td>
                  <div>
                    <p>Predicted phenotype for drug efficacy through transport mechanism. A single marker interpretation value known to increase or decrease the drug's performance.</p>

                  </div>
                </td>
              </tr>
              <tr>
                <td style="white-space:nowrap">
                  <a name="http---hl7.org-fhir-uv-genomics-reporting-CodeSystem-tbd-codes-effect-medication-efficacy"> </a>  
                  <a href="CodeSystem-tbd-codes.html#tbd-codes-effect-medication-efficacy">effect-medication-efficacy</a>
                </td>
                <td>http://hl7.org/fhir/uv/genomics-reporting/CodeSystem/tbd-codes</td>
                <td>Medication Efficacy</td>
                <td>
                  <div/>
                </td>
              </tr>
              <tr>
                <td style="white-space:nowrap">
                  <a name="http---hl7.org-fhir-uv-genomics-reporting-CodeSystem-tbd-codes-effect-medication-metabolism"> </a>  
                  <a href="CodeSystem-tbd-codes.html#tbd-codes-effect-medication-metabolism">effect-medication-metabolism</a>
                </td>
                <td>http://hl7.org/fhir/uv/genomics-reporting/CodeSystem/tbd-codes</td>
                <td>Medication Metabolism</td>
                <td>
                  <div/>
                </td>
              </tr>
              <tr>
                <td style="white-space:nowrap">
                  <a name="http---hl7.org-fhir-uv-genomics-reporting-CodeSystem-tbd-codes-effect-medication-transporter"> </a>  
                  <a href="CodeSystem-tbd-codes.html#tbd-codes-effect-medication-transporter">effect-medication-transporter</a>
                </td>
                <td>http://hl7.org/fhir/uv/genomics-reporting/CodeSystem/tbd-codes</td>
                <td>Medication Transporter Function</td>
                <td>
                  <div/>
                </td>
              </tr>
              <tr>
                <td style="white-space:nowrap">
                  <a name="http---hl7.org-fhir-uv-genomics-reporting-CodeSystem-tbd-codes-effect-high-risk-allele"> </a>  
                  <a href="CodeSystem-tbd-codes.html#tbd-codes-effect-high-risk-allele">effect-high-risk-allele</a>
                </td>
                <td>http://hl7.org/fhir/uv/genomics-reporting/CodeSystem/tbd-codes</td>
                <td>High Risk Allele</td>
                <td>
                  <div/>
                </td>
              </tr>
              <tr>
                <td style="white-space:nowrap">
                  <a name="http---hl7.org-fhir-uv-genomics-reporting-CodeSystem-tbd-codes-prognostic-implication"> </a>  
                  <a href="CodeSystem-tbd-codes.html#tbd-codes-prognostic-implication">prognostic-implication</a>
                </td>
                <td>http://hl7.org/fhir/uv/genomics-reporting/CodeSystem/tbd-codes</td>
                <td>Prognostic Implication component</td>
                <td>
                  <div>
                    <p>Finding of whether a particular somatic genotype/haplotype/variation or combination-thereof predicts a particular outcome for the specified cancer - either on its own or in conjunction with one or more interventions.</p>

                  </div>
                </td>
              </tr>
              <tr>
                <td style="white-space:nowrap">
                  <a name="http---hl7.org-fhir-uv-genomics-reporting-CodeSystem-tbd-codes-associated-cancer"> </a>  
                  <a href="CodeSystem-tbd-codes.html#tbd-codes-associated-cancer">associated-cancer</a>
                </td>
                <td>http://hl7.org/fhir/uv/genomics-reporting/CodeSystem/tbd-codes</td>
                <td>associated-cancer</td>
                <td>
                  <div/>
                </td>
              </tr>
              <tr>
                <td style="white-space:nowrap">
                  <a name="http---hl7.org-fhir-uv-genomics-reporting-CodeSystem-tbd-codes-associated-therapy"> </a>  
                  <a href="CodeSystem-tbd-codes.html#tbd-codes-associated-therapy">associated-therapy</a>
                </td>
                <td>http://hl7.org/fhir/uv/genomics-reporting/CodeSystem/tbd-codes</td>
                <td>Genomically linked therapy</td>
                <td>
                  <div>
                    <p>The non-medication therapy (procedure) associated with this implication.</p>

                  </div>
                </td>
              </tr>
              <tr>
                <td style="white-space:nowrap">
                  <a name="http---hl7.org-fhir-uv-genomics-reporting-CodeSystem-tbd-codes-region-coverage"> </a>  
                  <a href="CodeSystem-tbd-codes.html#tbd-codes-region-coverage">region-coverage</a>
                </td>
                <td>http://hl7.org/fhir/uv/genomics-reporting/CodeSystem/tbd-codes</td>
                <td>region-coverage</td>
                <td>
                  <div>
                    <p>Given as a number between 0 and 100. Mean mapped read depth. Obtained by counting total number of mapped reads and divided by the number of bases in the region sequence.</p>

                  </div>
                </td>
              </tr>
              <tr>
                <td style="white-space:nowrap">
                  <a name="http---hl7.org-fhir-uv-genomics-reporting-CodeSystem-tbd-codes-functional-annotation"> </a>  
                  <a href="CodeSystem-tbd-codes.html#tbd-codes-functional-annotation">functional-annotation</a>
                </td>
                <td>http://hl7.org/fhir/uv/genomics-reporting/CodeSystem/tbd-codes</td>
                <td>functional-annotation</td>
                <td>
                  <div>
                    <p>Annotated changes to sequence features caused by this variant. Terms are from the sequence ontology under SO:0001537.</p>

                  </div>
                </td>
              </tr>
              <tr>
                <td style="white-space:nowrap">
                  <a name="http---hl7.org-fhir-uv-genomics-reporting-CodeSystem-tbd-codes-exact-start-end"> </a>  
                  <a href="CodeSystem-tbd-codes.html#tbd-codes-exact-start-end">exact-start-end</a>
                </td>
                <td>http://hl7.org/fhir/uv/genomics-reporting/CodeSystem/tbd-codes</td>
                <td>Variant exact start and end</td>
                <td>
                  <div>
                    <p>The genomic coordinates of the exact genomic range in which the variant resides.</p>

                  </div>
                </td>
              </tr>
              <tr>
                <td style="white-space:nowrap">
                  <a name="http---hl7.org-fhir-uv-genomics-reporting-CodeSystem-tbd-codes-inner-start-end"> </a>  
                  <a href="CodeSystem-tbd-codes.html#tbd-codes-inner-start-end">inner-start-end</a>
                </td>
                <td>http://hl7.org/fhir/uv/genomics-reporting/CodeSystem/tbd-codes</td>
                <td>Variant inner start and end</td>
                <td>
                  <div>
                    <p>The genomic coordinates of the inner genomic range in which the variant might reside.</p>

                  </div>
                </td>
              </tr>
              <tr>
                <td style="white-space:nowrap">
                  <a name="http---hl7.org-fhir-uv-genomics-reporting-CodeSystem-tbd-codes-outer-start-end"> </a>  
                  <a href="CodeSystem-tbd-codes.html#tbd-codes-outer-start-end">outer-start-end</a>
                </td>
                <td>http://hl7.org/fhir/uv/genomics-reporting/CodeSystem/tbd-codes</td>
                <td>Variant outer start and end</td>
                <td>
                  <div>
                    <p>The genomic coordinates of the outer genomic range in which the variant might reside.</p>

                  </div>
                </td>
              </tr>
              <tr>
                <td style="white-space:nowrap">
                  <a name="http---hl7.org-fhir-uv-genomics-reporting-CodeSystem-tbd-codes-variant-inheritance"> </a>  
                  <a href="CodeSystem-tbd-codes.html#tbd-codes-variant-inheritance">variant-inheritance</a>
                </td>
                <td>http://hl7.org/fhir/uv/genomics-reporting/CodeSystem/tbd-codes</td>
                <td>Variant inheritance</td>
                <td>
                  <div>
                    <p>A quality inhering in a variant by virtue of its origin. The terms are in the sequence ontology under SO:0001762.</p>

                  </div>
                </td>
              </tr>
              <tr>
                <td style="white-space:nowrap">
                  <a name="http---hl7.org-fhir-uv-genomics-reporting-CodeSystem-tbd-codes-diagnostic-implication"> </a>  
                  <a href="CodeSystem-tbd-codes.html#tbd-codes-diagnostic-implication">diagnostic-implication</a>
                </td>
                <td>http://hl7.org/fhir/uv/genomics-reporting/CodeSystem/tbd-codes</td>
                <td>Diagnostic Implication</td>
                <td>
                  <div>
                    <p>An observation linking a genomic finding with a knowledge base, providing context that may aid in diagnosing a patient with a particular phenotype or condition.</p>

                  </div>
                </td>
              </tr>
              <tr>
                <td style="white-space:nowrap">
                  <a name="http---hl7.org-fhir-uv-genomics-reporting-CodeSystem-tbd-codes-therapeutic-implication"> </a>  
                  <a href="CodeSystem-tbd-codes.html#tbd-codes-therapeutic-implication">therapeutic-implication</a>
                </td>
                <td>http://hl7.org/fhir/uv/genomics-reporting/CodeSystem/tbd-codes</td>
                <td>Therapeutic Implication</td>
                <td>
                  <div>
                    <p>An observation linking a genomic finding with a knowledge base, providing potential evidence of an interaction with a specified medication or non-medicinal therapy.</p>

                  </div>
                </td>
              </tr>
            </table>
          </div>
        </text>
        <url value="http://hl7.org/fhir/uv/genomics-reporting/ValueSet/tbd-codes"/>
        <version value="0.2.0"/>
        <name value="ToBeDeterminedCodes"/>
        <title value="tbd-codes"/>
        <status value="active"/>
        <experimental value="false"/>
        <date value="2019-08-21T00:00:00-04:00"/>
        <expansion>
          <identifier value="urn:uuid:893eaa99-0f96-45b2-afa5-8cd9627983fd"/>
          <timestamp value="2023-09-15T21:01:02+00:00"/>
          <total value="18"/>
          <parameter>
            <name value="excludeNested"/>
            <valueBoolean value="false"/>
          </parameter>
          <parameter>
            <name value="warning-experimental"/>
            <valueUri value="http://hl7.org/fhir/uv/genomics-reporting/CodeSystem/tbd-codes|0.2.0"/>
          </parameter>
          <parameter>
            <name value="used-codesystem"/>
            <valueUri value="http://hl7.org/fhir/uv/genomics-reporting/CodeSystem/tbd-codes|0.2.0"/>
          </parameter>
          <contains>
            <system value="http://hl7.org/fhir/uv/genomics-reporting/CodeSystem/tbd-codes"/>
            <code value="grouper"/>
            <display value="grouper"/>
          </contains>
          <contains>
            <system value="http://hl7.org/fhir/uv/genomics-reporting/CodeSystem/tbd-codes"/>
            <code value="mode-of-inheritance"/>
            <display value="mode-of-inheritance"/>
          </contains>
          <contains>
            <system value="http://hl7.org/fhir/uv/genomics-reporting/CodeSystem/tbd-codes"/>
            <code value="effect-transporter-function"/>
            <display value="effect-transporter-function"/>
          </contains>
          <contains>
            <system value="http://hl7.org/fhir/uv/genomics-reporting/CodeSystem/tbd-codes"/>
            <code value="effect-medication-efficacy"/>
            <display value="Medication Efficacy"/>
          </contains>
          <contains>
            <system value="http://hl7.org/fhir/uv/genomics-reporting/CodeSystem/tbd-codes"/>
            <code value="effect-medication-metabolism"/>
            <display value="Medication Metabolism"/>
          </contains>
          <contains>
            <system value="http://hl7.org/fhir/uv/genomics-reporting/CodeSystem/tbd-codes"/>
            <code value="effect-medication-transporter"/>
            <display value="Medication Transporter Function"/>
          </contains>
          <contains>
            <system value="http://hl7.org/fhir/uv/genomics-reporting/CodeSystem/tbd-codes"/>
            <code value="effect-high-risk-allele"/>
            <display value="High Risk Allele"/>
          </contains>
          <contains>
            <system value="http://hl7.org/fhir/uv/genomics-reporting/CodeSystem/tbd-codes"/>
            <code value="prognostic-implication"/>
            <display value="Prognostic Implication component"/>
          </contains>
          <contains>
            <system value="http://hl7.org/fhir/uv/genomics-reporting/CodeSystem/tbd-codes"/>
            <code value="associated-cancer"/>
            <display value="associated-cancer"/>
          </contains>
          <contains>
            <system value="http://hl7.org/fhir/uv/genomics-reporting/CodeSystem/tbd-codes"/>
            <code value="associated-therapy"/>
            <display value="Genomically linked therapy"/>
          </contains>
          <contains>
            <system value="http://hl7.org/fhir/uv/genomics-reporting/CodeSystem/tbd-codes"/>
            <code value="region-coverage"/>
            <display value="region-coverage"/>
          </contains>
          <contains>
            <system value="http://hl7.org/fhir/uv/genomics-reporting/CodeSystem/tbd-codes"/>
            <code value="functional-annotation"/>
            <display value="functional-annotation"/>
          </contains>
          <contains>
            <system value="http://hl7.org/fhir/uv/genomics-reporting/CodeSystem/tbd-codes"/>
            <code value="exact-start-end"/>
            <display value="Variant exact start and end"/>
          </contains>
          <contains>
            <system value="http://hl7.org/fhir/uv/genomics-reporting/CodeSystem/tbd-codes"/>
            <code value="inner-start-end"/>
            <display value="Variant inner start and end"/>
          </contains>
          <contains>
            <system value="http://hl7.org/fhir/uv/genomics-reporting/CodeSystem/tbd-codes"/>
            <code value="outer-start-end"/>
            <display value="Variant outer start and end"/>
          </contains>
          <contains>
            <system value="http://hl7.org/fhir/uv/genomics-reporting/CodeSystem/tbd-codes"/>
            <code value="variant-inheritance"/>
            <display value="Variant inheritance"/>
          </contains>
          <contains>
            <system value="http://hl7.org/fhir/uv/genomics-reporting/CodeSystem/tbd-codes"/>
            <code value="diagnostic-implication"/>
            <display value="Diagnostic Implication"/>
          </contains>
          <contains>
            <system value="http://hl7.org/fhir/uv/genomics-reporting/CodeSystem/tbd-codes"/>
            <code value="therapeutic-implication"/>
            <display value="Therapeutic Implication"/>
          </contains>
        </expansion>
      </ValueSet>
    </resource>
  </entry>
  <entry>
    <fullUrl value="https://nih-ncpi.github.io/ncpi-fhir-ig/ValueSet/loinc-answers"/>
    <resource>
      <ValueSet>
        <text>
          <status value="generated"/>
          <div xmlns="http://www.w3.org/1999/xhtml">
            <p>This value set contains 24 concepts</p>
            <p style="border: black 1px dotted; background-color: #EEEEEE; padding: 8px; margin-bottom: 8px">Expansion based on 
              <a href="CodeSystem-loinc-answers.html">codesystem LOINC Answers v0.2.0 (CodeSystem)</a>
            </p>
            <table class="codes">
              <tr>
                <td style="white-space:nowrap">
                  <b>Code</b>
                </td>
                <td>
                  <b>System</b>
                </td>
                <td>
                  <b>Display</b>
                </td>
              </tr>
              <tr>
                <td style="white-space:nowrap">
                  <a name="ncpi-loinc-answers-LA21254-0"> </a>  
                  <a href="CodeSystem-loinc-answers.html#loinc-answers-LA21254-0">LA21254-0</a>
                </td>
                <td>ncpi:loinc-answers</td>
                <td>Chromosome 1</td>
              </tr>
              <tr>
                <td style="white-space:nowrap">
                  <a name="ncpi-loinc-answers-LA21255-7"> </a>  
                  <a href="CodeSystem-loinc-answers.html#loinc-answers-LA21255-7">LA21255-7</a>
                </td>
                <td>ncpi:loinc-answers</td>
                <td>Chromosome 2</td>
              </tr>
              <tr>
                <td style="white-space:nowrap">
                  <a name="ncpi-loinc-answers-LA21256-5"> </a>  
                  <a href="CodeSystem-loinc-answers.html#loinc-answers-LA21256-5">LA21256-5</a>
                </td>
                <td>ncpi:loinc-answers</td>
                <td>Chromosome 3</td>
              </tr>
              <tr>
                <td style="white-space:nowrap">
                  <a name="ncpi-loinc-answers-LA21257-3"> </a>  
                  <a href="CodeSystem-loinc-answers.html#loinc-answers-LA21257-3">LA21257-3</a>
                </td>
                <td>ncpi:loinc-answers</td>
                <td>Chromosome 4</td>
              </tr>
              <tr>
                <td style="white-space:nowrap">
                  <a name="ncpi-loinc-answers-LA21258-1"> </a>  
                  <a href="CodeSystem-loinc-answers.html#loinc-answers-LA21258-1">LA21258-1</a>
                </td>
                <td>ncpi:loinc-answers</td>
                <td>Chromosome 5</td>
              </tr>
              <tr>
                <td style="white-space:nowrap">
                  <a name="ncpi-loinc-answers-LA21259-9"> </a>  
                  <a href="CodeSystem-loinc-answers.html#loinc-answers-LA21259-9">LA21259-9</a>
                </td>
                <td>ncpi:loinc-answers</td>
                <td>Chromosome 6</td>
              </tr>
              <tr>
                <td style="white-space:nowrap">
                  <a name="ncpi-loinc-answers-LA21260-7"> </a>  
                  <a href="CodeSystem-loinc-answers.html#loinc-answers-LA21260-7">LA21260-7</a>
                </td>
                <td>ncpi:loinc-answers</td>
                <td>Chromosome 7</td>
              </tr>
              <tr>
                <td style="white-space:nowrap">
                  <a name="ncpi-loinc-answers-LA21261-5"> </a>  
                  <a href="CodeSystem-loinc-answers.html#loinc-answers-LA21261-5">LA21261-5</a>
                </td>
                <td>ncpi:loinc-answers</td>
                <td>Chromosome 8</td>
              </tr>
              <tr>
                <td style="white-space:nowrap">
                  <a name="ncpi-loinc-answers-LA21262-3"> </a>  
                  <a href="CodeSystem-loinc-answers.html#loinc-answers-LA21262-3">LA21262-3</a>
                </td>
                <td>ncpi:loinc-answers</td>
                <td>Chromosome 9</td>
              </tr>
              <tr>
                <td style="white-space:nowrap">
                  <a name="ncpi-loinc-answers-LA21263-1"> </a>  
                  <a href="CodeSystem-loinc-answers.html#loinc-answers-LA21263-1">LA21263-1</a>
                </td>
                <td>ncpi:loinc-answers</td>
                <td>Chromosome 10</td>
              </tr>
              <tr>
                <td style="white-space:nowrap">
                  <a name="ncpi-loinc-answers-LA21264-9"> </a>  
                  <a href="CodeSystem-loinc-answers.html#loinc-answers-LA21264-9">LA21264-9</a>
                </td>
                <td>ncpi:loinc-answers</td>
                <td>Chromosome 11</td>
              </tr>
              <tr>
                <td style="white-space:nowrap">
                  <a name="ncpi-loinc-answers-LA21265-6"> </a>  
                  <a href="CodeSystem-loinc-answers.html#loinc-answers-LA21265-6">LA21265-6</a>
                </td>
                <td>ncpi:loinc-answers</td>
                <td>Chromosome 12</td>
              </tr>
              <tr>
                <td style="white-space:nowrap">
                  <a name="ncpi-loinc-answers-LA21266-4"> </a>  
                  <a href="CodeSystem-loinc-answers.html#loinc-answers-LA21266-4">LA21266-4</a>
                </td>
                <td>ncpi:loinc-answers</td>
                <td>Chromosome 13</td>
              </tr>
              <tr>
                <td style="white-space:nowrap">
                  <a name="ncpi-loinc-answers-LA21267-2"> </a>  
                  <a href="CodeSystem-loinc-answers.html#loinc-answers-LA21267-2">LA21267-2</a>
                </td>
                <td>ncpi:loinc-answers</td>
                <td>Chromosome 14</td>
              </tr>
              <tr>
                <td style="white-space:nowrap">
                  <a name="ncpi-loinc-answers-LA21268-0"> </a>  
                  <a href="CodeSystem-loinc-answers.html#loinc-answers-LA21268-0">LA21268-0</a>
                </td>
                <td>ncpi:loinc-answers</td>
                <td>Chromosome 15</td>
              </tr>
              <tr>
                <td style="white-space:nowrap">
                  <a name="ncpi-loinc-answers-LA21269-8"> </a>  
                  <a href="CodeSystem-loinc-answers.html#loinc-answers-LA21269-8">LA21269-8</a>
                </td>
                <td>ncpi:loinc-answers</td>
                <td>Chromosome 16</td>
              </tr>
              <tr>
                <td style="white-space:nowrap">
                  <a name="ncpi-loinc-answers-LA21270-6"> </a>  
                  <a href="CodeSystem-loinc-answers.html#loinc-answers-LA21270-6">LA21270-6</a>
                </td>
                <td>ncpi:loinc-answers</td>
                <td>Chromosome 17</td>
              </tr>
              <tr>
                <td style="white-space:nowrap">
                  <a name="ncpi-loinc-answers-LA21271-4"> </a>  
                  <a href="CodeSystem-loinc-answers.html#loinc-answers-LA21271-4">LA21271-4</a>
                </td>
                <td>ncpi:loinc-answers</td>
                <td>Chromosome 18</td>
              </tr>
              <tr>
                <td style="white-space:nowrap">
                  <a name="ncpi-loinc-answers-LA21272-2"> </a>  
                  <a href="CodeSystem-loinc-answers.html#loinc-answers-LA21272-2">LA21272-2</a>
                </td>
                <td>ncpi:loinc-answers</td>
                <td>Chromosome 19</td>
              </tr>
              <tr>
                <td style="white-space:nowrap">
                  <a name="ncpi-loinc-answers-LA21273-0"> </a>  
                  <a href="CodeSystem-loinc-answers.html#loinc-answers-LA21273-0">LA21273-0</a>
                </td>
                <td>ncpi:loinc-answers</td>
                <td>Chromosome 20</td>
              </tr>
              <tr>
                <td style="white-space:nowrap">
                  <a name="ncpi-loinc-answers-LA21274-8"> </a>  
                  <a href="CodeSystem-loinc-answers.html#loinc-answers-LA21274-8">LA21274-8</a>
                </td>
                <td>ncpi:loinc-answers</td>
                <td>Chromosome 21</td>
              </tr>
              <tr>
                <td style="white-space:nowrap">
                  <a name="ncpi-loinc-answers-LA21275-5"> </a>  
                  <a href="CodeSystem-loinc-answers.html#loinc-answers-LA21275-5">LA21275-5</a>
                </td>
                <td>ncpi:loinc-answers</td>
                <td>Chromosome 22</td>
              </tr>
              <tr>
                <td style="white-space:nowrap">
                  <a name="ncpi-loinc-answers-LA21276-3"> </a>  
                  <a href="CodeSystem-loinc-answers.html#loinc-answers-LA21276-3">LA21276-3</a>
                </td>
                <td>ncpi:loinc-answers</td>
                <td>Chromosome X</td>
              </tr>
              <tr>
                <td style="white-space:nowrap">
                  <a name="ncpi-loinc-answers-LA21277-1"> </a>  
                  <a href="CodeSystem-loinc-answers.html#loinc-answers-LA21277-1">LA21277-1</a>
                </td>
                <td>ncpi:loinc-answers</td>
                <td>Chromosome Y</td>
              </tr>
            </table>
          </div>
        </text>
        <url value="https://nih-ncpi.github.io/ncpi-fhir-ig/ValueSet/loinc-answers"/>
        <version value="0.2.0"/>
        <name value="LoincAnswers"/>
        <title value="LOINC Answers"/>
        <status value="draft"/>
        <experimental value="false"/>
        <date value="2023-09-15T20:59:49+00:00"/>
        <expansion>
          <identifier value="urn:uuid:178006af-c196-4694-8460-3c96a8200743"/>
          <timestamp value="2023-09-15T21:01:04+00:00"/>
          <total value="24"/>
          <parameter>
            <name value="excludeNested"/>
            <valueBoolean value="false"/>
          </parameter>
          <parameter>
            <name value="used-codesystem"/>
            <valueUri value="ncpi:loinc-answers|0.2.0"/>
          </parameter>
          <contains>
            <system value="ncpi:loinc-answers"/>
            <code value="LA21254-0"/>
            <display value="Chromosome 1"/>
          </contains>
          <contains>
            <system value="ncpi:loinc-answers"/>
            <code value="LA21255-7"/>
            <display value="Chromosome 2"/>
          </contains>
          <contains>
            <system value="ncpi:loinc-answers"/>
            <code value="LA21256-5"/>
            <display value="Chromosome 3"/>
          </contains>
          <contains>
            <system value="ncpi:loinc-answers"/>
            <code value="LA21257-3"/>
            <display value="Chromosome 4"/>
          </contains>
          <contains>
            <system value="ncpi:loinc-answers"/>
            <code value="LA21258-1"/>
            <display value="Chromosome 5"/>
          </contains>
          <contains>
            <system value="ncpi:loinc-answers"/>
            <code value="LA21259-9"/>
            <display value="Chromosome 6"/>
          </contains>
          <contains>
            <system value="ncpi:loinc-answers"/>
            <code value="LA21260-7"/>
            <display value="Chromosome 7"/>
          </contains>
          <contains>
            <system value="ncpi:loinc-answers"/>
            <code value="LA21261-5"/>
            <display value="Chromosome 8"/>
          </contains>
          <contains>
            <system value="ncpi:loinc-answers"/>
            <code value="LA21262-3"/>
            <display value="Chromosome 9"/>
          </contains>
          <contains>
            <system value="ncpi:loinc-answers"/>
            <code value="LA21263-1"/>
            <display value="Chromosome 10"/>
          </contains>
          <contains>
            <system value="ncpi:loinc-answers"/>
            <code value="LA21264-9"/>
            <display value="Chromosome 11"/>
          </contains>
          <contains>
            <system value="ncpi:loinc-answers"/>
            <code value="LA21265-6"/>
            <display value="Chromosome 12"/>
          </contains>
          <contains>
            <system value="ncpi:loinc-answers"/>
            <code value="LA21266-4"/>
            <display value="Chromosome 13"/>
          </contains>
          <contains>
            <system value="ncpi:loinc-answers"/>
            <code value="LA21267-2"/>
            <display value="Chromosome 14"/>
          </contains>
          <contains>
            <system value="ncpi:loinc-answers"/>
            <code value="LA21268-0"/>
            <display value="Chromosome 15"/>
          </contains>
          <contains>
            <system value="ncpi:loinc-answers"/>
            <code value="LA21269-8"/>
            <display value="Chromosome 16"/>
          </contains>
          <contains>
            <system value="ncpi:loinc-answers"/>
            <code value="LA21270-6"/>
            <display value="Chromosome 17"/>
          </contains>
          <contains>
            <system value="ncpi:loinc-answers"/>
            <code value="LA21271-4"/>
            <display value="Chromosome 18"/>
          </contains>
          <contains>
            <system value="ncpi:loinc-answers"/>
            <code value="LA21272-2"/>
            <display value="Chromosome 19"/>
          </contains>
          <contains>
            <system value="ncpi:loinc-answers"/>
            <code value="LA21273-0"/>
            <display value="Chromosome 20"/>
          </contains>
          <contains>
            <system value="ncpi:loinc-answers"/>
            <code value="LA21274-8"/>
            <display value="Chromosome 21"/>
          </contains>
          <contains>
            <system value="ncpi:loinc-answers"/>
            <code value="LA21275-5"/>
            <display value="Chromosome 22"/>
          </contains>
          <contains>
            <system value="ncpi:loinc-answers"/>
            <code value="LA21276-3"/>
            <display value="Chromosome X"/>
          </contains>
          <contains>
            <system value="ncpi:loinc-answers"/>
            <code value="LA21277-1"/>
            <display value="Chromosome Y"/>
          </contains>
        </expansion>
      </ValueSet>
    </resource>
  </entry>
  <entry>
    <fullUrl value="https://nih-ncpi.github.io/ncpi-fhir-ig/ValueSet/datatable-valueset-1"/>
    <resource>
      <ValueSet>
        <text>
          <status value="generated"/>
          <div xmlns="http://www.w3.org/1999/xhtml">
            <p>This value set contains 5 concepts</p>
            <p style="border: black 1px dotted; background-color: #EEEEEE; padding: 8px; margin-bottom: 8px">Expansion based on 
              <a href="CodeSystem-example-study-data-dictionary-datatable-codesystem-1.html">codesystem Datatable CodeSystem (lists all variables) v0.2.0 (CodeSystem)</a>
            </p>
            <table class="codes">
              <tr>
                <td style="white-space:nowrap">
                  <b>Code</b>
                </td>
                <td>
                  <b>System</b>
                </td>
                <td>
                  <b>Display</b>
                </td>
                <td>
                  <b>
                    <a href="ValueSet-datatable-mappings-valueset-1.html">ConceptMap[http://example.org/my-dataset/fhir/conceptmap/data-to-public|0.2.0]</a>
                  </b>
                </td>
              </tr>
              <tr>
                <td style="white-space:nowrap">
                  <a name="https---nih-ncpi.github.io-ncpi-fhir-ig-CodeSystem-example-study-data-dictionary-datatable-codesystem-1-subjectid"> </a>  
                  <a href="CodeSystem-example-study-data-dictionary-datatable-codesystem-1.html#example-study-data-dictionary-datatable-codesystem-1-subjectid">subjectid</a>
                </td>
                <td>https://nih-ncpi.github.io/ncpi-fhir-ig/CodeSystem/example-study-data-dictionary-datatable-codesystem-1</td>
                <td>Subject's Unique Identifier</td>
                <td>
                  <span title="EQUIVALENT">~</span>C2348584
                </td>
              </tr>
              <tr>
                <td style="white-space:nowrap">
                  <a name="https---nih-ncpi.github.io-ncpi-fhir-ig-CodeSystem-example-study-data-dictionary-datatable-codesystem-1-gender"> </a>  
                  <a href="CodeSystem-example-study-data-dictionary-datatable-codesystem-1.html#example-study-data-dictionary-datatable-codesystem-1-gender">gender</a>
                </td>
                <td>https://nih-ncpi.github.io/ncpi-fhir-ig/CodeSystem/example-study-data-dictionary-datatable-codesystem-1</td>
                <td>Gender</td>
                <td>
                  <span title="EQUIVALENT">~</span>C0079399
                </td>
              </tr>
              <tr>
                <td style="white-space:nowrap">
                  <a name="https---nih-ncpi.github.io-ncpi-fhir-ig-CodeSystem-example-study-data-dictionary-datatable-codesystem-1-age-at-enrollment"> </a>  
                  <a href="CodeSystem-example-study-data-dictionary-datatable-codesystem-1.html#example-study-data-dictionary-datatable-codesystem-1-age_at_enrollment">age_at_enrollment</a>
                </td>
                <td>https://nih-ncpi.github.io/ncpi-fhir-ig/CodeSystem/example-study-data-dictionary-datatable-codesystem-1</td>
                <td>Subject's Age at Enrollment in days</td>
                <td>
                  <span title="EQUIVALENT">~</span>C168843
                </td>
              </tr>
              <tr>
                <td style="white-space:nowrap">
                  <a name="https---nih-ncpi.github.io-ncpi-fhir-ig-CodeSystem-example-study-data-dictionary-datatable-codesystem-1-bmi"> </a>  
                  <a href="CodeSystem-example-study-data-dictionary-datatable-codesystem-1.html#example-study-data-dictionary-datatable-codesystem-1-bmi">bmi</a>
                </td>
                <td>https://nih-ncpi.github.io/ncpi-fhir-ig/CodeSystem/example-study-data-dictionary-datatable-codesystem-1</td>
                <td>Subject's BMI, Measured at Enrollment</td>
                <td>
                  <span title="SOURCEISNARROWERTHANTARGET">&lt;</span>C1305855
                  <br/>
                  <span title="SOURCEISNARROWERTHANTARGET">&lt;</span>
                  <a href="https://loinc.org/LP35925-4/">LP35925-4</a>
                </td>
              </tr>
              <tr>
                <td style="white-space:nowrap">
                  <a name="https---nih-ncpi.github.io-ncpi-fhir-ig-CodeSystem-example-study-data-dictionary-datatable-codesystem-1-status"> </a>  
                  <a href="CodeSystem-example-study-data-dictionary-datatable-codesystem-1.html#example-study-data-dictionary-datatable-codesystem-1-status">status</a>
                </td>
                <td>https://nih-ncpi.github.io/ncpi-fhir-ig/CodeSystem/example-study-data-dictionary-datatable-codesystem-1</td>
                <td>Subject's status (Case or Control)</td>
                <td>
                  <span title="EQUIVALENT">~</span>C0872128
                  <br/>
                  <span title="EQUIVALENT">~</span>
                  <a href="CodeSystem-hpo.html#hpo-HP.580010772">HP:0010772</a>
                  <br/>
                  <span title="EQUIVALENT">~</span>MONDO:0017705
                  <br/>
                  <span title="EQUIVALENT">~</span>MONDO:0007130
                </td>
              </tr>
            </table>
          </div>
        </text>
        <url value="https://nih-ncpi.github.io/ncpi-fhir-ig/ValueSet/datatable-valueset-1"/>
        <version value="0.2.0"/>
        <name value="ExampleStudyTableVS1"/>
        <title value="Table ValueSet"/>
        <status value="draft"/>
        <date value="2023-09-15T20:59:49+00:00"/>
        <expansion>
          <identifier value="urn:uuid:b3382777-4d50-46dd-82e3-51c5ad7784d9"/>
          <timestamp value="2023-09-15T21:01:04+00:00"/>
          <total value="5"/>
          <parameter>
            <name value="excludeNested"/>
            <valueBoolean value="false"/>
          </parameter>
          <parameter>
            <name value="used-codesystem"/>
            <valueUri value="https://nih-ncpi.github.io/ncpi-fhir-ig/CodeSystem/example-study-data-dictionary-datatable-codesystem-1|0.2.0"/>
          </parameter>
          <contains>
            <system value="https://nih-ncpi.github.io/ncpi-fhir-ig/CodeSystem/example-study-data-dictionary-datatable-codesystem-1"/>
            <code value="subjectid"/>
            <display value="Subject's Unique Identifier"/>
          </contains>
          <contains>
            <system value="https://nih-ncpi.github.io/ncpi-fhir-ig/CodeSystem/example-study-data-dictionary-datatable-codesystem-1"/>
            <code value="gender"/>
            <display value="Gender"/>
          </contains>
          <contains>
            <system value="https://nih-ncpi.github.io/ncpi-fhir-ig/CodeSystem/example-study-data-dictionary-datatable-codesystem-1"/>
            <code value="age_at_enrollment"/>
            <display value="Subject's Age at Enrollment in days"/>
          </contains>
          <contains>
            <system value="https://nih-ncpi.github.io/ncpi-fhir-ig/CodeSystem/example-study-data-dictionary-datatable-codesystem-1"/>
            <code value="bmi"/>
            <display value="Subject's BMI, Measured at Enrollment"/>
          </contains>
          <contains>
            <system value="https://nih-ncpi.github.io/ncpi-fhir-ig/CodeSystem/example-study-data-dictionary-datatable-codesystem-1"/>
            <code value="status"/>
            <display value="Subject's status (Case or Control)"/>
          </contains>
        </expansion>
      </ValueSet>
    </resource>
  </entry>
</Bundle>