<?xml version="1.0" encoding="UTF-8"?>

<ConceptMap xmlns="http://hl7.org/fhir">
  <id value="example-study-data-dictionary-conceptmap-1"/>
  <meta>
    <profile value="https://nih-ncpi.github.io/ncpi-fhir-ig/StructureDefinition/study-data-dictionary-harmony"/>
  </meta>
  <text>
    <status value="extensions"/><div xmlns="http://www.w3.org/1999/xhtml">Placeholder</div>
  </text>
  <url value="http://example.org/my-dataset/fhir/conceptmap/data-to-public"/>
  <version value="0.2.0"/>
  <status value="active"/>
  <date value="2023-09-15T21:00:11+00:00"/>
  <publisher value="NCPI FHIR Working Group"/>
  <contact>
    <name value="NCPI FHIR Working Group"/>
    <telecom>
      <system value="url"/>
      <value value="https://github.com/nih-ncpi"/>
    </telecom>
  </contact>
  <contact>
    <name value="Meen Chul Kim"/>
    <telecom>
      <system value="email"/>
      <value value="meenchul@d3b.center"/>
      <use value="work"/>
    </telecom>
  </contact>
  <purpose value="Represent transformations to public codes applied during data ingestion"/>
  <sourceUri value="https://nih-ncpi.github.io/ncpi-fhir-ig/ValueSet/datatable-valueset-1"/>
  <targetUri value="https://nih-ncpi.github.io/ncpi-fhir-ig/ValueSet/datatable-mappings-valueset-1"/>
  <group>
    <source value="https://nih-ncpi.github.io/ncpi-fhir-ig/CodeSystem/example-study-data-dictionary-datatable-codesystem-1"/>
    <target value="https://uts.nlm.nih.gov/uts/umls"/>
    <element>
      <code value="subjectid"/>
      <display value="Subject's Unique Identifier"/>
      <target>
        <code value="C2348584"/>
        <display value="Subject Unique Identifier"/>
        <equivalence value="equivalent"/>
      </target>
    </element>
    <element>
      <code value="gender"/>
      <display value="Gender"/>
      <target>
        <code value="C0079399"/>
        <display value="Gender"/>
        <equivalence value="equivalent"/>
      </target>
    </element>
    <element>
      <code value="age_at_enrollment"/>
      <display value="Subject's Age at Enrollment in days"/>
      <target>
        <code value="C168843"/>
        <display value="Age in Days at Enrollment"/>
        <equivalence value="equivalent"/>
      </target>
    </element>
    <element>
      <code value="bmi"/>
      <display value="Subject's BMI, Measured at Enrollment"/>
      <target>
        <code value="C1305855"/>
        <display value="Body mass index"/>
        <equivalence value="wider"/>
      </target>
    </element>
    <element>
      <code value="status"/>
      <display value="Subject's status (Case or Control)"/>
      <target>
        <code value="C0872128"/>
        <display value="case control"/>
        <equivalence value="equivalent"/>
      </target>
    </element>
  </group>
  <group>
    <source value="https://nih-ncpi.github.io/ncpi-fhir-ig/CodeSystem/example-study-data-dictionary-datatable-codesystem-1"/>
    <target value="http://loinc.org"/>
    <element>
      <code value="bmi"/>
      <display value="Subject's BMI, Measured at Enrollment"/>
      <target>
        <code value="LP35925-4"/>
        <display value="Body mass index (BMI)"/>
        <equivalence value="wider"/>
      </target>
    </element>
  </group>
  <group>
    <source value="https://nih-ncpi.github.io/ncpi-fhir-ig/CodeSystem/example-study-data-dictionary-datatable-codesystem-1"/>
    <target value="http://purl.obolibrary.org/obo/hp.owl"/>
    <element>
      <code value="status"/>
      <display value="Subject's status (Case or Control)"/>
      <target>
        <code value="HP:0010772"/>
        <display value="Anomalous pulmonary venous return"/>
        <equivalence value="equivalent"/>
      </target>
    </element>
  </group>
  <group>
    <source value="https://nih-ncpi.github.io/ncpi-fhir-ig/CodeSystem/example-study-data-dictionary-datatable-codesystem-1"/>
    <target value="http://purl.obolibrary.org/obo/mondo.owl"/>
    <element>
      <code value="status"/>
      <display value="Subject's status (Case or Control)"/>
      <target>
        <code value="MONDO:0017705"/>
        <display value="congenital pulmonary venous return anomaly"/>
        <equivalence value="equivalent"/>
      </target>
      <target>
        <code value="MONDO:0007130"/>
        <display value="congenital total pulmonary venous return anomaly"/>
        <equivalence value="equivalent"/>
      </target>
    </element>
  </group>
</ConceptMap>