<?xml version="1.0" encoding="UTF-8"?>

<Condition xmlns="http://hl7.org/fhir">
  <id value="phenotype-example-1"/>
  <meta>
    <profile value="https://nih-ncpi.github.io/ncpi-fhir-ig/StructureDefinition/phenotype"/>
  </meta>
  <text>
    <status value="generated"/><div xmlns="http://www.w3.org/1999/xhtml"><p><b>Generated Narrative: Condition</b><a name="phenotype-example-1"> </a></p><div style="display: inline-block; background-color: #d9e0e7; padding: 6px; margin: 4px; border: 1px solid #8da1b4; border-radius: 5px; line-height: 60%"><p style="margin-bottom: 0px">Resource Condition &quot;phenotype-example-1&quot; </p><p style="margin-bottom: 0px">Profile: <a href="StructureDefinition-phenotype.html">NCPI Phenotype</a></p></div><p><b>verificationStatus</b>: Confirmed <span style="background: LightGoldenRodYellow; margin: 4px; border: 1px solid khaki"> (<a href="http://terminology.hl7.org/5.3.0/CodeSystem-condition-ver-status.html">ConditionVerificationStatus</a>#confirmed)</span></p><p><b>code</b>: Present: Vesicoureteral reflux <span style="background: LightGoldenRodYellow; margin: 4px; border: 1px solid khaki"> (<a href="CodeSystem-hpo.html">Human Phenotype Ontology</a>#HP:0000076 &quot;Vesicoureteral reflux&quot;)</span></p><p><b>subject</b>: <a href="Patient-patient-example-1.html">Patient/patient-example-1</a> &quot; SMITH&quot;</p><p><b>recordedDate</b>: </p></div>
  </text>
  <verificationStatus>
    <coding>
      <system value="http://terminology.hl7.org/CodeSystem/condition-ver-status"/>
      <code value="confirmed"/>
      <display value="Confirmed"/>
    </coding>
  </verificationStatus>
  <code>
    <coding>
      <system value="http://purl.obolibrary.org/obo/hp.owl"/>
      <code value="HP:0000076"/>
      <display value="Vesicoureteral reflux"/>
    </coding>
    <text value="Present: Vesicoureteral reflux"/>
  </code>
  <subject>
    <reference value="Patient/patient-example-1"/>
  </subject>
  <recordedDate>
    <extension url="http://hl7.org/fhir/StructureDefinition/cqf-relativeDateTime">
      <extension url="target">
        <valueReference>
          <reference value="Patient/patient-example-1"/>
        </valueReference>
      </extension>
      <extension url="targetPath">
        <valueString value="birthDate"/>
      </extension>
      <extension url="relationship">
        <valueCode value="after"/>
      </extension>
      <extension url="offset">
        <valueDuration>
          <value value="2"/>
          <unit value="w"/>
          <system value="http://unitsofmeasure.org"/>
          <code value="weeks"/>
        </valueDuration>
      </extension>
    </extension>
  </recordedDate>
</Condition>