<?xml version="1.0" encoding="UTF-8"?>

<Patient xmlns="http://hl7.org/fhir">
  <id value="patient-example-2"/>
  <text>
    <status value="extensions"/><div xmlns="http://www.w3.org/1999/xhtml"><p><b>Generated Narrative</b></p><blockquote><p><b>US Core Race Extension</b></p><p><b>value</b>: <span title="{urn:oid:2.16.840.1.113883.6.238 2106-3}">White</span></p><p><b>value</b>: White</p></blockquote><blockquote><p><b>US Core Ethnicity Extension</b></p><p><b>value</b>: <span title="{urn:oid:2.16.840.1.113883.6.238 2135-2}">Hispanic or Latino</span></p><p><b>value</b>: <span title="{urn:oid:2.16.840.1.113883.6.238 2148-5}">Mexican</span></p><p><b>value</b>: Hispanic or Latino</p></blockquote><p><b>name</b>: Jane Samantha Smith(OFFICIAL)</p><p><b>telecom</b>: ph: (555) 555-5555(HOME)</p><p><b>gender</b>: female</p><p><b>address</b>: 3401 Civic Center Blvd., Philadelphia, PA 19104(HOME)</p><h3>Contacts</h3><table class="grid"><tr><td>-</td><td><b>Relationship</b></td><td><b>Name</b></td><td><b>Telecom</b></td><td><b>Address</b></td><td><b>Gender</b></td></tr><tr><td>*</td><td><span title="Codes: {http://terminology.hl7.org/CodeSystem/v2-0131 C}">Spouse</span></td><td>John Samuel Smith(OFFICIAL)</td><td>ph: (555) 555-5555(HOME)</td><td>3401 Civic Center Blvd., Philadelphia, PA 19104(HOME)</td><td>male</td></tr></table></div>
  </text>
  <extension url="http://hl7.org/fhir/us/core/StructureDefinition/us-core-race">
    <extension url="ombCategory">
      <valueCoding>
        <system value="urn:oid:2.16.840.1.113883.6.238"/>
        <code value="2106-3"/>
        <display value="White"/>
      </valueCoding>
    </extension>
    <extension url="text">
      <valueString value="White"/>
    </extension>
  </extension>
  <extension url="http://hl7.org/fhir/us/core/StructureDefinition/us-core-ethnicity">
    <extension url="ombCategory">
      <valueCoding>
        <system value="urn:oid:2.16.840.1.113883.6.238"/>
        <code value="2135-2"/>
        <display value="Hispanic or Latino"/>
      </valueCoding>
    </extension>
    <extension url="detailed">
      <valueCoding>
        <system value="urn:oid:2.16.840.1.113883.6.238"/>
        <code value="2148-5"/>
        <display value="Mexican"/>
      </valueCoding>
    </extension>
    <extension url="text">
      <valueString value="Hispanic or Latino"/>
    </extension>
  </extension>
  <name>
    <use value="official"/>
    <text value="Jane Samantha Smith"/>
    <family value="Smith"/>
    <given value="Jane"/>
    <given value="Samantha"/>
  </name>
  <telecom>
    <system value="phone"/>
    <value value="(555) 555-5555"/>
    <use value="home"/>
    <rank value="1"/>
  </telecom>
  <gender value="female"/>
  <address>
    <use value="home"/>
    <type value="both"/>
    <text value="3401 Civic Center Blvd., Philadelphia, PA 19104"/>
    <line value="3401 Civic Center Blvd."/>
    <city value="Philadelphia"/>
    <state value="PA"/>
    <postalCode value="19104"/>
  </address>
  <contact>
    <relationship>
      <coding>
        <system value="http://terminology.hl7.org/CodeSystem/v2-0131"/>
        <code value="C"/>
        <display value="Emergency Contact"/>
      </coding>
      <text value="Spouse"/>
    </relationship>
    <name>
      <use value="official"/>
      <text value="John Samuel Smith"/>
      <family value="Smith"/>
      <given value="John"/>
      <given value="Samuel"/>
    </name>
    <telecom>
      <system value="phone"/>
      <value value="(555) 555-5555"/>
      <use value="home"/>
      <rank value="1"/>
    </telecom>
    <address>
      <use value="home"/>
      <type value="both"/>
      <text value="3401 Civic Center Blvd., Philadelphia, PA 19104"/>
      <line value="3401 Civic Center Blvd."/>
      <city value="Philadelphia"/>
      <state value="PA"/>
      <postalCode value="19104"/>
    </address>
    <gender value="male"/>
  </contact>
</Patient>