<?xml version="1.0" encoding="UTF-8"?>

<Patient xmlns="http://hl7.org/fhir">
  <id value="patient-example-1"/>
  <text>
    <status value="generated"/><div xmlns="http://www.w3.org/1999/xhtml"><p style="border: 1px #661aff solid; background-color: #e6e6ff; padding: 10px;"><b>Mariah Abigail Smith(OFFICIAL)</b> female, DoB: 2019-06-15</p><hr/><table class="grid"><tr><td style="background-color: #f3f5da" title="Ways to contact the Patient">Contact Details:</td><td colspan="3"><ul><li>ph: (555) 555-5555(HOME)</li><li>3401 Civic Center Blvd., Philadelphia, PA 19104(HOME)</li></ul></td></tr><tr><td style="background-color: #f3f5da" title="Nominated Contact: Parent">Emergency Contact:</td><td colspan="3"><ul><li>Jane Samantha Smith(OFFICIAL) (female)</li><li>3401 Civic Center Blvd., Philadelphia, PA 19104(HOME)</li><li>ph: (555) 555-5555(HOME)</li></ul></td></tr><tr><td style="background-color: #f3f5da" title="Nominated Contact: Parent">Emergency Contact:</td><td colspan="3"><ul><li>John Samuel Smith(OFFICIAL) (male)</li><li>3401 Civic Center Blvd., Philadelphia, PA 19104(HOME)</li><li>ph: (555) 555-5555(HOME)</li></ul></td></tr><tr><td style="background-color: #f3f5da" title="Concepts classifying the person into a named category of humans sharing common history, traits, geographical origin or nationality.  The ethnicity codes used to represent these concepts are based upon the [CDC ethnicity and Ethnicity Code Set Version 1.0](http://www.cdc.gov/phin/resources/vocabulary/index.html) which includes over 900 concepts for representing race and ethnicity of which 43 reference ethnicity.  The ethnicity concepts are grouped by and pre-mapped to the 2 OMB ethnicity categories: - Hispanic or Latino - Not Hispanic or Latino.">US Core Ethnicity Extension:</td><td colspan="3"><ul><li>ombCategory: <a href="http://hl7.org/fhir/us/core/STU3.1.1/CodeSystem-cdcrec.html#cdcrec-2135-2">Race &amp; Ethnicity - CDC</a> 2135-2: Hispanic or Latino</li><li>detailed: <a href="http://hl7.org/fhir/us/core/STU3.1.1/CodeSystem-cdcrec.html#cdcrec-2148-5">Race &amp; Ethnicity - CDC</a> 2148-5: Mexican</li><li>text: Hispanic or Latino</li></ul></td></tr><tr><td style="background-color: #f3f5da" title="Concepts classifying the person into a named category of humans sharing common history, traits, geographical origin or nationality.  The race codes used to represent these concepts are based upon the [CDC Race and Ethnicity Code Set Version 1.0](http://www.cdc.gov/phin/resources/vocabulary/index.html) which includes over 900 concepts for representing race and ethnicity of which 921 reference race.  The race concepts are grouped by and pre-mapped to the 5 OMB race categories:

 - American Indian or Alaska Native
 - Asian
 - Black or African American
 - Native Hawaiian or Other Pacific Islander
 - White.">US Core Race Extension:</td><td colspan="3"><ul><li>ombCategory: <a href="http://hl7.org/fhir/us/core/STU3.1.1/CodeSystem-cdcrec.html#cdcrec-2106-3">Race &amp; Ethnicity - CDC</a> 2106-3: White</li><li>detailed: <a href="http://hl7.org/fhir/us/core/STU3.1.1/CodeSystem-cdcrec.html#cdcrec-2113-9">Race &amp; Ethnicity - CDC</a> 2113-9: Irish</li><li>text: White</li></ul></td></tr></table></div>
  </text>
  <extension url="http://hl7.org/fhir/us/core/StructureDefinition/us-core-race">
    <extension url="ombCategory">
      <valueCoding>
        <system value="urn:oid:2.16.840.1.113883.6.238"/>
        <code value="2106-3"/>
        <display value="White"/>
      </valueCoding>
    </extension>
    <extension url="detailed">
      <valueCoding>
        <system value="urn:oid:2.16.840.1.113883.6.238"/>
        <code value="2113-9"/>
        <display value="Irish"/>
      </valueCoding>
    </extension>
    <extension url="text">
      <valueString value="White"/>
    </extension>
  </extension>
  <extension url="http://hl7.org/fhir/us/core/StructureDefinition/us-core-ethnicity">
    <extension url="ombCategory">
      <valueCoding>
        <system value="urn:oid:2.16.840.1.113883.6.238"/>
        <code value="2135-2"/>
        <display value="Hispanic or Latino"/>
      </valueCoding>
    </extension>
    <extension url="detailed">
      <valueCoding>
        <system value="urn:oid:2.16.840.1.113883.6.238"/>
        <code value="2148-5"/>
        <display value="Mexican"/>
      </valueCoding>
    </extension>
    <extension url="text">
      <valueString value="Hispanic or Latino"/>
    </extension>
  </extension>
  <name>
    <use value="official"/>
    <text value="Mariah Abigail Smith"/>
    <family value="Smith"/>
    <given value="Mariah"/>
    <given value="Abigail"/>
  </name>
  <telecom>
    <system value="phone"/>
    <value value="(555) 555-5555"/>
    <use value="home"/>
    <rank value="1"/>
  </telecom>
  <gender value="female"/>
  <birthDate value="2019-06-15"/>
  <address>
    <use value="home"/>
    <type value="both"/>
    <text value="3401 Civic Center Blvd., Philadelphia, PA 19104"/>
    <line value="3401 Civic Center Blvd."/>
    <city value="Philadelphia"/>
    <state value="PA"/>
    <postalCode value="19104"/>
  </address>
  <contact>
    <relationship>
      <coding>
        <system value="http://terminology.hl7.org/CodeSystem/v2-0131"/>
        <code value="C"/>
        <display value="Emergency Contact"/>
      </coding>
      <text value="Parent"/>
    </relationship>
    <name>
      <use value="official"/>
      <text value="Jane Samantha Smith"/>
      <family value="Smith"/>
      <given value="Jane"/>
      <given value="Samantha"/>
    </name>
    <telecom>
      <system value="phone"/>
      <value value="(555) 555-5555"/>
      <use value="home"/>
      <rank value="1"/>
    </telecom>
    <address>
      <use value="home"/>
      <type value="both"/>
      <text value="3401 Civic Center Blvd., Philadelphia, PA 19104"/>
      <line value="3401 Civic Center Blvd."/>
      <city value="Philadelphia"/>
      <state value="PA"/>
      <postalCode value="19104"/>
    </address>
    <gender value="female"/>
  </contact>
  <contact>
    <relationship>
      <coding>
        <system value="http://terminology.hl7.org/CodeSystem/v2-0131"/>
        <code value="C"/>
        <display value="Emergency Contact"/>
      </coding>
      <text value="Parent"/>
    </relationship>
    <name>
      <use value="official"/>
      <text value="John Samuel Smith"/>
      <family value="Smith"/>
      <given value="John"/>
      <given value="Samuel"/>
    </name>
    <telecom>
      <system value="phone"/>
      <value value="(555) 555-5555"/>
      <use value="home"/>
      <rank value="1"/>
    </telecom>
    <address>
      <use value="home"/>
      <type value="both"/>
      <text value="3401 Civic Center Blvd., Philadelphia, PA 19104"/>
      <line value="3401 Civic Center Blvd."/>
      <city value="Philadelphia"/>
      <state value="PA"/>
      <postalCode value="19104"/>
    </address>
    <gender value="male"/>
  </contact>
</Patient>