<?xml version="1.0" encoding="UTF-8"?>

<Specimen xmlns="http://hl7.org/fhir">
  <id value="ncpi-research-study-01-specimen-01"/>
  <text>
    <status value="generated"/><div xmlns="http://www.w3.org/1999/xhtml"><p><b>Generated Narrative: Specimen</b><a name="ncpi-research-study-01-specimen-01"> </a></p><div style="display: inline-block; background-color: #d9e0e7; padding: 6px; margin: 4px; border: 1px solid #8da1b4; border-radius: 5px; line-height: 60%"><p style="margin-bottom: 0px">Resource Specimen "ncpi-research-study-01-specimen-01" </p></div><p><b>status</b>: available</p><p><b>type</b>: Blood Sample <span style="background: LightGoldenRodYellow; margin: 4px; border: 1px solid khaki"> (<a href="CodeSystem-ncit.html">NCI Thesaurus</a>#C17610)</span></p><p><b>subject</b>: <a href="Patient-ncpi-research-study-01-patient-01.html">Patient/ncpi-research-study-01-patient-01</a></p></div>
  </text>
  <status value="available"/>
  <type>
    <coding>
      <system value="http://purl.obolibrary.org/obo/ncit.owl"/>
      <code value="C17610"/>
      <display value="Blood Sample"/>
    </coding>
  </type>
  <subject>
    <reference value="Patient/ncpi-research-study-01-patient-01"/>
  </subject>
</Specimen>