<?xml version="1.0" encoding="UTF-8"?>

<Task xmlns="http://hl7.org/fhir">
  <id value="task-example-1"/>
  <text>
    <status value="generated"/><div xmlns="http://www.w3.org/1999/xhtml"><p><b>Generated Narrative: Task</b></p><div style="display: inline-block; background-color: #d9e0e7; padding: 6px; margin: 4px; border: 1px solid #8da1b4; border-radius: 5px; line-height: 60%"><p style="margin-bottom: 0px">Resource Task "task-example-1" </p></div><p><b>status</b>: completed</p><p><b>intent</b>: order</p><h3>Inputs</h3><table class="grid"><tr><td>-</td><td><b>Type</b></td><td><b>Value[x]</b></td></tr><tr><td>*</td><td>Specimen <span style="background: LightGoldenRodYellow; margin: 4px; border: 1px solid khaki"> ()</span></td><td><a href="Specimen-specimen-example-1.html">Specimen/specimen-example-1</a></td></tr></table><h3>Outputs</h3><table class="grid"><tr><td>-</td><td><b>Type</b></td><td><b>Value[x]</b></td></tr><tr><td>*</td><td>DocumentReference <span style="background: LightGoldenRodYellow; margin: 4px; border: 1px solid khaki"> ()</span></td><td><a href="DocumentReference-drs-document-reference-example-1.html">DocumentReference/drs-document-reference-example-1</a></td></tr></table></div>
  </text>
  <status value="completed"/>
  <intent value="order"/>
  <input>
    <type>
      <text value="Specimen"/>
    </type>
    <valueReference>
      <reference value="Specimen/specimen-example-1"/>
    </valueReference>
  </input>
  <output>
    <type>
      <text value="DocumentReference"/>
    </type>
    <valueReference>
      <reference value="DocumentReference/drs-document-reference-example-1"/>
    </valueReference>
  </output>
</Task>