<?xml version="1.0" encoding="UTF-8"?>

<ValueSet xmlns="http://hl7.org/fhir">
  <id value="ncpi-vs"/>
  <text>
    <status value="generated"/><div xmlns="http://www.w3.org/1999/xhtml">Placeholder</div>
  </text>
  <url value="https://nih-ncpi.github.io/ncpi-fhir-ig/ValueSet/ncpi-vs"/>
  <version value="0.2.0"/>
  <name value="Ncpi_VS"/>
  <title value="NCPI FHIR Codes"/>
  <status value="draft"/>
  <date value="2023-09-15T20:59:49+00:00"/>
  <publisher value="NCPI FHIR Working Group"/>
  <contact>
    <name value="NCPI FHIR Working Group"/>
    <telecom>
      <system value="url"/>
      <value value="https://github.com/nih-ncpi"/>
    </telecom>
  </contact>
  <contact>
    <name value="Meen Chul Kim"/>
    <telecom>
      <system value="email"/>
      <value value="meenchul@d3b.center"/>
      <use value="work"/>
    </telecom>
  </contact>
  <description value="Codes that would apply to NCPI projects"/>
  <compose>
    <include>
      <system value="https://nih-ncpi.github.io/ncpi-fhir-ig/CodeSystem/ncpi"/>
    </include>
    <include>
      <system value="https://nih-ncpi.github.io/ncpi-fhir-ig/CodeSystem/ncpi-data-types"/>
    </include>
  </compose>
</ValueSet>