<?xml version="1.0" encoding="UTF-8"?>

<ValueSet xmlns="http://hl7.org/fhir">
  <id value="disease-codes"/>
  <text>
    <status value="generated"/><div xmlns="http://www.w3.org/1999/xhtml"><ul><li>Include all codes defined in <code>http://purl.obolibrary.org/obo/ncit.owl</code></li></ul></div>
  </text>
  <url value="https://ncpi-fhir.github.io/ncpi-fhir-ig/ValueSet/disease-codes"/>
  <version value="0.1.0"/>
  <name value="DiseaseCodes"/>
  <title value="Disease Codes"/>
  <status value="draft"/>
  <experimental value="false"/>
  <date value="2021-04-16T11:49:01-05:00"/>
  <publisher value="NCPI FHIR Working Group"/>
  <contact>
    <name value="NCPI FHIR Working Group"/>
    <telecom>
      <system value="url"/>
      <value value="https://github.com/ncpi-fhir"/>
    </telecom>
  </contact>
  <contact>
    <name value="Meen Chul Kim"/>
    <telecom>
      <system value="email"/>
      <value value="meenchul@d3b.center"/>
      <use value="work"/>
    </telecom>
  </contact>
  <description value="This value set includes all codes from NCIt (NCI Thesaurus)."/>
  <compose>
    <include>
      <system value="http://purl.obolibrary.org/obo/ncit.owl"/>
    </include>
  </compose>
</ValueSet>