<?xml version="1.0" encoding="UTF-8"?><ImplementationGuide xmlns="http://hl7.org/fhir"><id value="NCPI-FHIR-Implementation-Guide"/><text><status value="extensions"/><div xmlns="http://www.w3.org/1999/xhtml"><h2>NCPIFHIRImplementationGuide</h2><p>The official URL for this implementation guide is: </p><pre>https://ncpi-fhir.github.io/ncpi-fhir-ig/ImplementationGuide/NCPI-FHIR-Implementation-Guide</pre><div><p>FHIR Implementation Guide for the NIH Cloud Platform Interoperability Effort (NCPI).</p>
</div></div></text><url value="https://ncpi-fhir.github.io/ncpi-fhir-ig/ImplementationGuide/NCPI-FHIR-Implementation-Guide"/><version value="0.1.0"/><name value="NCPIFHIRImplementationGuide"/><title value="NCPI FHIR Implementation Guide"/><status value="draft"/><date value="2021-04-29T15:00:34-05:00"/><publisher value="NCPI FHIR Working Group"/><contact><name value="NCPI FHIR Working Group"/><telecom><system value="url"/><value value="https://github.com/ncpi-fhir"/></telecom></contact><contact><name value="Meen Chul Kim"/><telecom><system value="email"/><value value="meenchul@d3b.center"/><use value="work"/></telecom></contact><description value="FHIR Implementation Guide for the NIH Cloud Platform Interoperability Effort (NCPI)."/><packageId value="NCPI-FHIR-Implementation-Guide"/><license value="CC0-1.0"/><fhirVersion value="4.0.1"/><dependsOn id="hl7_fhir_us_core"><uri value="http://hl7.org/fhir/us/core/ImplementationGuide/hl7.fhir.us.core"/><packageId value="hl7.fhir.us.core"/><version value="3.1.1"/></dependsOn><definition><extension url="http://hl7.org/fhir/tools/StructureDefinition/ig-parameter"><extension url="code"><valueString value="copyrightyear"/></extension><extension url="value"><valueString value="2021+"/></extension></extension><extension url="http://hl7.org/fhir/tools/StructureDefinition/ig-parameter"><extension url="code"><valueString value="releaselabel"/></extension><extension url="value"><valueString value="ci-build"/></extension></extension><extension url="http://hl7.org/fhir/tools/StructureDefinition/ig-parameter"><extension url="code"><valueString value="path-liquid"/></extension><extension url="value"><valueString value="template/liquid"/></extension></extension><extension url="http://hl7.org/fhir/tools/StructureDefinition/ig-parameter"><extension url="code"><valueString value="path-liquid"/></extension><extension url="value"><valueString value="input/liquid"/></extension></extension><extension url="http://hl7.org/fhir/tools/StructureDefinition/ig-parameter"><extension url="code"><valueString value="path-qa"/></extension><extension url="value"><valueString value="temp/qa"/></extension></extension><extension url="http://hl7.org/fhir/tools/StructureDefinition/ig-parameter"><extension url="code"><valueString value="path-temp"/></extension><extension url="value"><valueString value="temp/pages"/></extension></extension><extension url="http://hl7.org/fhir/tools/StructureDefinition/ig-parameter"><extension url="code"><valueString value="path-output"/></extension><extension url="value"><valueString value="output"/></extension></extension><extension url="http://hl7.org/fhir/tools/StructureDefinition/ig-parameter"><extension url="code"><valueString value="path-suppressed-warnings"/></extension><extension url="value"><valueString value="input/ignoreWarnings.txt"/></extension></extension><extension url="http://hl7.org/fhir/tools/StructureDefinition/ig-parameter"><extension url="code"><valueString value="path-history"/></extension><extension url="value"><valueString value="https://ncpi-fhir.github.io/ncpi-fhir-ig/history.html"/></extension></extension><extension url="http://hl7.org/fhir/tools/StructureDefinition/ig-parameter"><extension url="code"><valueString value="template-html"/></extension><extension url="value"><valueString value="template-page.html"/></extension></extension><extension url="http://hl7.org/fhir/tools/StructureDefinition/ig-parameter"><extension url="code"><valueString value="template-md"/></extension><extension url="value"><valueString value="template-page-md.html"/></extension></extension><extension url="http://hl7.org/fhir/tools/StructureDefinition/ig-parameter"><extension url="code"><valueString value="apply-contact"/></extension><extension url="value"><valueString value="true"/></extension></extension><extension url="http://hl7.org/fhir/tools/StructureDefinition/ig-parameter"><extension url="code"><valueString value="apply-context"/></extension><extension url="value"><valueString value="true"/></extension></extension><extension url="http://hl7.org/fhir/tools/StructureDefinition/ig-parameter"><extension url="code"><valueString value="apply-copyright"/></extension><extension url="value"><valueString value="true"/></extension></extension><extension url="http://hl7.org/fhir/tools/StructureDefinition/ig-parameter"><extension url="code"><valueString value="apply-jurisdiction"/></extension><extension url="value"><valueString value="true"/></extension></extension><extension url="http://hl7.org/fhir/tools/StructureDefinition/ig-parameter"><extension url="code"><valueString value="apply-license"/></extension><extension url="value"><valueString value="true"/></extension></extension><extension url="http://hl7.org/fhir/tools/StructureDefinition/ig-parameter"><extension url="code"><valueString value="apply-publisher"/></extension><extension url="value"><valueString value="true"/></extension></extension><extension url="http://hl7.org/fhir/tools/StructureDefinition/ig-parameter"><extension url="code"><valueString value="apply-version"/></extension><extension url="value"><valueString value="true"/></extension></extension><extension url="http://hl7.org/fhir/tools/StructureDefinition/ig-parameter"><extension url="code"><valueString value="active-tables"/></extension><extension url="value"><valueString value="true"/></extension></extension><grouping id="_str_profile"><name value="Structures: Resource Profiles"/><description value="These define constraints on FHIR resources for systems conforming to this implementation guide"/></grouping><grouping id="_str_datatype"><name value="Structures: Data Type Profiles"/><description value="These define constraints on FHIR data types for systems conforming to this implementation guide"/></grouping><grouping id="_str_extension"><name value="Structures: Extension Definitions"/><description value="These define constraints on FHIR data types for systems conforming to this implementation guide"/></grouping><grouping id="_term_valueset"><name value="Terminology: Value Sets"/><description value="These define sets of codes used by systems conforming to this implementation guide"/></grouping><grouping id="_term_codesystem"><name value="Terminology: Code Systems"/><description value="These define new code systems used by systems conforming to this implementation guide"/></grouping><grouping id="_ex_example"><name value="Example: Example Instances"/><description value="These are example instances that show what data produced and consumed by systems conforming with this implementation guide might look like"/></grouping><resource><extension url="http://hl7.org/fhir/StructureDefinition/implementationguide-page"><valueUri value="StructureDefinition-ncpi-drs-attachment.html"/></extension><reference><reference value="StructureDefinition/ncpi-drs-attachment"/></reference><name value="DRS Attachment"/><description value="A FHIR Attachment with a DRS url."/><exampleBoolean value="false"/><groupingId value="_str_datatype"/></resource><resource><extension url="http://hl7.org/fhir/StructureDefinition/implementationguide-page"><valueUri value="StructureDefinition-ncpi-drs-document-reference.html"/></extension><reference><reference value="StructureDefinition/ncpi-drs-document-reference"/></reference><name value="DRS Document Reference"/><description value="A FHIR Document Reference with an embedded DRS URI. See https://github.com/ga4gh/data-repository-service-schemas."/><exampleBoolean value="false"/><groupingId value="_str_profile"/></resource><resource><extension url="http://hl7.org/fhir/StructureDefinition/implementationguide-page"><valueUri value="StructureDefinition-disease.html"/></extension><reference><reference value="StructureDefinition/disease"/></reference><name value="NCPI Disease"/><description value="Representation for a disease under study for a given research dataset."/><exampleBoolean value="false"/><groupingId value="_str_profile"/></resource><resource><extension url="http://hl7.org/fhir/StructureDefinition/implementationguide-page"><valueUri value="StructureDefinition-family-relationship.html"/></extension><reference><reference value="StructureDefinition/family-relationship"/></reference><name value="NCPI Family Relationship"/><description value="Representation of a family relationship."/><exampleBoolean value="false"/><groupingId value="_str_profile"/></resource><resource><extension url="http://hl7.org/fhir/StructureDefinition/implementationguide-page"><valueUri value="StructureDefinition-phenotype.html"/></extension><reference><reference value="StructureDefinition/phenotype"/></reference><name value="NCPI Phenotype"/><description value="Representation of phenotypic observations (present or absent)"/><exampleBoolean value="false"/><groupingId value="_str_profile"/></resource><resource><extension url="http://hl7.org/fhir/StructureDefinition/implementationguide-page"><valueUri value="StructureDefinition-supporting-info.html"/></extension><reference><reference value="StructureDefinition/supporting-info"/></reference><name value="Supporting Information"/><description value="Additional information relevant to interpreting/understanding the report."/><exampleBoolean value="false"/><groupingId value="_str_extension"/></resource><resource><extension url="http://hl7.org/fhir/StructureDefinition/implementationguide-page"><valueUri value="ValueSet-condition-inheritance-vs.html"/></extension><reference><reference value="ValueSet/condition-inheritance-vs"/></reference><name value="Condition Inheritance Pattern"/><description value="Value Set for specific ttransmission patterns of a condition in a pedigree"/><exampleBoolean value="false"/><groupingId value="_term_valueset"/></resource><resource><extension url="http://hl7.org/fhir/StructureDefinition/implementationguide-page"><valueUri value="ValueSet-disease-codes.html"/></extension><reference><reference value="ValueSet/disease-codes"/></reference><name value="Disease Codes"/><description value="This value set includes all codes from NCIt (NCI Thesaurus)."/><exampleBoolean value="false"/><groupingId value="_term_valueset"/></resource><resource><extension url="http://hl7.org/fhir/StructureDefinition/implementationguide-page"><valueUri value="ValueSet-loinc-answers.html"/></extension><reference><reference value="ValueSet/loinc-answers"/></reference><name value="LOINC Answers"/><description value="LOINC ANSWERS used by NCPI resources"/><exampleBoolean value="false"/><groupingId value="_term_valueset"/></resource><resource><extension url="http://hl7.org/fhir/StructureDefinition/implementationguide-page"><valueUri value="ValueSet-phenotype-codes.html"/></extension><reference><reference value="ValueSet/phenotype-codes"/></reference><name value="Phenotype Codes"/><description value="This value set includes all codes from Human Phenotype Ontology."/><exampleBoolean value="false"/><groupingId value="_term_valueset"/></resource><resource><extension url="http://hl7.org/fhir/StructureDefinition/implementationguide-page"><valueUri value="ValueSet-tbd-codes.html"/></extension><reference><reference value="ValueSet/tbd-codes"/></reference><name value="tbd-codes"/><description value="This value set includes all TBD Codes"/><exampleBoolean value="false"/><groupingId value="_term_valueset"/></resource><resource><extension url="http://hl7.org/fhir/StructureDefinition/implementationguide-page"><valueUri value="CodeSystem-ConditionInheritanceMode.html"/></extension><reference><reference value="CodeSystem/ConditionInheritanceMode"/></reference><name value="Condition Inheritance Pattern"/><description value="A set of terms that describe the transmission pattern of a condition in a pedigree."/><exampleBoolean value="false"/><groupingId value="_term_codesystem"/></resource><resource><extension url="http://hl7.org/fhir/StructureDefinition/implementationguide-page"><valueUri value="CodeSystem-v3-hgvs.html"/></extension><reference><reference value="CodeSystem/v3-hgvs"/></reference><name value="Human Genome Variation Society nomenclature"/><description value="HGVS nomenclatures are the guidelines for mutation nomenclature made by the Human Genome Variation Society.&#xA;&#xA;HGVS nomenclature can be used with the HL7 coded data type (code data type that accepts expression data, or a coded expression data type). This coded data type should be able to distinguish expressions in HGVS nomenclature from coded concepts. For example, in the HL7 messages specified according to the HL7 V2 Clinical Genomics Fully LOINC-Qualified Genetic Variation Model, HGVS nomenclature can be used to as the observation values for DNA sequence variations. For example, OBX|1|CWE|48004-6^DNA Sequence Variation^LN||c.1129C&gt;T^^HGVS|&#xA;&#xA;Versioning information: The HGVS nomenclature for the description of sequence variants was last modified Feb 20, 2008. The HGVS nomenclature for the description of protein sequence variants was last modified May 12, 2007. The HGVS nomenclature for the description of DNA sequence variants was last modified June 15, 2007 The HGVS nomenclature for the description of RNA sequence variants was last modified May 12, 2007&#xA;&#xA;HGVS nomenclatures can be used freely by the public."/><exampleBoolean value="false"/><groupingId value="_term_codesystem"/></resource><resource><extension url="http://hl7.org/fhir/StructureDefinition/implementationguide-page"><valueUri value="CodeSystem-hpo.html"/></extension><reference><reference value="CodeSystem/hpo"/></reference><name value="Human Phenotype Ontology"/><description value="Please see license of HPO at http://www.human-phenotype-ontology.org"/><exampleBoolean value="false"/><groupingId value="_term_codesystem"/></resource><resource><extension url="http://hl7.org/fhir/StructureDefinition/implementationguide-page"><valueUri value="CodeSystem-loinc-answers.html"/></extension><reference><reference value="CodeSystem/loinc-answers"/></reference><name value="LOINC Answers"/><description value="LOINC ANSWERS used by NCPI resources"/><exampleBoolean value="false"/><groupingId value="_term_codesystem"/></resource><resource><extension url="http://hl7.org/fhir/StructureDefinition/implementationguide-page"><valueUri value="CodeSystem-tbd-codes.html"/></extension><reference><reference value="CodeSystem/tbd-codes"/></reference><name value="ToBeDeterminedCodes (&#39;TbdCodes&#39;)"/><description value="These codes are currently &#39;TBD-LOINC&#39; codes. The CG WG is requesting formal LOINC codes."/><exampleBoolean value="false"/><groupingId value="_term_codesystem"/></resource><resource><extension url="http://hl7.org/fhir/StructureDefinition/implementationguide-page"><valueUri value="Observation-diagnostic-implication-1.html"/></extension><reference><reference value="Observation/diagnostic-implication-1"/></reference><name value="diagnostic-implication-1"/><description value="Example representation of a known variant found during genetic testing"/><exampleBoolean value="true"/><groupingId value="_ex_example"/></resource><resource><extension url="http://hl7.org/fhir/StructureDefinition/implementationguide-page"><valueUri value="DiagnosticReport-diagnostic-report-1.html"/></extension><reference><reference value="DiagnosticReport/diagnostic-report-1"/></reference><name value="diagnostic-report-1"/><description value="Example of a DiagnosticReport which aggregates genetic findings for a given test or run"/><exampleBoolean value="true"/><groupingId value="_ex_example"/></resource><resource><extension url="http://hl7.org/fhir/StructureDefinition/implementationguide-page"><valueUri value="Condition-disease-example-1.html"/></extension><reference><reference value="Condition/disease-example-1"/></reference><name value="disease-example-1"/><description value="Example of the representation of Disease."/><exampleCanonical value="https://ncpi-fhir.github.io/ncpi-fhir-ig/StructureDefinition/disease"/><groupingId value="_ex_example"/></resource><resource><extension url="http://hl7.org/fhir/StructureDefinition/implementationguide-page"><valueUri value="DocumentReference-drs-document-reference-example-1.html"/></extension><reference><reference value="DocumentReference/drs-document-reference-example-1"/></reference><name value="drs-document-reference-example-1"/><description value="Example of the representation of DRS Document Reference."/><exampleCanonical value="https://ncpi-fhir.github.io/ncpi-fhir-ig/StructureDefinition/ncpi-drs-document-reference"/><groupingId value="_ex_example"/></resource><resource><extension url="http://hl7.org/fhir/StructureDefinition/implementationguide-page"><valueUri value="Observation-family-relationship-example-1.html"/></extension><reference><reference value="Observation/family-relationship-example-1"/></reference><name value="family-relationship-example-1"/><description value="Example of the representation of Family Relationship."/><exampleCanonical value="https://ncpi-fhir.github.io/ncpi-fhir-ig/StructureDefinition/family-relationship"/><groupingId value="_ex_example"/></resource><resource><extension url="http://hl7.org/fhir/StructureDefinition/implementationguide-page"><valueUri value="Observation-family-relationship-example-2.html"/></extension><reference><reference value="Observation/family-relationship-example-2"/></reference><name value="family-relationship-example-2"/><description value="Example of the representation of Family Relationship."/><exampleCanonical value="https://ncpi-fhir.github.io/ncpi-fhir-ig/StructureDefinition/family-relationship"/><groupingId value="_ex_example"/></resource><resource><extension url="http://hl7.org/fhir/StructureDefinition/implementationguide-page"><valueUri value="Observation-family-relationship-example-3.html"/></extension><reference><reference value="Observation/family-relationship-example-3"/></reference><name value="family-relationship-example-3"/><description value="Example of the representation of Family Relationship."/><exampleCanonical value="https://ncpi-fhir.github.io/ncpi-fhir-ig/StructureDefinition/family-relationship"/><groupingId value="_ex_example"/></resource><resource><extension url="http://hl7.org/fhir/StructureDefinition/implementationguide-page"><valueUri value="Observation-family-relationship-example-4.html"/></extension><reference><reference value="Observation/family-relationship-example-4"/></reference><name value="family-relationship-example-4"/><description value="Example of the representation of Family Relationship."/><exampleCanonical value="https://ncpi-fhir.github.io/ncpi-fhir-ig/StructureDefinition/family-relationship"/><groupingId value="_ex_example"/></resource><resource><extension url="http://hl7.org/fhir/StructureDefinition/implementationguide-page"><valueUri value="Organization-organization-example-1.html"/></extension><reference><reference value="Organization/organization-example-1"/></reference><name value="organization-example-1"/><description value="Example of the representation of Organization."/><exampleBoolean value="true"/><groupingId value="_ex_example"/></resource><resource><extension url="http://hl7.org/fhir/StructureDefinition/implementationguide-page"><valueUri value="Patient-patient-example-1.html"/></extension><reference><reference value="Patient/patient-example-1"/></reference><name value="patient-example-1"/><description value="Example of the representation of Patient."/><exampleBoolean value="true"/><groupingId value="_ex_example"/></resource><resource><extension url="http://hl7.org/fhir/StructureDefinition/implementationguide-page"><valueUri value="Patient-patient-example-2.html"/></extension><reference><reference value="Patient/patient-example-2"/></reference><name value="patient-example-2"/><description value="Example of the representation of Patient."/><exampleBoolean value="true"/><groupingId value="_ex_example"/></resource><resource><extension url="http://hl7.org/fhir/StructureDefinition/implementationguide-page"><valueUri value="Patient-patient-example-3.html"/></extension><reference><reference value="Patient/patient-example-3"/></reference><name value="patient-example-3"/><description value="Example of the representation of Patient."/><exampleBoolean value="true"/><groupingId value="_ex_example"/></resource><resource><extension url="http://hl7.org/fhir/StructureDefinition/implementationguide-page"><valueUri value="Condition-phenotype-example-1.html"/></extension><reference><reference value="Condition/phenotype-example-1"/></reference><name value="phenotype-example-1"/><description value="Example of the representation of observed Phenotype."/><exampleCanonical value="https://ncpi-fhir.github.io/ncpi-fhir-ig/StructureDefinition/phenotype"/><groupingId value="_ex_example"/></resource><resource><extension url="http://hl7.org/fhir/StructureDefinition/implementationguide-page"><valueUri value="Practitioner-practitioner-example-1.html"/></extension><reference><reference value="Practitioner/practitioner-example-1"/></reference><name value="practitioner-example-1"/><description value="Example of the representation of Practitioner."/><exampleBoolean value="true"/><groupingId value="_ex_example"/></resource><resource><extension url="http://hl7.org/fhir/StructureDefinition/implementationguide-page"><valueUri value="PractitionerRole-practitioner-role-example-1.html"/></extension><reference><reference value="PractitionerRole/practitioner-role-example-1"/></reference><name value="practitioner-role-example-1"/><description value="Example of the representation of Practitioner Role."/><exampleBoolean value="true"/><groupingId value="_ex_example"/></resource><resource><extension url="http://hl7.org/fhir/StructureDefinition/implementationguide-page"><valueUri value="ResearchStudy-research-study-example-1.html"/></extension><reference><reference value="ResearchStudy/research-study-example-1"/></reference><name value="research-study-example-1"/><description value="Example of the representation of Research Study."/><exampleBoolean value="true"/><groupingId value="_ex_example"/></resource><resource><extension url="http://hl7.org/fhir/StructureDefinition/implementationguide-page"><valueUri value="ResearchSubject-research-subject-example-1.html"/></extension><reference><reference value="ResearchSubject/research-subject-example-1"/></reference><name value="research-subject-example-1"/><description value="Example of the representation of Research Subject."/><exampleBoolean value="true"/><groupingId value="_ex_example"/></resource><resource><extension url="http://hl7.org/fhir/StructureDefinition/implementationguide-page"><valueUri value="ResearchSubject-research-subject-example-2.html"/></extension><reference><reference value="ResearchSubject/research-subject-example-2"/></reference><name value="research-subject-example-2"/><description value="Example of the representation of Research Subject."/><exampleBoolean value="true"/><groupingId value="_ex_example"/></resource><resource><extension url="http://hl7.org/fhir/StructureDefinition/implementationguide-page"><valueUri value="ResearchSubject-research-subject-example-3.html"/></extension><reference><reference value="ResearchSubject/research-subject-example-3"/></reference><name value="research-subject-example-3"/><description value="Example of the representation of Research Subject."/><exampleBoolean value="true"/><groupingId value="_ex_example"/></resource><resource><extension url="http://hl7.org/fhir/StructureDefinition/implementationguide-page"><valueUri value="Specimen-specimen-example-1.html"/></extension><reference><reference value="Specimen/specimen-example-1"/></reference><name value="specimen-example-1"/><description value="Example of the representation of Specimen."/><exampleBoolean value="true"/><groupingId value="_ex_example"/></resource><resource><extension url="http://hl7.org/fhir/StructureDefinition/implementationguide-page"><valueUri value="Task-task-example-1.html"/></extension><reference><reference value="Task/task-example-1"/></reference><name value="task-example-1"/><description value="Example of the representation of Task."/><exampleBoolean value="true"/><groupingId value="_ex_example"/></resource><resource><extension url="http://hl7.org/fhir/StructureDefinition/implementationguide-page"><valueUri value="Observation-variant-example-1.html"/></extension><reference><reference value="Observation/variant-example-1"/></reference><name value="variant-example-1"/><description value="Example of a fhir representation of a variant"/><exampleBoolean value="true"/><groupingId value="_ex_example"/></resource><page><nameUrl value="toc.html"/><title value="Table of Contents"/><generation value="html"/><page><nameUrl value="index.html"/><title value="Home"/><generation value="markdown"/></page><page><nameUrl value="authors.html"/><title value="Authors"/><generation value="markdown"/></page><page><nameUrl value="background.html"/><title value="Background"/><generation value="markdown"/></page><page><nameUrl value="contact.html"/><title value="Contact"/><generation value="markdown"/></page><page><nameUrl value="downloads.html"/><title value="Downloads"/><generation value="markdown"/></page><page><nameUrl value="use_cases.html"/><title value="Use Cases"/><generation value="markdown"/></page><page><nameUrl value="artifacts.html"/><title value="Artifacts Summary"/><generation value="html"/><page><nameUrl value="StructureDefinition-ncpi-drs-document-reference.html"/><title value="DRS Document Reference"/><generation value="generated"/></page><page><nameUrl value="StructureDefinition-disease.html"/><title value="NCPI Disease"/><generation value="generated"/></page><page><nameUrl value="StructureDefinition-family-relationship.html"/><title value="NCPI Family Relationship"/><generation value="generated"/></page><page><nameUrl value="StructureDefinition-phenotype.html"/><title value="NCPI Phenotype"/><generation value="generated"/></page><page><nameUrl value="StructureDefinition-ncpi-drs-attachment.html"/><title value="DRS Attachment"/><generation value="generated"/></page><page><nameUrl value="StructureDefinition-supporting-info.html"/><title value="Supporting Information"/><generation value="generated"/></page><page><nameUrl value="ValueSet-condition-inheritance-vs.html"/><title value="Condition Inheritance Pattern"/><generation value="generated"/></page><page><nameUrl value="ValueSet-disease-codes.html"/><title value="Disease Codes"/><generation value="generated"/></page><page><nameUrl value="ValueSet-loinc-answers.html"/><title value="LOINC Answers"/><generation value="generated"/></page><page><nameUrl value="ValueSet-phenotype-codes.html"/><title value="Phenotype Codes"/><generation value="generated"/></page><page><nameUrl value="ValueSet-tbd-codes.html"/><title value="tbd-codes"/><generation value="generated"/></page><page><nameUrl value="CodeSystem-ConditionInheritanceMode.html"/><title value="Condition Inheritance Pattern"/><generation value="generated"/></page><page><nameUrl value="CodeSystem-v3-hgvs.html"/><title value="Human Genome Variation Society nomenclature"/><generation value="generated"/></page><page><nameUrl value="CodeSystem-hpo.html"/><title value="Human Phenotype Ontology"/><generation value="generated"/></page><page><nameUrl value="CodeSystem-loinc-answers.html"/><title value="LOINC Answers"/><generation value="generated"/></page><page><nameUrl value="CodeSystem-tbd-codes.html"/><title value="ToBeDeterminedCodes (&#39;TbdCodes&#39;)"/><generation value="generated"/></page><page><nameUrl value="Observation-diagnostic-implication-1.html"/><title value="diagnostic-implication-1"/><generation value="generated"/></page><page><nameUrl value="DiagnosticReport-diagnostic-report-1.html"/><title value="diagnostic-report-1"/><generation value="generated"/></page><page><nameUrl value="Condition-disease-example-1.html"/><title value="disease-example-1"/><generation value="generated"/></page><page><nameUrl value="DocumentReference-drs-document-reference-example-1.html"/><title value="drs-document-reference-example-1"/><generation value="generated"/></page><page><nameUrl value="Observation-family-relationship-example-1.html"/><title value="family-relationship-example-1"/><generation value="generated"/></page><page><nameUrl value="Observation-family-relationship-example-2.html"/><title value="family-relationship-example-2"/><generation value="generated"/></page><page><nameUrl value="Observation-family-relationship-example-3.html"/><title value="family-relationship-example-3"/><generation value="generated"/></page><page><nameUrl value="Observation-family-relationship-example-4.html"/><title value="family-relationship-example-4"/><generation value="generated"/></page><page><nameUrl value="Organization-organization-example-1.html"/><title value="organization-example-1"/><generation value="generated"/></page><page><nameUrl value="Patient-patient-example-1.html"/><title value="patient-example-1"/><generation value="generated"/></page><page><nameUrl value="Patient-patient-example-2.html"/><title value="patient-example-2"/><generation value="generated"/></page><page><nameUrl value="Patient-patient-example-3.html"/><title value="patient-example-3"/><generation value="generated"/></page><page><nameUrl value="Condition-phenotype-example-1.html"/><title value="phenotype-example-1"/><generation value="generated"/></page><page><nameUrl value="Practitioner-practitioner-example-1.html"/><title value="practitioner-example-1"/><generation value="generated"/></page><page><nameUrl value="PractitionerRole-practitioner-role-example-1.html"/><title value="practitioner-role-example-1"/><generation value="generated"/></page><page><nameUrl value="ResearchStudy-research-study-example-1.html"/><title value="research-study-example-1"/><generation value="generated"/></page><page><nameUrl value="ResearchSubject-research-subject-example-1.html"/><title value="research-subject-example-1"/><generation value="generated"/></page><page><nameUrl value="ResearchSubject-research-subject-example-2.html"/><title value="research-subject-example-2"/><generation value="generated"/></page><page><nameUrl value="ResearchSubject-research-subject-example-3.html"/><title value="research-subject-example-3"/><generation value="generated"/></page><page><nameUrl value="Specimen-specimen-example-1.html"/><title value="specimen-example-1"/><generation value="generated"/></page><page><nameUrl value="Task-task-example-1.html"/><title value="task-example-1"/><generation value="generated"/></page><page><nameUrl value="Observation-variant-example-1.html"/><title value="variant-example-1"/><generation value="generated"/></page></page></page><parameter><code value="path-resource"/><value value="input/capabilities"/></parameter><parameter><code value="path-resource"/><value value="input/examples"/></parameter><parameter><code value="path-resource"/><value value="input/extensions"/></parameter><parameter><code value="path-resource"/><value value="input/models"/></parameter><parameter><code value="path-resource"/><value value="input/operations"/></parameter><parameter><code value="path-resource"/><value value="input/profiles"/></parameter><parameter><code value="path-resource"/><value value="input/resources"/></parameter><parameter><code value="path-resource"/><value value="input/vocabulary"/></parameter><parameter><code value="path-resource"/><value value="input/maps"/></parameter><parameter><code value="path-resource"/><value value="input/testing"/></parameter><parameter><code value="path-resource"/><value value="input/history"/></parameter><parameter><code value="path-resource"/><value value="fsh-generated/resources"/></parameter><parameter><code value="path-pages"/><value value="template/config"/></parameter><parameter><code value="path-pages"/><value value="input/images"/></parameter><parameter><code value="path-tx-cache"/><value value="input-cache/txcache"/></parameter></definition></ImplementationGuide>