<?xml version="1.0" encoding="UTF-8"?><CodeSystem xmlns="http://hl7.org/fhir"><id value="loinc-answers"/><text><status value="generated"/><div xmlns="http://www.w3.org/1999/xhtml"><p>This code system ncpi:loinc-answers defines the following codes:</p><table class="codes"><tr><td style="white-space:nowrap"><b>Code</b></td><td><b>Display</b></td></tr><tr><td style="white-space:nowrap">LA21254-0<a name="loinc-answers-LA21254-0"> </a></td><td>Chromosome 1</td></tr><tr><td style="white-space:nowrap">LA21255-7<a name="loinc-answers-LA21255-7"> </a></td><td>Chromosome 2</td></tr><tr><td style="white-space:nowrap">LA21256-5<a name="loinc-answers-LA21256-5"> </a></td><td>Chromosome 3</td></tr><tr><td style="white-space:nowrap">LA21257-3<a name="loinc-answers-LA21257-3"> </a></td><td>Chromosome 4</td></tr><tr><td style="white-space:nowrap">LA21258-1<a name="loinc-answers-LA21258-1"> </a></td><td>Chromosome 5</td></tr><tr><td style="white-space:nowrap">LA21259-9<a name="loinc-answers-LA21259-9"> </a></td><td>Chromosome 6</td></tr><tr><td style="white-space:nowrap">LA21260-7<a name="loinc-answers-LA21260-7"> </a></td><td>Chromosome 7</td></tr><tr><td style="white-space:nowrap">LA21261-5<a name="loinc-answers-LA21261-5"> </a></td><td>Chromosome 8</td></tr><tr><td style="white-space:nowrap">LA21262-3<a name="loinc-answers-LA21262-3"> </a></td><td>Chromosome 9</td></tr><tr><td style="white-space:nowrap">LA21263-1<a name="loinc-answers-LA21263-1"> </a></td><td>Chromosome 10</td></tr><tr><td style="white-space:nowrap">LA21264-9<a name="loinc-answers-LA21264-9"> </a></td><td>Chromosome 11</td></tr><tr><td style="white-space:nowrap">LA21265-6<a name="loinc-answers-LA21265-6"> </a></td><td>Chromosome 12</td></tr><tr><td style="white-space:nowrap">LA21266-4<a name="loinc-answers-LA21266-4"> </a></td><td>Chromosome 13</td></tr><tr><td style="white-space:nowrap">LA21267-2<a name="loinc-answers-LA21267-2"> </a></td><td>Chromosome 14</td></tr><tr><td style="white-space:nowrap">LA21268-0<a name="loinc-answers-LA21268-0"> </a></td><td>Chromosome 15</td></tr><tr><td style="white-space:nowrap">LA21269-8<a name="loinc-answers-LA21269-8"> </a></td><td>Chromosome 16</td></tr><tr><td style="white-space:nowrap">LA21270-6<a name="loinc-answers-LA21270-6"> </a></td><td>Chromosome 17</td></tr><tr><td style="white-space:nowrap">LA21271-4<a name="loinc-answers-LA21271-4"> </a></td><td>Chromosome 18</td></tr><tr><td style="white-space:nowrap">LA21272-2<a name="loinc-answers-LA21272-2"> </a></td><td>Chromosome 19</td></tr><tr><td style="white-space:nowrap">LA21273-0<a name="loinc-answers-LA21273-0"> </a></td><td>Chromosome 20</td></tr><tr><td style="white-space:nowrap">LA21274-8<a name="loinc-answers-LA21274-8"> </a></td><td>Chromosome 21</td></tr><tr><td style="white-space:nowrap">LA21275-5<a name="loinc-answers-LA21275-5"> </a></td><td>Chromosome 22</td></tr><tr><td style="white-space:nowrap">LA21276-3<a name="loinc-answers-LA21276-3"> </a></td><td>Chromosome X</td></tr><tr><td style="white-space:nowrap">LA21277-1<a name="loinc-answers-LA21277-1"> </a></td><td>Chromosome Y</td></tr></table></div></text><url value="ncpi:loinc-answers"/><version value="0.1.0"/><name value="LoincAnswers"/><title value="LOINC Answers"/><status value="draft"/><experimental value="false"/><date value="2022-08-10T15:01:35+00:00"/><publisher value="NCPI FHIR Working Group"/><contact><name value="NCPI FHIR Working Group"/><telecom><system value="url"/><value value="https://github.com/ncpi-fhir"/></telecom></contact><contact><name value="Meen Chul Kim"/><telecom><system value="email"/><value value="meenchul@d3b.center"/><use value="work"/></telecom></contact><description value="LOINC ANSWERS used by NCPI resources"/><caseSensitive value="true"/><content value="complete"/><count value="24"/><concept><code value="LA21254-0"/><display value="Chromosome 1"/></concept><concept><code value="LA21255-7"/><display value="Chromosome 2"/></concept><concept><code value="LA21256-5"/><display value="Chromosome 3"/></concept><concept><code value="LA21257-3"/><display value="Chromosome 4"/></concept><concept><code value="LA21258-1"/><display value="Chromosome 5"/></concept><concept><code value="LA21259-9"/><display value="Chromosome 6"/></concept><concept><code value="LA21260-7"/><display value="Chromosome 7"/></concept><concept><code value="LA21261-5"/><display value="Chromosome 8"/></concept><concept><code value="LA21262-3"/><display value="Chromosome 9"/></concept><concept><code value="LA21263-1"/><display value="Chromosome 10"/></concept><concept><code value="LA21264-9"/><display value="Chromosome 11"/></concept><concept><code value="LA21265-6"/><display value="Chromosome 12"/></concept><concept><code value="LA21266-4"/><display value="Chromosome 13"/></concept><concept><code value="LA21267-2"/><display value="Chromosome 14"/></concept><concept><code value="LA21268-0"/><display value="Chromosome 15"/></concept><concept><code value="LA21269-8"/><display value="Chromosome 16"/></concept><concept><code value="LA21270-6"/><display value="Chromosome 17"/></concept><concept><code value="LA21271-4"/><display value="Chromosome 18"/></concept><concept><code value="LA21272-2"/><display value="Chromosome 19"/></concept><concept><code value="LA21273-0"/><display value="Chromosome 20"/></concept><concept><code value="LA21274-8"/><display value="Chromosome 21"/></concept><concept><code value="LA21275-5"/><display value="Chromosome 22"/></concept><concept><code value="LA21276-3"/><display value="Chromosome X"/></concept><concept><code value="LA21277-1"/><display value="Chromosome Y"/></concept></CodeSystem>