<?xml version="1.0" encoding="UTF-8"?><StructureDefinition xmlns="http://hl7.org/fhir"><id value="study-data-dictionary-harmony"/><text><status value="extensions"/><div xmlns="http://www.w3.org/1999/xhtml"><table border="0" cellpadding="0" cellspacing="0" style="border: 0px #F0F0F0 solid; font-size: 11px; font-family: verdana; vertical-align: top;"><tr style="border: 1px #F0F0F0 solid; font-size: 11px; font-family: verdana; vertical-align: top"><th style="vertical-align: top; text-align : left; background-color: white; border: 0px #F0F0F0 solid; padding:0px 4px 0px 4px" class="hierarchy"><a href="http://hl7.org/fhir/R4/formats.html#table" title="The logical name of the element">Name</a></th><th style="vertical-align: top; text-align : left; background-color: white; border: 0px #F0F0F0 solid; padding:0px 4px 0px 4px" class="hierarchy"><a href="http://hl7.org/fhir/R4/formats.html#table" title="Information about the use of the element">Flags</a></th><th style="vertical-align: top; text-align : left; background-color: white; border: 0px #F0F0F0 solid; padding:0px 4px 0px 4px" class="hierarchy"><a href="http://hl7.org/fhir/R4/formats.html#table" title="Minimum and Maximum # of times the the element can appear in the instance">Card.</a></th><th style="width: 100px" class="hierarchy"><a href="http://hl7.org/fhir/R4/formats.html#table" title="Reference to the type of the element">Type</a></th><th style="vertical-align: top; text-align : left; background-color: white; border: 0px #F0F0F0 solid; padding:0px 4px 0px 4px" class="hierarchy"><a href="http://hl7.org/fhir/R4/formats.html#table" title="Additional information about the element">Description &amp; Constraints</a><span style="float: right"><a href="http://hl7.org/fhir/R4/formats.html#table" title="Legend for this format"><img src="http://hl7.org/fhir/R4/help16.png" alt="doco" style="background-color: inherit"/></a></span></th></tr><tr style="border: 0px #F0F0F0 solid; padding:0px; vertical-align: top; background-color: white"><td style="vertical-align: top; text-align : left; background-color: white; border: 0px #F0F0F0 solid; padding:0px 4px 0px 4px; white-space: nowrap; background-image: url(tbl_bck0.png)" class="hierarchy"><img src="tbl_spacer.png" alt="." style="background-color: inherit" class="hierarchy"/><img src="icon_resource.png" alt="." style="background-color: white; background-color: inherit" title="Resource" class="hierarchy"/> <a href="StructureDefinition-study-data-dictionary-harmony-definitions.html#ConceptMap">ConceptMap</a><a name="ConceptMap"> </a></td><td style="vertical-align: top; text-align : left; background-color: white; border: 0px #F0F0F0 solid; padding:0px 4px 0px 4px" class="hierarchy"/><td style="vertical-align: top; text-align : left; background-color: white; border: 0px #F0F0F0 solid; padding:0px 4px 0px 4px" class="hierarchy"><span style="opacity: 0.5">0</span><span style="opacity: 0.5">..</span><span style="opacity: 0.5">*</span></td><td style="vertical-align: top; text-align : left; background-color: white; border: 0px #F0F0F0 solid; padding:0px 4px 0px 4px" class="hierarchy"><a href="http://hl7.org/fhir/R4/conceptmap.html">ConceptMap</a></td><td style="vertical-align: top; text-align : left; background-color: white; border: 0px #F0F0F0 solid; padding:0px 4px 0px 4px" class="hierarchy"><span style="opacity: 0.5">A map from one set of concepts to one or more other concepts</span></td></tr>
<tr><td colspan="5" class="hierarchy"><br/><a href="http://hl7.org/fhir/R4/formats.html#table" title="Legend for this format"><img src="http://hl7.org/fhir/R4/help16.png" alt="doco" style="background-color: inherit"/> Documentation for this format</a></td></tr></table></div></text><extension url="http://hl7.org/fhir/StructureDefinition/structuredefinition-category"><valueString value="Foundation.Terminology"/></extension><extension url="http://hl7.org/fhir/StructureDefinition/structuredefinition-security-category"><valueCode value="anonymous"/></extension><url value="https://nih-ncpi.github.io/ncpi-fhir-ig/StructureDefinition/study-data-dictionary-harmony"/><version value="0.2.0"/><name value="StudyDataDictionaryHarmony"/><title value="NCPI Data Dictionary Harmony"/><status value="draft"/><date value="2022-10-31T22:46:57+00:00"/><publisher value="NCPI FHIR Working Group"/><contact><name value="NCPI FHIR Working Group"/><telecom><system value="url"/><value value="https://github.com/nih-ncpi"/></telecom></contact><contact><name value="Meen Chul Kim"/><telecom><system value="email"/><value value="meenchul@d3b.center"/><use value="work"/></telecom></contact><description value="Based on the FHIR resource type, ConceptMap, the StudyDataDictionaryHarmony resource provides insight into the transformations made during the ETL from source data into FHIR allowing clients to use the $translate function to discover all of the public codes that were mapped from one of the study's actual vocabulary."/><fhirVersion value="4.0.1"/><mapping><identity value="rim"/><uri value="http://hl7.org/v3"/><name value="RIM Mapping"/></mapping><mapping><identity value="workflow"/><uri value="http://hl7.org/fhir/workflow"/><name value="Workflow Pattern"/></mapping><mapping><identity value="w5"/><uri value="http://hl7.org/fhir/fivews"/><name value="FiveWs Pattern Mapping"/></mapping><mapping><identity value="objimpl"/><uri value="http://hl7.org/fhir/object-implementation"/><name value="Object Implementation Information"/></mapping><kind value="resource"/><abstract value="false"/><type value="ConceptMap"/><baseDefinition value="http://hl7.org/fhir/StructureDefinition/ConceptMap"/><derivation value="constraint"/><snapshot><element id="ConceptMap"><path value="ConceptMap"/><short value="A map from one set of concepts to one or more other concepts"/><definition value="A statement of relationships from one set of concepts to one or more other concepts - either concepts in code systems, or data element/data element concepts, or classes in class models."/><min value="0"/><max value="*"/><base><path value="ConceptMap"/><min value="0"/><max value="*"/></base><isModifier value="false"/><isSummary value="false"/><mapping><identity value="rim"/><map value="Entity. Role, or Act"/></mapping><mapping><identity value="rim"/><map value="N/A"/></mapping></element><element id="ConceptMap.id"><path value="ConceptMap.id"/><short value="Logical id of this artifact"/><definition value="The logical id of the resource, as used in the URL for the resource. Once assigned, this value never changes."/><comment value="The only time that a resource does not have an id is when it is being submitted to the server using a create operation."/><min value="0"/><max value="1"/><base><path value="Resource.id"/><min value="0"/><max value="1"/></base><type><extension url="http://hl7.org/fhir/StructureDefinition/structuredefinition-fhir-type"><valueUrl value="id"/></extension><code value="http://hl7.org/fhirpath/System.String"/></type><isModifier value="false"/><isSummary value="true"/></element><element id="ConceptMap.meta"><path value="ConceptMap.meta"/><short value="Metadata about the resource"/><definition value="The metadata about the resource. This is content that is maintained by the infrastructure. Changes to the content might not always be associated with version changes to the resource."/><min value="0"/><max value="1"/><base><path value="Resource.meta"/><min value="0"/><max value="1"/></base><type><code value="Meta"/></type><constraint><key value="ele-1"/><severity value="error"/><human value="All FHIR elements must have a @value or children"/><expression value="hasValue() or (children().count() &gt; id.count())"/><xpath value="@value|f:*|h:div"/><source value="http://hl7.org/fhir/StructureDefinition/Element"/></constraint><isModifier value="false"/><isSummary value="true"/></element><element id="ConceptMap.implicitRules"><path value="ConceptMap.implicitRules"/><short value="A set of rules under which this content was created"/><definition value="A reference to a set of rules that were followed when the resource was constructed, and which must be understood when processing the content. Often, this is a reference to an implementation guide that defines the special rules along with other profiles etc."/><comment value="Asserting this rule set restricts the content to be only understood by a limited set of trading partners. This inherently limits the usefulness of the data in the long term. However, the existing health eco-system is highly fractured, and not yet ready to define, collect, and exchange data in a generally computable sense. Wherever possible, implementers and/or specification writers should avoid using this element. Often, when used, the URL is a reference to an implementation guide that defines these special rules as part of it's narrative along with other profiles, value sets, etc."/><min value="0"/><max value="1"/><base><path value="Resource.implicitRules"/><min value="0"/><max value="1"/></base><type><code value="uri"/></type><constraint><key value="ele-1"/><severity value="error"/><human value="All FHIR elements must have a @value or children"/><expression value="hasValue() or (children().count() &gt; id.count())"/><xpath value="@value|f:*|h:div"/><source value="http://hl7.org/fhir/StructureDefinition/Element"/></constraint><isModifier value="true"/><isModifierReason value="This element is labeled as a modifier because the implicit rules may provide additional knowledge about the resource that modifies it's meaning or interpretation"/><isSummary value="true"/></element><element id="ConceptMap.language"><path value="ConceptMap.language"/><short value="Language of the resource content"/><definition value="The base language in which the resource is written."/><comment value="Language is provided to support indexing and accessibility (typically, services such as text to speech use the language tag). The html language tag in the narrative applies  to the narrative. The language tag on the resource may be used to specify the language of other presentations generated from the data in the resource. Not all the content has to be in the base language. The Resource.language should not be assumed to apply to the narrative automatically. If a language is specified, it should it also be specified on the div element in the html (see rules in HTML5 for information about the relationship between xml:lang and the html lang attribute)."/><min value="0"/><max value="1"/><base><path value="Resource.language"/><min value="0"/><max value="1"/></base><type><code value="code"/></type><constraint><key value="ele-1"/><severity value="error"/><human value="All FHIR elements must have a @value or children"/><expression value="hasValue() or (children().count() &gt; id.count())"/><xpath value="@value|f:*|h:div"/><source value="http://hl7.org/fhir/StructureDefinition/Element"/></constraint><isModifier value="false"/><isSummary value="false"/><binding><extension url="http://hl7.org/fhir/StructureDefinition/elementdefinition-maxValueSet"><valueCanonical value="http://hl7.org/fhir/ValueSet/all-languages"/></extension><extension url="http://hl7.org/fhir/StructureDefinition/elementdefinition-bindingName"><valueString value="Language"/></extension><extension url="http://hl7.org/fhir/StructureDefinition/elementdefinition-isCommonBinding"><valueBoolean value="true"/></extension><strength value="preferred"/><description value="A human language."/><valueSet value="http://hl7.org/fhir/ValueSet/languages"/></binding></element><element id="ConceptMap.text"><path value="ConceptMap.text"/><short value="Text summary of the resource, for human interpretation"/><definition value="A human-readable narrative that contains a summary of the resource and can be used to represent the content of the resource to a human. The narrative need not encode all the structured data, but is required to contain sufficient detail to make it &quot;clinically safe&quot; for a human to just read the narrative. Resource definitions may define what content should be represented in the narrative to ensure clinical safety."/><comment value="Contained resources do not have narrative. Resources that are not contained SHOULD have a narrative. In some cases, a resource may only have text with little or no additional discrete data (as long as all minOccurs=1 elements are satisfied).  This may be necessary for data from legacy systems where information is captured as a &quot;text blob&quot; or where text is additionally entered raw or narrated and encoded information is added later."/><alias value="narrative"/><alias value="html"/><alias value="xhtml"/><alias value="display"/><min value="0"/><max value="1"/><base><path value="DomainResource.text"/><min value="0"/><max value="1"/></base><type><code value="Narrative"/></type><constraint><key value="ele-1"/><severity value="error"/><human value="All FHIR elements must have a @value or children"/><expression value="hasValue() or (children().count() &gt; id.count())"/><xpath value="@value|f:*|h:div"/><source value="http://hl7.org/fhir/StructureDefinition/Element"/></constraint><isModifier value="false"/><isSummary value="false"/><mapping><identity value="rim"/><map value="Act.text?"/></mapping></element><element id="ConceptMap.contained"><path value="ConceptMap.contained"/><short value="Contained, inline Resources"/><definition value="These resources do not have an independent existence apart from the resource that contains them - they cannot be identified independently, and nor can they have their own independent transaction scope."/><comment value="This should never be done when the content can be identified properly, as once identification is lost, it is extremely difficult (and context dependent) to restore it again. Contained resources may have profiles and tags In their meta elements, but SHALL NOT have security labels."/><alias value="inline resources"/><alias value="anonymous resources"/><alias value="contained resources"/><min value="0"/><max value="*"/><base><path value="DomainResource.contained"/><min value="0"/><max value="*"/></base><type><code value="Resource"/></type><isModifier value="false"/><isSummary value="false"/><mapping><identity value="rim"/><map value="N/A"/></mapping></element><element id="ConceptMap.extension"><path value="ConceptMap.extension"/><short value="Additional content defined by implementations"/><definition value="May be used to represent additional information that is not part of the basic definition of the resource. To make the use of extensions safe and manageable, there is a strict set of governance  applied to the definition and use of extensions. Though any implementer can define an extension, there is a set of requirements that SHALL be met as part of the definition of the extension."/><comment value="There can be no stigma associated with the use of extensions by any application, project, or standard - regardless of the institution or jurisdiction that uses or defines the extensions.  The use of extensions is what allows the FHIR specification to retain a core level of simplicity for everyone."/><alias value="extensions"/><alias value="user content"/><min value="0"/><max value="*"/><base><path value="DomainResource.extension"/><min value="0"/><max value="*"/></base><type><code value="Extension"/></type><constraint><key value="ele-1"/><severity value="error"/><human value="All FHIR elements must have a @value or children"/><expression value="hasValue() or (children().count() &gt; id.count())"/><xpath value="@value|f:*|h:div"/><source value="http://hl7.org/fhir/StructureDefinition/Element"/></constraint><constraint><key value="ext-1"/><severity value="error"/><human value="Must have either extensions or value[x], not both"/><expression value="extension.exists() != value.exists()"/><xpath value="exists(f:extension)!=exists(f:*[starts-with(local-name(.), &quot;value&quot;)])"/><source value="http://hl7.org/fhir/StructureDefinition/Extension"/></constraint><isModifier value="false"/><isSummary value="false"/><mapping><identity value="rim"/><map value="N/A"/></mapping></element><element id="ConceptMap.modifierExtension"><path value="ConceptMap.modifierExtension"/><short value="Extensions that cannot be ignored"/><definition value="May be used to represent additional information that is not part of the basic definition of the resource and that modifies the understanding of the element that contains it and/or the understanding of the containing element's descendants. Usually modifier elements provide negation or qualification. To make the use of extensions safe and manageable, there is a strict set of governance applied to the definition and use of extensions. Though any implementer is allowed to define an extension, there is a set of requirements that SHALL be met as part of the definition of the extension. Applications processing a resource are required to check for modifier extensions.&#xA;&#xA;Modifier extensions SHALL NOT change the meaning of any elements on Resource or DomainResource (including cannot change the meaning of modifierExtension itself)."/><comment value="There can be no stigma associated with the use of extensions by any application, project, or standard - regardless of the institution or jurisdiction that uses or defines the extensions.  The use of extensions is what allows the FHIR specification to retain a core level of simplicity for everyone."/><requirements value="Modifier extensions allow for extensions that *cannot* be safely ignored to be clearly distinguished from the vast majority of extensions which can be safely ignored.  This promotes interoperability by eliminating the need for implementers to prohibit the presence of extensions. For further information, see the [definition of modifier extensions](http://hl7.org/fhir/R4/extensibility.html#modifierExtension)."/><alias value="extensions"/><alias value="user content"/><min value="0"/><max value="*"/><base><path value="DomainResource.modifierExtension"/><min value="0"/><max value="*"/></base><type><code value="Extension"/></type><constraint><key value="ele-1"/><severity value="error"/><human value="All FHIR elements must have a @value or children"/><expression value="hasValue() or (children().count() &gt; id.count())"/><xpath value="@value|f:*|h:div"/><source value="http://hl7.org/fhir/StructureDefinition/Element"/></constraint><constraint><key value="ext-1"/><severity value="error"/><human value="Must have either extensions or value[x], not both"/><expression value="extension.exists() != value.exists()"/><xpath value="exists(f:extension)!=exists(f:*[starts-with(local-name(.), &quot;value&quot;)])"/><source value="http://hl7.org/fhir/StructureDefinition/Extension"/></constraint><isModifier value="true"/><isModifierReason value="Modifier extensions are expected to modify the meaning or interpretation of the resource that contains them"/><isSummary value="false"/><mapping><identity value="rim"/><map value="N/A"/></mapping></element><element id="ConceptMap.url"><path value="ConceptMap.url"/><short value="Canonical identifier for this concept map, represented as a URI (globally unique)"/><definition value="An absolute URI that is used to identify this concept map when it is referenced in a specification, model, design or an instance; also called its canonical identifier. This SHOULD be globally unique and SHOULD be a literal address at which at which an authoritative instance of this concept map is (or will be) published. This URL can be the target of a canonical reference. It SHALL remain the same when the concept map is stored on different servers."/><comment value="Can be a urn:uuid: or a urn:oid: but real http: addresses are preferred.  Multiple instances may share the same URL if they have a distinct version.&#xA;&#xA;The determination of when to create a new version of a resource (same url, new version) vs. defining a new artifact is up to the author.  Considerations for making this decision are found in [Technical and Business Versions](http://hl7.org/fhir/R4/resource.html#versions). &#xA;&#xA;In some cases, the resource can no longer be found at the stated url, but the url itself cannot change. Implementations can use the [meta.source](http://hl7.org/fhir/R4/resource.html#meta) element to indicate where the current master source of the resource can be found."/><requirements value="Allows the concept map to be referenced by a single globally unique identifier."/><min value="0"/><max value="1"/><base><path value="ConceptMap.url"/><min value="0"/><max value="1"/></base><type><code value="uri"/></type><constraint><key value="ele-1"/><severity value="error"/><human value="All FHIR elements must have a @value or children"/><expression value="hasValue() or (children().count() &gt; id.count())"/><xpath value="@value|f:*|h:div"/><source value="http://hl7.org/fhir/StructureDefinition/Element"/></constraint><isModifier value="false"/><isSummary value="true"/><mapping><identity value="workflow"/><map value="Definition.url"/></mapping><mapping><identity value="w5"/><map value="FiveWs.identifier"/></mapping></element><element id="ConceptMap.identifier"><path value="ConceptMap.identifier"/><short value="Additional identifier for the concept map"/><definition value="A formal identifier that is used to identify this concept map when it is represented in other formats, or referenced in a specification, model, design or an instance."/><comment value="Typically, this is used for identifiers that can go in an HL7 V3 II (instance identifier) data type, and can then identify this concept map outside of FHIR, where it is not possible to use the logical URI."/><requirements value="Allows externally provided and/or usable business identifiers to be easily associated with the module."/><min value="0"/><max value="1"/><base><path value="ConceptMap.identifier"/><min value="0"/><max value="1"/></base><type><code value="Identifier"/></type><constraint><key value="ele-1"/><severity value="error"/><human value="All FHIR elements must have a @value or children"/><expression value="hasValue() or (children().count() &gt; id.count())"/><xpath value="@value|f:*|h:div"/><source value="http://hl7.org/fhir/StructureDefinition/Element"/></constraint><isModifier value="false"/><isSummary value="true"/><mapping><identity value="workflow"/><map value="Definition.identifier"/></mapping><mapping><identity value="w5"/><map value="FiveWs.identifier"/></mapping><mapping><identity value="objimpl"/><map value="no-gen-base"/></mapping></element><element id="ConceptMap.version"><path value="ConceptMap.version"/><short value="Business version of the concept map"/><definition value="The identifier that is used to identify this version of the concept map when it is referenced in a specification, model, design or instance. This is an arbitrary value managed by the concept map author and is not expected to be globally unique. For example, it might be a timestamp (e.g. yyyymmdd) if a managed version is not available. There is also no expectation that versions can be placed in a lexicographical sequence."/><comment value="There may be different concept map instances that have the same identifier but different versions.  The version can be appended to the url in a reference to allow a reference to a particular business version of the concept map with the format [url]|[version]."/><min value="0"/><max value="1"/><base><path value="ConceptMap.version"/><min value="0"/><max value="1"/></base><type><code value="string"/></type><constraint><key value="ele-1"/><severity value="error"/><human value="All FHIR elements must have a @value or children"/><expression value="hasValue() or (children().count() &gt; id.count())"/><xpath value="@value|f:*|h:div"/><source value="http://hl7.org/fhir/StructureDefinition/Element"/></constraint><isModifier value="false"/><isSummary value="true"/><mapping><identity value="workflow"/><map value="Definition.version"/></mapping><mapping><identity value="w5"/><map value="FiveWs.version"/></mapping></element><element id="ConceptMap.name"><path value="ConceptMap.name"/><short value="Name for this concept map (computer friendly)"/><definition value="A natural language name identifying the concept map. This name should be usable as an identifier for the module by machine processing applications such as code generation."/><comment value="The name is not expected to be globally unique. The name should be a simple alphanumeric type name to ensure that it is machine-processing friendly."/><requirements value="Support human navigation and code generation."/><min value="0"/><max value="1"/><base><path value="ConceptMap.name"/><min value="0"/><max value="1"/></base><type><code value="string"/></type><condition value="inv-0"/><constraint><key value="ele-1"/><severity value="error"/><human value="All FHIR elements must have a @value or children"/><expression value="hasValue() or (children().count() &gt; id.count())"/><xpath value="@value|f:*|h:div"/><source value="http://hl7.org/fhir/StructureDefinition/Element"/></constraint><isModifier value="false"/><isSummary value="true"/></element><element id="ConceptMap.title"><path value="ConceptMap.title"/><short value="Name for this concept map (human friendly)"/><definition value="A short, descriptive, user-friendly title for the concept map."/><comment value="This name does not need to be machine-processing friendly and may contain punctuation, white-space, etc."/><min value="0"/><max value="1"/><base><path value="ConceptMap.title"/><min value="0"/><max value="1"/></base><type><code value="string"/></type><constraint><key value="ele-1"/><severity value="error"/><human value="All FHIR elements must have a @value or children"/><expression value="hasValue() or (children().count() &gt; id.count())"/><xpath value="@value|f:*|h:div"/><source value="http://hl7.org/fhir/StructureDefinition/Element"/></constraint><isModifier value="false"/><isSummary value="true"/><mapping><identity value="workflow"/><map value="Definition.title"/></mapping></element><element id="ConceptMap.status"><path value="ConceptMap.status"/><short value="draft | active | retired | unknown"/><definition value="The status of this concept map. Enables tracking the life-cycle of the content."/><comment value="Allows filtering of concept maps that are appropriate for use versus not."/><min value="1"/><max value="1"/><base><path value="ConceptMap.status"/><min value="1"/><max value="1"/></base><type><code value="code"/></type><constraint><key value="ele-1"/><severity value="error"/><human value="All FHIR elements must have a @value or children"/><expression value="hasValue() or (children().count() &gt; id.count())"/><xpath value="@value|f:*|h:div"/><source value="http://hl7.org/fhir/StructureDefinition/Element"/></constraint><isModifier value="true"/><isModifierReason value="This is labeled as &quot;Is Modifier&quot; because applications should not use a retired {{title}} without due consideration"/><isSummary value="true"/><binding><extension url="http://hl7.org/fhir/StructureDefinition/elementdefinition-bindingName"><valueString value="PublicationStatus"/></extension><extension url="http://hl7.org/fhir/StructureDefinition/elementdefinition-isCommonBinding"><valueBoolean value="true"/></extension><strength value="required"/><description value="The lifecycle status of an artifact."/><valueSet value="http://hl7.org/fhir/ValueSet/publication-status|4.0.1"/></binding><mapping><identity value="workflow"/><map value="Definition.status"/></mapping><mapping><identity value="w5"/><map value="FiveWs.status"/></mapping></element><element id="ConceptMap.experimental"><path value="ConceptMap.experimental"/><short value="For testing purposes, not real usage"/><definition value="A Boolean value to indicate that this concept map is authored for testing purposes (or education/evaluation/marketing) and is not intended to be used for genuine usage."/><comment value="Allows filtering of concept maps that are appropriate for use versus not."/><requirements value="Enables experimental content to be developed following the same lifecycle that would be used for a production-level concept map."/><min value="0"/><max value="1"/><base><path value="ConceptMap.experimental"/><min value="0"/><max value="1"/></base><type><code value="boolean"/></type><constraint><key value="ele-1"/><severity value="error"/><human value="All FHIR elements must have a @value or children"/><expression value="hasValue() or (children().count() &gt; id.count())"/><xpath value="@value|f:*|h:div"/><source value="http://hl7.org/fhir/StructureDefinition/Element"/></constraint><isModifier value="false"/><isSummary value="true"/><mapping><identity value="workflow"/><map value="Definition.experimental"/></mapping><mapping><identity value="w5"/><map value="FiveWs.class"/></mapping></element><element id="ConceptMap.date"><path value="ConceptMap.date"/><short value="Date last changed"/><definition value="The date  (and optionally time) when the concept map was published. The date must change when the business version changes and it must change if the status code changes. In addition, it should change when the substantive content of the concept map changes."/><comment value="Note that this is not the same as the resource last-modified-date, since the resource may be a secondary representation of the concept map. Additional specific dates may be added as extensions or be found by consulting Provenances associated with past versions of the resource."/><alias value="Revision Date"/><min value="0"/><max value="1"/><base><path value="ConceptMap.date"/><min value="0"/><max value="1"/></base><type><code value="dateTime"/></type><constraint><key value="ele-1"/><severity value="error"/><human value="All FHIR elements must have a @value or children"/><expression value="hasValue() or (children().count() &gt; id.count())"/><xpath value="@value|f:*|h:div"/><source value="http://hl7.org/fhir/StructureDefinition/Element"/></constraint><isModifier value="false"/><isSummary value="true"/><mapping><identity value="workflow"/><map value="Definition.date"/></mapping><mapping><identity value="w5"/><map value="FiveWs.recorded"/></mapping></element><element id="ConceptMap.publisher"><path value="ConceptMap.publisher"/><short value="Name of the publisher (organization or individual)"/><definition value="The name of the organization or individual that published the concept map."/><comment value="Usually an organization but may be an individual. The publisher (or steward) of the concept map is the organization or individual primarily responsible for the maintenance and upkeep of the concept map. This is not necessarily the same individual or organization that developed and initially authored the content. The publisher is the primary point of contact for questions or issues with the concept map. This item SHOULD be populated unless the information is available from context."/><requirements value="Helps establish the &quot;authority/credibility&quot; of the concept map.  May also allow for contact."/><min value="0"/><max value="1"/><base><path value="ConceptMap.publisher"/><min value="0"/><max value="1"/></base><type><code value="string"/></type><constraint><key value="ele-1"/><severity value="error"/><human value="All FHIR elements must have a @value or children"/><expression value="hasValue() or (children().count() &gt; id.count())"/><xpath value="@value|f:*|h:div"/><source value="http://hl7.org/fhir/StructureDefinition/Element"/></constraint><isModifier value="false"/><isSummary value="true"/><mapping><identity value="workflow"/><map value="Definition.publisher"/></mapping><mapping><identity value="w5"/><map value="FiveWs.witness"/></mapping></element><element id="ConceptMap.contact"><path value="ConceptMap.contact"/><short value="Contact details for the publisher"/><definition value="Contact details to assist a user in finding and communicating with the publisher."/><comment value="May be a web site, an email address, a telephone number, etc."/><min value="0"/><max value="*"/><base><path value="ConceptMap.contact"/><min value="0"/><max value="*"/></base><type><code value="ContactDetail"/></type><constraint><key value="ele-1"/><severity value="error"/><human value="All FHIR elements must have a @value or children"/><expression value="hasValue() or (children().count() &gt; id.count())"/><xpath value="@value|f:*|h:div"/><source value="http://hl7.org/fhir/StructureDefinition/Element"/></constraint><isModifier value="false"/><isSummary value="true"/><mapping><identity value="workflow"/><map value="Definition.contact"/></mapping></element><element id="ConceptMap.description"><path value="ConceptMap.description"/><short value="Natural language description of the concept map"/><definition value="A free text natural language description of the concept map from a consumer's perspective."/><comment value="The description is not intended to describe the semantics of the concept map. The description should capture its intended use, which is needed for ensuring integrity for its use in models across future changes."/><min value="0"/><max value="1"/><base><path value="ConceptMap.description"/><min value="0"/><max value="1"/></base><type><code value="markdown"/></type><constraint><key value="ele-1"/><severity value="error"/><human value="All FHIR elements must have a @value or children"/><expression value="hasValue() or (children().count() &gt; id.count())"/><xpath value="@value|f:*|h:div"/><source value="http://hl7.org/fhir/StructureDefinition/Element"/></constraint><isModifier value="false"/><isSummary value="false"/><mapping><identity value="workflow"/><map value="Definition.description"/></mapping><mapping><identity value="rim"/><map value="N/A"/></mapping></element><element id="ConceptMap.useContext"><path value="ConceptMap.useContext"/><short value="The context that the content is intended to support"/><definition value="The content was developed with a focus and intent of supporting the contexts that are listed. These contexts may be general categories (gender, age, ...) or may be references to specific programs (insurance plans, studies, ...) and may be used to assist with indexing and searching for appropriate concept map instances."/><comment value="When multiple useContexts are specified, there is no expectation that all or any of the contexts apply."/><requirements value="Assist in searching for appropriate content."/><min value="0"/><max value="*"/><base><path value="ConceptMap.useContext"/><min value="0"/><max value="*"/></base><type><code value="UsageContext"/></type><constraint><key value="ele-1"/><severity value="error"/><human value="All FHIR elements must have a @value or children"/><expression value="hasValue() or (children().count() &gt; id.count())"/><xpath value="@value|f:*|h:div"/><source value="http://hl7.org/fhir/StructureDefinition/Element"/></constraint><isModifier value="false"/><isSummary value="true"/><mapping><identity value="workflow"/><map value="Definition.useContext"/></mapping></element><element id="ConceptMap.jurisdiction"><path value="ConceptMap.jurisdiction"/><short value="Intended jurisdiction for concept map (if applicable)"/><definition value="A legal or geographic region in which the concept map is intended to be used."/><comment value="It may be possible for the concept map to be used in jurisdictions other than those for which it was originally designed or intended."/><min value="0"/><max value="*"/><base><path value="ConceptMap.jurisdiction"/><min value="0"/><max value="*"/></base><type><code value="CodeableConcept"/></type><constraint><key value="ele-1"/><severity value="error"/><human value="All FHIR elements must have a @value or children"/><expression value="hasValue() or (children().count() &gt; id.count())"/><xpath value="@value|f:*|h:div"/><source value="http://hl7.org/fhir/StructureDefinition/Element"/></constraint><isModifier value="false"/><isSummary value="true"/><binding><extension url="http://hl7.org/fhir/StructureDefinition/elementdefinition-bindingName"><valueString value="Jurisdiction"/></extension><extension url="http://hl7.org/fhir/StructureDefinition/elementdefinition-isCommonBinding"><valueBoolean value="true"/></extension><strength value="extensible"/><description value="Countries and regions within which this artifact is targeted for use."/><valueSet value="http://hl7.org/fhir/ValueSet/jurisdiction"/></binding><mapping><identity value="workflow"/><map value="Definition.jurisdiction"/></mapping></element><element id="ConceptMap.purpose"><path value="ConceptMap.purpose"/><short value="Why this concept map is defined"/><definition value="Explanation of why this concept map is needed and why it has been designed as it has."/><comment value="This element does not describe the usage of the concept map. Instead, it provides traceability of ''why'' the resource is either needed or ''why'' it is defined as it is.  This may be used to point to source materials or specifications that drove the structure of this concept map."/><min value="0"/><max value="1"/><base><path value="ConceptMap.purpose"/><min value="0"/><max value="1"/></base><type><code value="markdown"/></type><constraint><key value="ele-1"/><severity value="error"/><human value="All FHIR elements must have a @value or children"/><expression value="hasValue() or (children().count() &gt; id.count())"/><xpath value="@value|f:*|h:div"/><source value="http://hl7.org/fhir/StructureDefinition/Element"/></constraint><isModifier value="false"/><isSummary value="false"/><mapping><identity value="workflow"/><map value="Definition.purpose"/></mapping><mapping><identity value="w5"/><map value="FiveWs.why[x]"/></mapping><mapping><identity value="objimpl"/><map value="no-gen-base"/></mapping></element><element id="ConceptMap.copyright"><path value="ConceptMap.copyright"/><short value="Use and/or publishing restrictions"/><definition value="A copyright statement relating to the concept map and/or its contents. Copyright statements are generally legal restrictions on the use and publishing of the concept map."/><comment value="Frequently the copyright differs between the concept map and codes that are included. The copyright statement should clearly differentiate between these when required."/><requirements value="Consumers must be able to determine any legal restrictions on the use of the concept map and/or its content."/><alias value="License"/><alias value="Restrictions"/><min value="0"/><max value="1"/><base><path value="ConceptMap.copyright"/><min value="0"/><max value="1"/></base><type><code value="markdown"/></type><constraint><key value="ele-1"/><severity value="error"/><human value="All FHIR elements must have a @value or children"/><expression value="hasValue() or (children().count() &gt; id.count())"/><xpath value="@value|f:*|h:div"/><source value="http://hl7.org/fhir/StructureDefinition/Element"/></constraint><isModifier value="false"/><isSummary value="false"/><mapping><identity value="workflow"/><map value="Definition.copyright"/></mapping><mapping><identity value="objimpl"/><map value="no-gen-base"/></mapping></element><element id="ConceptMap.source[x]"><path value="ConceptMap.source[x]"/><short value="The source value set that contains the concepts that are being mapped"/><definition value="Identifier for the source value set that contains the concepts that are being mapped and provides context for the mappings."/><comment value="Should be a version specific reference. URIs SHOULD be absolute. If there is no source or target value set, there is no specified context for the map (not recommended).  The source value set may select codes from either an explicit (standard or local) or implicit code system."/><min value="0"/><max value="1"/><base><path value="ConceptMap.source[x]"/><min value="0"/><max value="1"/></base><type><code value="uri"/></type><type><code value="canonical"/><targetProfile value="http://hl7.org/fhir/StructureDefinition/ValueSet"/></type><constraint><key value="ele-1"/><severity value="error"/><human value="All FHIR elements must have a @value or children"/><expression value="hasValue() or (children().count() &gt; id.count())"/><xpath value="@value|f:*|h:div"/><source value="http://hl7.org/fhir/StructureDefinition/Element"/></constraint><isModifier value="false"/><isSummary value="true"/></element><element id="ConceptMap.target[x]"><path value="ConceptMap.target[x]"/><short value="The target value set which provides context for the mappings"/><definition value="The target value set provides context for the mappings. Note that the mapping is made between concepts, not between value sets, but the value set provides important context about how the concept mapping choices are made."/><comment value="Should be a version specific reference. URIs SHOULD be absolute. If there is no source or target value set, the is no specified context for the map."/><min value="0"/><max value="1"/><base><path value="ConceptMap.target[x]"/><min value="0"/><max value="1"/></base><type><code value="uri"/></type><type><code value="canonical"/><targetProfile value="http://hl7.org/fhir/StructureDefinition/ValueSet"/></type><constraint><key value="ele-1"/><severity value="error"/><human value="All FHIR elements must have a @value or children"/><expression value="hasValue() or (children().count() &gt; id.count())"/><xpath value="@value|f:*|h:div"/><source value="http://hl7.org/fhir/StructureDefinition/Element"/></constraint><isModifier value="false"/><isSummary value="true"/></element><element id="ConceptMap.group"><path value="ConceptMap.group"/><short value="Same source and target systems"/><definition value="A group of mappings that all have the same source and target system."/><min value="0"/><max value="*"/><base><path value="ConceptMap.group"/><min value="0"/><max value="*"/></base><type><code value="BackboneElement"/></type><constraint><key value="ele-1"/><severity value="error"/><human value="All FHIR elements must have a @value or children"/><expression value="hasValue() or (children().count() &gt; id.count())"/><xpath value="@value|f:*|h:div"/><source value="http://hl7.org/fhir/StructureDefinition/Element"/></constraint><isModifier value="false"/><isSummary value="false"/></element><element id="ConceptMap.group.id"><path value="ConceptMap.group.id"/><representation value="xmlAttr"/><short value="Unique id for inter-element referencing"/><definition value="Unique id for the element within a resource (for internal references). This may be any string value that does not contain spaces."/><min value="0"/><max value="1"/><base><path value="Element.id"/><min value="0"/><max value="1"/></base><type><extension url="http://hl7.org/fhir/StructureDefinition/structuredefinition-fhir-type"><valueUrl value="string"/></extension><code value="http://hl7.org/fhirpath/System.String"/></type><isModifier value="false"/><isSummary value="false"/><mapping><identity value="rim"/><map value="n/a"/></mapping></element><element id="ConceptMap.group.extension"><path value="ConceptMap.group.extension"/><short value="Additional content defined by implementations"/><definition value="May be used to represent additional information that is not part of the basic definition of the element. To make the use of extensions safe and manageable, there is a strict set of governance  applied to the definition and use of extensions. Though any implementer can define an extension, there is a set of requirements that SHALL be met as part of the definition of the extension."/><comment value="There can be no stigma associated with the use of extensions by any application, project, or standard - regardless of the institution or jurisdiction that uses or defines the extensions.  The use of extensions is what allows the FHIR specification to retain a core level of simplicity for everyone."/><alias value="extensions"/><alias value="user content"/><min value="0"/><max value="*"/><base><path value="Element.extension"/><min value="0"/><max value="*"/></base><type><code value="Extension"/></type><constraint><key value="ele-1"/><severity value="error"/><human value="All FHIR elements must have a @value or children"/><expression value="hasValue() or (children().count() &gt; id.count())"/><xpath value="@value|f:*|h:div"/><source value="http://hl7.org/fhir/StructureDefinition/Element"/></constraint><constraint><key value="ext-1"/><severity value="error"/><human value="Must have either extensions or value[x], not both"/><expression value="extension.exists() != value.exists()"/><xpath value="exists(f:extension)!=exists(f:*[starts-with(local-name(.), &quot;value&quot;)])"/><source value="http://hl7.org/fhir/StructureDefinition/Extension"/></constraint><isModifier value="false"/><isSummary value="false"/><mapping><identity value="rim"/><map value="n/a"/></mapping></element><element id="ConceptMap.group.modifierExtension"><path value="ConceptMap.group.modifierExtension"/><short value="Extensions that cannot be ignored even if unrecognized"/><definition value="May be used to represent additional information that is not part of the basic definition of the element and that modifies the understanding of the element in which it is contained and/or the understanding of the containing element's descendants. Usually modifier elements provide negation or qualification. To make the use of extensions safe and manageable, there is a strict set of governance applied to the definition and use of extensions. Though any implementer can define an extension, there is a set of requirements that SHALL be met as part of the definition of the extension. Applications processing a resource are required to check for modifier extensions.&#xA;&#xA;Modifier extensions SHALL NOT change the meaning of any elements on Resource or DomainResource (including cannot change the meaning of modifierExtension itself)."/><comment value="There can be no stigma associated with the use of extensions by any application, project, or standard - regardless of the institution or jurisdiction that uses or defines the extensions.  The use of extensions is what allows the FHIR specification to retain a core level of simplicity for everyone."/><requirements value="Modifier extensions allow for extensions that *cannot* be safely ignored to be clearly distinguished from the vast majority of extensions which can be safely ignored.  This promotes interoperability by eliminating the need for implementers to prohibit the presence of extensions. For further information, see the [definition of modifier extensions](http://hl7.org/fhir/R4/extensibility.html#modifierExtension)."/><alias value="extensions"/><alias value="user content"/><alias value="modifiers"/><min value="0"/><max value="*"/><base><path value="BackboneElement.modifierExtension"/><min value="0"/><max value="*"/></base><type><code value="Extension"/></type><constraint><key value="ele-1"/><severity value="error"/><human value="All FHIR elements must have a @value or children"/><expression value="hasValue() or (children().count() &gt; id.count())"/><xpath value="@value|f:*|h:div"/><source value="http://hl7.org/fhir/StructureDefinition/Element"/></constraint><constraint><key value="ext-1"/><severity value="error"/><human value="Must have either extensions or value[x], not both"/><expression value="extension.exists() != value.exists()"/><xpath value="exists(f:extension)!=exists(f:*[starts-with(local-name(.), &quot;value&quot;)])"/><source value="http://hl7.org/fhir/StructureDefinition/Extension"/></constraint><isModifier value="true"/><isModifierReason value="Modifier extensions are expected to modify the meaning or interpretation of the element that contains them"/><isSummary value="true"/><mapping><identity value="rim"/><map value="N/A"/></mapping></element><element id="ConceptMap.group.source"><path value="ConceptMap.group.source"/><short value="Source system where concepts to be mapped are defined"/><definition value="An absolute URI that identifies the source system where the concepts to be mapped are defined."/><comment value="This is not needed if the source value set is specified and it contains concepts from only a single system."/><min value="0"/><max value="1"/><base><path value="ConceptMap.group.source"/><min value="0"/><max value="1"/></base><type><code value="uri"/></type><constraint><key value="ele-1"/><severity value="error"/><human value="All FHIR elements must have a @value or children"/><expression value="hasValue() or (children().count() &gt; id.count())"/><xpath value="@value|f:*|h:div"/><source value="http://hl7.org/fhir/StructureDefinition/Element"/></constraint><isModifier value="false"/><isSummary value="false"/></element><element id="ConceptMap.group.sourceVersion"><path value="ConceptMap.group.sourceVersion"/><short value="Specific version of the  code system"/><definition value="The specific version of the code system, as determined by the code system authority."/><comment value="The specification of a particular code system version may be required for code systems which lack concept permanence."/><min value="0"/><max value="1"/><base><path value="ConceptMap.group.sourceVersion"/><min value="0"/><max value="1"/></base><type><code value="string"/></type><constraint><key value="ele-1"/><severity value="error"/><human value="All FHIR elements must have a @value or children"/><expression value="hasValue() or (children().count() &gt; id.count())"/><xpath value="@value|f:*|h:div"/><source value="http://hl7.org/fhir/StructureDefinition/Element"/></constraint><isModifier value="false"/><isSummary value="false"/></element><element id="ConceptMap.group.target"><path value="ConceptMap.group.target"/><short value="Target system that the concepts are to be mapped to"/><definition value="An absolute URI that identifies the target system that the concepts will be mapped to."/><comment value="This is not needed if the target value set is specified and it contains concepts from only a single system. The group target may also be omitted if all of the target element equivalence values are 'unmatched'."/><min value="0"/><max value="1"/><base><path value="ConceptMap.group.target"/><min value="0"/><max value="1"/></base><type><code value="uri"/></type><constraint><key value="ele-1"/><severity value="error"/><human value="All FHIR elements must have a @value or children"/><expression value="hasValue() or (children().count() &gt; id.count())"/><xpath value="@value|f:*|h:div"/><source value="http://hl7.org/fhir/StructureDefinition/Element"/></constraint><isModifier value="false"/><isSummary value="false"/></element><element id="ConceptMap.group.targetVersion"><path value="ConceptMap.group.targetVersion"/><short value="Specific version of the  code system"/><definition value="The specific version of the code system, as determined by the code system authority."/><comment value="The specification of a particular code system version may be required for code systems which lack concept permanence."/><min value="0"/><max value="1"/><base><path value="ConceptMap.group.targetVersion"/><min value="0"/><max value="1"/></base><type><code value="string"/></type><constraint><key value="ele-1"/><severity value="error"/><human value="All FHIR elements must have a @value or children"/><expression value="hasValue() or (children().count() &gt; id.count())"/><xpath value="@value|f:*|h:div"/><source value="http://hl7.org/fhir/StructureDefinition/Element"/></constraint><isModifier value="false"/><isSummary value="false"/></element><element id="ConceptMap.group.element"><extension url="http://hl7.org/fhir/StructureDefinition/structuredefinition-explicit-type-name"><valueString value="SourceElement"/></extension><path value="ConceptMap.group.element"/><short value="Mappings for a concept from the source set"/><definition value="Mappings for an individual concept in the source to one or more concepts in the target."/><comment value="Generally, the ideal is that there would only be one mapping for each concept in the source value set, but a given concept may be mapped multiple times with different comments or dependencies."/><alias value="code"/><alias value="concept"/><alias value="item"/><min value="1"/><max value="*"/><base><path value="ConceptMap.group.element"/><min value="1"/><max value="*"/></base><type><code value="BackboneElement"/></type><constraint><key value="ele-1"/><severity value="error"/><human value="All FHIR elements must have a @value or children"/><expression value="hasValue() or (children().count() &gt; id.count())"/><xpath value="@value|f:*|h:div"/><source value="http://hl7.org/fhir/StructureDefinition/Element"/></constraint><isModifier value="false"/><isSummary value="false"/></element><element id="ConceptMap.group.element.id"><path value="ConceptMap.group.element.id"/><representation value="xmlAttr"/><short value="Unique id for inter-element referencing"/><definition value="Unique id for the element within a resource (for internal references). This may be any string value that does not contain spaces."/><min value="0"/><max value="1"/><base><path value="Element.id"/><min value="0"/><max value="1"/></base><type><extension url="http://hl7.org/fhir/StructureDefinition/structuredefinition-fhir-type"><valueUrl value="string"/></extension><code value="http://hl7.org/fhirpath/System.String"/></type><isModifier value="false"/><isSummary value="false"/><mapping><identity value="rim"/><map value="n/a"/></mapping></element><element id="ConceptMap.group.element.extension"><path value="ConceptMap.group.element.extension"/><short value="Additional content defined by implementations"/><definition value="May be used to represent additional information that is not part of the basic definition of the element. To make the use of extensions safe and manageable, there is a strict set of governance  applied to the definition and use of extensions. Though any implementer can define an extension, there is a set of requirements that SHALL be met as part of the definition of the extension."/><comment value="There can be no stigma associated with the use of extensions by any application, project, or standard - regardless of the institution or jurisdiction that uses or defines the extensions.  The use of extensions is what allows the FHIR specification to retain a core level of simplicity for everyone."/><alias value="extensions"/><alias value="user content"/><min value="0"/><max value="*"/><base><path value="Element.extension"/><min value="0"/><max value="*"/></base><type><code value="Extension"/></type><constraint><key value="ele-1"/><severity value="error"/><human value="All FHIR elements must have a @value or children"/><expression value="hasValue() or (children().count() &gt; id.count())"/><xpath value="@value|f:*|h:div"/><source value="http://hl7.org/fhir/StructureDefinition/Element"/></constraint><constraint><key value="ext-1"/><severity value="error"/><human value="Must have either extensions or value[x], not both"/><expression value="extension.exists() != value.exists()"/><xpath value="exists(f:extension)!=exists(f:*[starts-with(local-name(.), &quot;value&quot;)])"/><source value="http://hl7.org/fhir/StructureDefinition/Extension"/></constraint><isModifier value="false"/><isSummary value="false"/><mapping><identity value="rim"/><map value="n/a"/></mapping></element><element id="ConceptMap.group.element.modifierExtension"><path value="ConceptMap.group.element.modifierExtension"/><short value="Extensions that cannot be ignored even if unrecognized"/><definition value="May be used to represent additional information that is not part of the basic definition of the element and that modifies the understanding of the element in which it is contained and/or the understanding of the containing element's descendants. Usually modifier elements provide negation or qualification. To make the use of extensions safe and manageable, there is a strict set of governance applied to the definition and use of extensions. Though any implementer can define an extension, there is a set of requirements that SHALL be met as part of the definition of the extension. Applications processing a resource are required to check for modifier extensions.&#xA;&#xA;Modifier extensions SHALL NOT change the meaning of any elements on Resource or DomainResource (including cannot change the meaning of modifierExtension itself)."/><comment value="There can be no stigma associated with the use of extensions by any application, project, or standard - regardless of the institution or jurisdiction that uses or defines the extensions.  The use of extensions is what allows the FHIR specification to retain a core level of simplicity for everyone."/><requirements value="Modifier extensions allow for extensions that *cannot* be safely ignored to be clearly distinguished from the vast majority of extensions which can be safely ignored.  This promotes interoperability by eliminating the need for implementers to prohibit the presence of extensions. For further information, see the [definition of modifier extensions](http://hl7.org/fhir/R4/extensibility.html#modifierExtension)."/><alias value="extensions"/><alias value="user content"/><alias value="modifiers"/><min value="0"/><max value="*"/><base><path value="BackboneElement.modifierExtension"/><min value="0"/><max value="*"/></base><type><code value="Extension"/></type><constraint><key value="ele-1"/><severity value="error"/><human value="All FHIR elements must have a @value or children"/><expression value="hasValue() or (children().count() &gt; id.count())"/><xpath value="@value|f:*|h:div"/><source value="http://hl7.org/fhir/StructureDefinition/Element"/></constraint><constraint><key value="ext-1"/><severity value="error"/><human value="Must have either extensions or value[x], not both"/><expression value="extension.exists() != value.exists()"/><xpath value="exists(f:extension)!=exists(f:*[starts-with(local-name(.), &quot;value&quot;)])"/><source value="http://hl7.org/fhir/StructureDefinition/Extension"/></constraint><isModifier value="true"/><isModifierReason value="Modifier extensions are expected to modify the meaning or interpretation of the element that contains them"/><isSummary value="true"/><mapping><identity value="rim"/><map value="N/A"/></mapping></element><element id="ConceptMap.group.element.code"><path value="ConceptMap.group.element.code"/><short value="Identifies element being mapped"/><definition value="Identity (code or path) or the element/item being mapped."/><min value="0"/><max value="1"/><base><path value="ConceptMap.group.element.code"/><min value="0"/><max value="1"/></base><type><code value="code"/></type><constraint><key value="ele-1"/><severity value="error"/><human value="All FHIR elements must have a @value or children"/><expression value="hasValue() or (children().count() &gt; id.count())"/><xpath value="@value|f:*|h:div"/><source value="http://hl7.org/fhir/StructureDefinition/Element"/></constraint><isModifier value="false"/><isSummary value="false"/></element><element id="ConceptMap.group.element.display"><path value="ConceptMap.group.element.display"/><short value="Display for the code"/><definition value="The display for the code. The display is only provided to help editors when editing the concept map."/><comment value="The display is ignored when processing the map."/><min value="0"/><max value="1"/><base><path value="ConceptMap.group.element.display"/><min value="0"/><max value="1"/></base><type><code value="string"/></type><constraint><key value="ele-1"/><severity value="error"/><human value="All FHIR elements must have a @value or children"/><expression value="hasValue() or (children().count() &gt; id.count())"/><xpath value="@value|f:*|h:div"/><source value="http://hl7.org/fhir/StructureDefinition/Element"/></constraint><isModifier value="false"/><isSummary value="false"/></element><element id="ConceptMap.group.element.target"><extension url="http://hl7.org/fhir/StructureDefinition/structuredefinition-explicit-type-name"><valueString value="TargetElement"/></extension><path value="ConceptMap.group.element.target"/><short value="Concept in target system for element"/><definition value="A concept from the target value set that this concept maps to."/><comment value="Ideally there would only be one map, with equal or equivalent mapping. But multiple maps are allowed for several narrower options, or to assert that other concepts are unmatched."/><min value="0"/><max value="*"/><base><path value="ConceptMap.group.element.target"/><min value="0"/><max value="*"/></base><type><code value="BackboneElement"/></type><constraint><key value="cmd-1"/><severity value="error"/><human value="If the map is narrower or inexact, there SHALL be some comments"/><expression value="comment.exists() or equivalence.empty() or ((equivalence != 'narrower') and (equivalence != 'inexact'))"/><xpath value="exists(f:comment) or not(exists(f:equivalence)) or ((f:equivalence/@value != 'narrower') and (f:equivalence/@value != 'inexact'))"/><source value="http://hl7.org/fhir/StructureDefinition/ConceptMap"/></constraint><constraint><key value="ele-1"/><severity value="error"/><human value="All FHIR elements must have a @value or children"/><expression value="hasValue() or (children().count() &gt; id.count())"/><xpath value="@value|f:*|h:div"/><source value="http://hl7.org/fhir/StructureDefinition/Element"/></constraint><isModifier value="false"/><isSummary value="false"/></element><element id="ConceptMap.group.element.target.id"><path value="ConceptMap.group.element.target.id"/><representation value="xmlAttr"/><short value="Unique id for inter-element referencing"/><definition value="Unique id for the element within a resource (for internal references). This may be any string value that does not contain spaces."/><min value="0"/><max value="1"/><base><path value="Element.id"/><min value="0"/><max value="1"/></base><type><extension url="http://hl7.org/fhir/StructureDefinition/structuredefinition-fhir-type"><valueUrl value="string"/></extension><code value="http://hl7.org/fhirpath/System.String"/></type><isModifier value="false"/><isSummary value="false"/><mapping><identity value="rim"/><map value="n/a"/></mapping></element><element id="ConceptMap.group.element.target.extension"><path value="ConceptMap.group.element.target.extension"/><short value="Additional content defined by implementations"/><definition value="May be used to represent additional information that is not part of the basic definition of the element. To make the use of extensions safe and manageable, there is a strict set of governance  applied to the definition and use of extensions. Though any implementer can define an extension, there is a set of requirements that SHALL be met as part of the definition of the extension."/><comment value="There can be no stigma associated with the use of extensions by any application, project, or standard - regardless of the institution or jurisdiction that uses or defines the extensions.  The use of extensions is what allows the FHIR specification to retain a core level of simplicity for everyone."/><alias value="extensions"/><alias value="user content"/><min value="0"/><max value="*"/><base><path value="Element.extension"/><min value="0"/><max value="*"/></base><type><code value="Extension"/></type><constraint><key value="ele-1"/><severity value="error"/><human value="All FHIR elements must have a @value or children"/><expression value="hasValue() or (children().count() &gt; id.count())"/><xpath value="@value|f:*|h:div"/><source value="http://hl7.org/fhir/StructureDefinition/Element"/></constraint><constraint><key value="ext-1"/><severity value="error"/><human value="Must have either extensions or value[x], not both"/><expression value="extension.exists() != value.exists()"/><xpath value="exists(f:extension)!=exists(f:*[starts-with(local-name(.), &quot;value&quot;)])"/><source value="http://hl7.org/fhir/StructureDefinition/Extension"/></constraint><isModifier value="false"/><isSummary value="false"/><mapping><identity value="rim"/><map value="n/a"/></mapping></element><element id="ConceptMap.group.element.target.modifierExtension"><path value="ConceptMap.group.element.target.modifierExtension"/><short value="Extensions that cannot be ignored even if unrecognized"/><definition value="May be used to represent additional information that is not part of the basic definition of the element and that modifies the understanding of the element in which it is contained and/or the understanding of the containing element's descendants. Usually modifier elements provide negation or qualification. To make the use of extensions safe and manageable, there is a strict set of governance applied to the definition and use of extensions. Though any implementer can define an extension, there is a set of requirements that SHALL be met as part of the definition of the extension. Applications processing a resource are required to check for modifier extensions.&#xA;&#xA;Modifier extensions SHALL NOT change the meaning of any elements on Resource or DomainResource (including cannot change the meaning of modifierExtension itself)."/><comment value="There can be no stigma associated with the use of extensions by any application, project, or standard - regardless of the institution or jurisdiction that uses or defines the extensions.  The use of extensions is what allows the FHIR specification to retain a core level of simplicity for everyone."/><requirements value="Modifier extensions allow for extensions that *cannot* be safely ignored to be clearly distinguished from the vast majority of extensions which can be safely ignored.  This promotes interoperability by eliminating the need for implementers to prohibit the presence of extensions. For further information, see the [definition of modifier extensions](http://hl7.org/fhir/R4/extensibility.html#modifierExtension)."/><alias value="extensions"/><alias value="user content"/><alias value="modifiers"/><min value="0"/><max value="*"/><base><path value="BackboneElement.modifierExtension"/><min value="0"/><max value="*"/></base><type><code value="Extension"/></type><constraint><key value="ele-1"/><severity value="error"/><human value="All FHIR elements must have a @value or children"/><expression value="hasValue() or (children().count() &gt; id.count())"/><xpath value="@value|f:*|h:div"/><source value="http://hl7.org/fhir/StructureDefinition/Element"/></constraint><constraint><key value="ext-1"/><severity value="error"/><human value="Must have either extensions or value[x], not both"/><expression value="extension.exists() != value.exists()"/><xpath value="exists(f:extension)!=exists(f:*[starts-with(local-name(.), &quot;value&quot;)])"/><source value="http://hl7.org/fhir/StructureDefinition/Extension"/></constraint><isModifier value="true"/><isModifierReason value="Modifier extensions are expected to modify the meaning or interpretation of the element that contains them"/><isSummary value="true"/><mapping><identity value="rim"/><map value="N/A"/></mapping></element><element id="ConceptMap.group.element.target.code"><path value="ConceptMap.group.element.target.code"/><short value="Code that identifies the target element"/><definition value="Identity (code or path) or the element/item that the map refers to."/><min value="0"/><max value="1"/><base><path value="ConceptMap.group.element.target.code"/><min value="0"/><max value="1"/></base><type><code value="code"/></type><constraint><key value="ele-1"/><severity value="error"/><human value="All FHIR elements must have a @value or children"/><expression value="hasValue() or (children().count() &gt; id.count())"/><xpath value="@value|f:*|h:div"/><source value="http://hl7.org/fhir/StructureDefinition/Element"/></constraint><isModifier value="false"/><isSummary value="false"/></element><element id="ConceptMap.group.element.target.display"><path value="ConceptMap.group.element.target.display"/><short value="Display for the code"/><definition value="The display for the code. The display is only provided to help editors when editing the concept map."/><comment value="The display is ignored when processing the map."/><min value="0"/><max value="1"/><base><path value="ConceptMap.group.element.target.display"/><min value="0"/><max value="1"/></base><type><code value="string"/></type><constraint><key value="ele-1"/><severity value="error"/><human value="All FHIR elements must have a @value or children"/><expression value="hasValue() or (children().count() &gt; id.count())"/><xpath value="@value|f:*|h:div"/><source value="http://hl7.org/fhir/StructureDefinition/Element"/></constraint><isModifier value="false"/><isSummary value="false"/></element><element id="ConceptMap.group.element.target.equivalence"><path value="ConceptMap.group.element.target.equivalence"/><short value="relatedto | equivalent | equal | wider | subsumes | narrower | specializes | inexact | unmatched | disjoint"/><definition value="The equivalence between the source and target concepts (counting for the dependencies and products). The equivalence is read from target to source (e.g. the target is 'wider' than the source)."/><comment value="This element is labeled as a modifier because it may indicate that a target does not apply."/><min value="1"/><max value="1"/><base><path value="ConceptMap.group.element.target.equivalence"/><min value="1"/><max value="1"/></base><type><code value="code"/></type><constraint><key value="ele-1"/><severity value="error"/><human value="All FHIR elements must have a @value or children"/><expression value="hasValue() or (children().count() &gt; id.count())"/><xpath value="@value|f:*|h:div"/><source value="http://hl7.org/fhir/StructureDefinition/Element"/></constraint><isModifier value="true"/><isModifierReason value="Some of the values mean that there is no mapping from the source to the target, particularly 'disjoint', and the mapping cannot be interpreted without knowing this value as it could mean the elements are equivalent, totally mismatched or anything in between"/><isSummary value="false"/><binding><extension url="http://hl7.org/fhir/StructureDefinition/elementdefinition-bindingName"><valueString value="ConceptMapEquivalence"/></extension><extension url="http://hl7.org/fhir/StructureDefinition/elementdefinition-isCommonBinding"><valueBoolean value="true"/></extension><strength value="required"/><description value="The degree of equivalence between concepts."/><valueSet value="http://hl7.org/fhir/ValueSet/concept-map-equivalence|4.0.1"/></binding></element><element id="ConceptMap.group.element.target.comment"><path value="ConceptMap.group.element.target.comment"/><short value="Description of status/issues in mapping"/><definition value="A description of status/issues in mapping that conveys additional information not represented in  the structured data."/><min value="0"/><max value="1"/><base><path value="ConceptMap.group.element.target.comment"/><min value="0"/><max value="1"/></base><type><code value="string"/></type><condition value="cmd-1"/><constraint><key value="ele-1"/><severity value="error"/><human value="All FHIR elements must have a @value or children"/><expression value="hasValue() or (children().count() &gt; id.count())"/><xpath value="@value|f:*|h:div"/><source value="http://hl7.org/fhir/StructureDefinition/Element"/></constraint><isModifier value="false"/><isSummary value="false"/></element><element id="ConceptMap.group.element.target.dependsOn"><extension url="http://hl7.org/fhir/StructureDefinition/structuredefinition-explicit-type-name"><valueString value="OtherElement"/></extension><path value="ConceptMap.group.element.target.dependsOn"/><short value="Other elements required for this mapping (from context)"/><definition value="A set of additional dependencies for this mapping to hold. This mapping is only applicable if the specified element can be resolved, and it has the specified value."/><min value="0"/><max value="*"/><base><path value="ConceptMap.group.element.target.dependsOn"/><min value="0"/><max value="*"/></base><type><code value="BackboneElement"/></type><constraint><key value="ele-1"/><severity value="error"/><human value="All FHIR elements must have a @value or children"/><expression value="hasValue() or (children().count() &gt; id.count())"/><xpath value="@value|f:*|h:div"/><source value="http://hl7.org/fhir/StructureDefinition/Element"/></constraint><isModifier value="false"/><isSummary value="false"/></element><element id="ConceptMap.group.element.target.dependsOn.id"><path value="ConceptMap.group.element.target.dependsOn.id"/><representation value="xmlAttr"/><short value="Unique id for inter-element referencing"/><definition value="Unique id for the element within a resource (for internal references). This may be any string value that does not contain spaces."/><min value="0"/><max value="1"/><base><path value="Element.id"/><min value="0"/><max value="1"/></base><type><extension url="http://hl7.org/fhir/StructureDefinition/structuredefinition-fhir-type"><valueUrl value="string"/></extension><code value="http://hl7.org/fhirpath/System.String"/></type><isModifier value="false"/><isSummary value="false"/><mapping><identity value="rim"/><map value="n/a"/></mapping></element><element id="ConceptMap.group.element.target.dependsOn.extension"><path value="ConceptMap.group.element.target.dependsOn.extension"/><short value="Additional content defined by implementations"/><definition value="May be used to represent additional information that is not part of the basic definition of the element. To make the use of extensions safe and manageable, there is a strict set of governance  applied to the definition and use of extensions. Though any implementer can define an extension, there is a set of requirements that SHALL be met as part of the definition of the extension."/><comment value="There can be no stigma associated with the use of extensions by any application, project, or standard - regardless of the institution or jurisdiction that uses or defines the extensions.  The use of extensions is what allows the FHIR specification to retain a core level of simplicity for everyone."/><alias value="extensions"/><alias value="user content"/><min value="0"/><max value="*"/><base><path value="Element.extension"/><min value="0"/><max value="*"/></base><type><code value="Extension"/></type><constraint><key value="ele-1"/><severity value="error"/><human value="All FHIR elements must have a @value or children"/><expression value="hasValue() or (children().count() &gt; id.count())"/><xpath value="@value|f:*|h:div"/><source value="http://hl7.org/fhir/StructureDefinition/Element"/></constraint><constraint><key value="ext-1"/><severity value="error"/><human value="Must have either extensions or value[x], not both"/><expression value="extension.exists() != value.exists()"/><xpath value="exists(f:extension)!=exists(f:*[starts-with(local-name(.), &quot;value&quot;)])"/><source value="http://hl7.org/fhir/StructureDefinition/Extension"/></constraint><isModifier value="false"/><isSummary value="false"/><mapping><identity value="rim"/><map value="n/a"/></mapping></element><element id="ConceptMap.group.element.target.dependsOn.modifierExtension"><path value="ConceptMap.group.element.target.dependsOn.modifierExtension"/><short value="Extensions that cannot be ignored even if unrecognized"/><definition value="May be used to represent additional information that is not part of the basic definition of the element and that modifies the understanding of the element in which it is contained and/or the understanding of the containing element's descendants. Usually modifier elements provide negation or qualification. To make the use of extensions safe and manageable, there is a strict set of governance applied to the definition and use of extensions. Though any implementer can define an extension, there is a set of requirements that SHALL be met as part of the definition of the extension. Applications processing a resource are required to check for modifier extensions.&#xA;&#xA;Modifier extensions SHALL NOT change the meaning of any elements on Resource or DomainResource (including cannot change the meaning of modifierExtension itself)."/><comment value="There can be no stigma associated with the use of extensions by any application, project, or standard - regardless of the institution or jurisdiction that uses or defines the extensions.  The use of extensions is what allows the FHIR specification to retain a core level of simplicity for everyone."/><requirements value="Modifier extensions allow for extensions that *cannot* be safely ignored to be clearly distinguished from the vast majority of extensions which can be safely ignored.  This promotes interoperability by eliminating the need for implementers to prohibit the presence of extensions. For further information, see the [definition of modifier extensions](http://hl7.org/fhir/R4/extensibility.html#modifierExtension)."/><alias value="extensions"/><alias value="user content"/><alias value="modifiers"/><min value="0"/><max value="*"/><base><path value="BackboneElement.modifierExtension"/><min value="0"/><max value="*"/></base><type><code value="Extension"/></type><constraint><key value="ele-1"/><severity value="error"/><human value="All FHIR elements must have a @value or children"/><expression value="hasValue() or (children().count() &gt; id.count())"/><xpath value="@value|f:*|h:div"/><source value="http://hl7.org/fhir/StructureDefinition/Element"/></constraint><constraint><key value="ext-1"/><severity value="error"/><human value="Must have either extensions or value[x], not both"/><expression value="extension.exists() != value.exists()"/><xpath value="exists(f:extension)!=exists(f:*[starts-with(local-name(.), &quot;value&quot;)])"/><source value="http://hl7.org/fhir/StructureDefinition/Extension"/></constraint><isModifier value="true"/><isModifierReason value="Modifier extensions are expected to modify the meaning or interpretation of the element that contains them"/><isSummary value="true"/><mapping><identity value="rim"/><map value="N/A"/></mapping></element><element id="ConceptMap.group.element.target.dependsOn.property"><path value="ConceptMap.group.element.target.dependsOn.property"/><short value="Reference to property mapping depends on"/><definition value="A reference to an element that holds a coded value that corresponds to a code system property. The idea is that the information model carries an element somewhere that is labeled to correspond with a code system property."/><min value="1"/><max value="1"/><base><path value="ConceptMap.group.element.target.dependsOn.property"/><min value="1"/><max value="1"/></base><type><code value="uri"/></type><constraint><key value="ele-1"/><severity value="error"/><human value="All FHIR elements must have a @value or children"/><expression value="hasValue() or (children().count() &gt; id.count())"/><xpath value="@value|f:*|h:div"/><source value="http://hl7.org/fhir/StructureDefinition/Element"/></constraint><isModifier value="false"/><isSummary value="false"/></element><element id="ConceptMap.group.element.target.dependsOn.system"><path value="ConceptMap.group.element.target.dependsOn.system"/><short value="Code System (if necessary)"/><definition value="An absolute URI that identifies the code system of the dependency code (if the source/dependency is a value set that crosses code systems)."/><min value="0"/><max value="1"/><base><path value="ConceptMap.group.element.target.dependsOn.system"/><min value="0"/><max value="1"/></base><type><code value="canonical"/><targetProfile value="http://hl7.org/fhir/StructureDefinition/CodeSystem"/></type><meaningWhenMissing value="The code is in the source (dependsOn) or target (product) system"/><constraint><key value="ele-1"/><severity value="error"/><human value="All FHIR elements must have a @value or children"/><expression value="hasValue() or (children().count() &gt; id.count())"/><xpath value="@value|f:*|h:div"/><source value="http://hl7.org/fhir/StructureDefinition/Element"/></constraint><isModifier value="false"/><isSummary value="false"/></element><element id="ConceptMap.group.element.target.dependsOn.value"><path value="ConceptMap.group.element.target.dependsOn.value"/><short value="Value of the referenced element"/><definition value="Identity (code or path) or the element/item/ValueSet/text that the map depends on / refers to."/><min value="1"/><max value="1"/><base><path value="ConceptMap.group.element.target.dependsOn.value"/><min value="1"/><max value="1"/></base><type><code value="string"/></type><constraint><key value="ele-1"/><severity value="error"/><human value="All FHIR elements must have a @value or children"/><expression value="hasValue() or (children().count() &gt; id.count())"/><xpath value="@value|f:*|h:div"/><source value="http://hl7.org/fhir/StructureDefinition/Element"/></constraint><isModifier value="false"/><isSummary value="false"/></element><element id="ConceptMap.group.element.target.dependsOn.display"><path value="ConceptMap.group.element.target.dependsOn.display"/><short value="Display for the code (if value is a code)"/><definition value="The display for the code. The display is only provided to help editors when editing the concept map."/><comment value="The display is ignored when processing the map."/><min value="0"/><max value="1"/><base><path value="ConceptMap.group.element.target.dependsOn.display"/><min value="0"/><max value="1"/></base><type><code value="string"/></type><constraint><key value="ele-1"/><severity value="error"/><human value="All FHIR elements must have a @value or children"/><expression value="hasValue() or (children().count() &gt; id.count())"/><xpath value="@value|f:*|h:div"/><source value="http://hl7.org/fhir/StructureDefinition/Element"/></constraint><isModifier value="false"/><isSummary value="false"/></element><element id="ConceptMap.group.element.target.product"><path value="ConceptMap.group.element.target.product"/><short value="Other concepts that this mapping also produces"/><definition value="A set of additional outcomes from this mapping to other elements. To properly execute this mapping, the specified element must be mapped to some data element or source that is in context. The mapping may still be useful without a place for the additional data elements, but the equivalence cannot be relied on."/><min value="0"/><max value="*"/><base><path value="ConceptMap.group.element.target.product"/><min value="0"/><max value="*"/></base><contentReference value="http://hl7.org/fhir/StructureDefinition/ConceptMap#ConceptMap.group.element.target.dependsOn"/><constraint><key value="ele-1"/><severity value="error"/><human value="All FHIR elements must have a @value or children"/><expression value="hasValue() or (children().count() &gt; id.count())"/><xpath value="@value|f:*|h:div"/><source value="http://hl7.org/fhir/StructureDefinition/Element"/></constraint><isModifier value="false"/><isSummary value="false"/></element><element id="ConceptMap.group.unmapped"><path value="ConceptMap.group.unmapped"/><short value="What to do when there is no mapping for the source concept"/><definition value="What to do when there is no mapping for the source concept. &quot;Unmapped&quot; does not include codes that are unmatched, and the unmapped element is ignored in a code is specified to have equivalence = unmatched."/><comment value="This only applies if the source code has a system value that matches the system defined for the group."/><min value="0"/><max value="1"/><base><path value="ConceptMap.group.unmapped"/><min value="0"/><max value="1"/></base><type><code value="BackboneElement"/></type><constraint><key value="cmd-2"/><severity value="error"/><human value="If the mode is 'fixed', a code must be provided"/><expression value="(mode = 'fixed') implies code.exists()"/><xpath value="(f:mode/@value != 'fixed') or exists(f:code)"/><source value="http://hl7.org/fhir/StructureDefinition/ConceptMap"/></constraint><constraint><key value="cmd-3"/><severity value="error"/><human value="If the mode is 'other-map', a url must be provided"/><expression value="(mode = 'other-map') implies url.exists()"/><xpath value="(f:mode/@value != 'other-map') or exists(f:url)"/><source value="http://hl7.org/fhir/StructureDefinition/ConceptMap"/></constraint><constraint><key value="ele-1"/><severity value="error"/><human value="All FHIR elements must have a @value or children"/><expression value="hasValue() or (children().count() &gt; id.count())"/><xpath value="@value|f:*|h:div"/><source value="http://hl7.org/fhir/StructureDefinition/Element"/></constraint><isModifier value="false"/><isSummary value="false"/></element><element id="ConceptMap.group.unmapped.id"><path value="ConceptMap.group.unmapped.id"/><representation value="xmlAttr"/><short value="Unique id for inter-element referencing"/><definition value="Unique id for the element within a resource (for internal references). This may be any string value that does not contain spaces."/><min value="0"/><max value="1"/><base><path value="Element.id"/><min value="0"/><max value="1"/></base><type><extension url="http://hl7.org/fhir/StructureDefinition/structuredefinition-fhir-type"><valueUrl value="string"/></extension><code value="http://hl7.org/fhirpath/System.String"/></type><isModifier value="false"/><isSummary value="false"/><mapping><identity value="rim"/><map value="n/a"/></mapping></element><element id="ConceptMap.group.unmapped.extension"><path value="ConceptMap.group.unmapped.extension"/><short value="Additional content defined by implementations"/><definition value="May be used to represent additional information that is not part of the basic definition of the element. To make the use of extensions safe and manageable, there is a strict set of governance  applied to the definition and use of extensions. Though any implementer can define an extension, there is a set of requirements that SHALL be met as part of the definition of the extension."/><comment value="There can be no stigma associated with the use of extensions by any application, project, or standard - regardless of the institution or jurisdiction that uses or defines the extensions.  The use of extensions is what allows the FHIR specification to retain a core level of simplicity for everyone."/><alias value="extensions"/><alias value="user content"/><min value="0"/><max value="*"/><base><path value="Element.extension"/><min value="0"/><max value="*"/></base><type><code value="Extension"/></type><constraint><key value="ele-1"/><severity value="error"/><human value="All FHIR elements must have a @value or children"/><expression value="hasValue() or (children().count() &gt; id.count())"/><xpath value="@value|f:*|h:div"/><source value="http://hl7.org/fhir/StructureDefinition/Element"/></constraint><constraint><key value="ext-1"/><severity value="error"/><human value="Must have either extensions or value[x], not both"/><expression value="extension.exists() != value.exists()"/><xpath value="exists(f:extension)!=exists(f:*[starts-with(local-name(.), &quot;value&quot;)])"/><source value="http://hl7.org/fhir/StructureDefinition/Extension"/></constraint><isModifier value="false"/><isSummary value="false"/><mapping><identity value="rim"/><map value="n/a"/></mapping></element><element id="ConceptMap.group.unmapped.modifierExtension"><path value="ConceptMap.group.unmapped.modifierExtension"/><short value="Extensions that cannot be ignored even if unrecognized"/><definition value="May be used to represent additional information that is not part of the basic definition of the element and that modifies the understanding of the element in which it is contained and/or the understanding of the containing element's descendants. Usually modifier elements provide negation or qualification. To make the use of extensions safe and manageable, there is a strict set of governance applied to the definition and use of extensions. Though any implementer can define an extension, there is a set of requirements that SHALL be met as part of the definition of the extension. Applications processing a resource are required to check for modifier extensions.&#xA;&#xA;Modifier extensions SHALL NOT change the meaning of any elements on Resource or DomainResource (including cannot change the meaning of modifierExtension itself)."/><comment value="There can be no stigma associated with the use of extensions by any application, project, or standard - regardless of the institution or jurisdiction that uses or defines the extensions.  The use of extensions is what allows the FHIR specification to retain a core level of simplicity for everyone."/><requirements value="Modifier extensions allow for extensions that *cannot* be safely ignored to be clearly distinguished from the vast majority of extensions which can be safely ignored.  This promotes interoperability by eliminating the need for implementers to prohibit the presence of extensions. For further information, see the [definition of modifier extensions](http://hl7.org/fhir/R4/extensibility.html#modifierExtension)."/><alias value="extensions"/><alias value="user content"/><alias value="modifiers"/><min value="0"/><max value="*"/><base><path value="BackboneElement.modifierExtension"/><min value="0"/><max value="*"/></base><type><code value="Extension"/></type><constraint><key value="ele-1"/><severity value="error"/><human value="All FHIR elements must have a @value or children"/><expression value="hasValue() or (children().count() &gt; id.count())"/><xpath value="@value|f:*|h:div"/><source value="http://hl7.org/fhir/StructureDefinition/Element"/></constraint><constraint><key value="ext-1"/><severity value="error"/><human value="Must have either extensions or value[x], not both"/><expression value="extension.exists() != value.exists()"/><xpath value="exists(f:extension)!=exists(f:*[starts-with(local-name(.), &quot;value&quot;)])"/><source value="http://hl7.org/fhir/StructureDefinition/Extension"/></constraint><isModifier value="true"/><isModifierReason value="Modifier extensions are expected to modify the meaning or interpretation of the element that contains them"/><isSummary value="true"/><mapping><identity value="rim"/><map value="N/A"/></mapping></element><element id="ConceptMap.group.unmapped.mode"><path value="ConceptMap.group.unmapped.mode"/><short value="provided | fixed | other-map"/><definition value="Defines which action to take if there is no match for the source concept in the target system designated for the group. One of 3 actions are possible: use the unmapped code (this is useful when doing a mapping between versions, and only a few codes have changed), use a fixed code (a default code), or alternatively, a reference to a different concept map can be provided (by canonical URL)."/><min value="1"/><max value="1"/><base><path value="ConceptMap.group.unmapped.mode"/><min value="1"/><max value="1"/></base><type><code value="code"/></type><constraint><key value="ele-1"/><severity value="error"/><human value="All FHIR elements must have a @value or children"/><expression value="hasValue() or (children().count() &gt; id.count())"/><xpath value="@value|f:*|h:div"/><source value="http://hl7.org/fhir/StructureDefinition/Element"/></constraint><isModifier value="false"/><isSummary value="false"/><binding><extension url="http://hl7.org/fhir/StructureDefinition/elementdefinition-bindingName"><valueString value="ConceptMapGroupUnmappedMode"/></extension><strength value="required"/><description value="Defines which action to take if there is no match in the group."/><valueSet value="http://hl7.org/fhir/ValueSet/conceptmap-unmapped-mode|4.0.1"/></binding></element><element id="ConceptMap.group.unmapped.code"><path value="ConceptMap.group.unmapped.code"/><short value="Fixed code when mode = fixed"/><definition value="The fixed code to use when the mode = 'fixed'  - all unmapped codes are mapped to a single fixed code."/><min value="0"/><max value="1"/><base><path value="ConceptMap.group.unmapped.code"/><min value="0"/><max value="1"/></base><type><code value="code"/></type><constraint><key value="ele-1"/><severity value="error"/><human value="All FHIR elements must have a @value or children"/><expression value="hasValue() or (children().count() &gt; id.count())"/><xpath value="@value|f:*|h:div"/><source value="http://hl7.org/fhir/StructureDefinition/Element"/></constraint><isModifier value="false"/><isSummary value="false"/></element><element id="ConceptMap.group.unmapped.display"><path value="ConceptMap.group.unmapped.display"/><short value="Display for the code"/><definition value="The display for the code. The display is only provided to help editors when editing the concept map."/><comment value="The display is ignored when processing the map."/><min value="0"/><max value="1"/><base><path value="ConceptMap.group.unmapped.display"/><min value="0"/><max value="1"/></base><type><code value="string"/></type><constraint><key value="ele-1"/><severity value="error"/><human value="All FHIR elements must have a @value or children"/><expression value="hasValue() or (children().count() &gt; id.count())"/><xpath value="@value|f:*|h:div"/><source value="http://hl7.org/fhir/StructureDefinition/Element"/></constraint><isModifier value="false"/><isSummary value="false"/></element><element id="ConceptMap.group.unmapped.url"><path value="ConceptMap.group.unmapped.url"/><short value="canonical reference to an additional ConceptMap to use for mapping if the source concept is unmapped"/><definition value="The canonical reference to an additional ConceptMap resource instance to use for mapping if this ConceptMap resource contains no matching mapping for the source concept."/><min value="0"/><max value="1"/><base><path value="ConceptMap.group.unmapped.url"/><min value="0"/><max value="1"/></base><type><code value="canonical"/><targetProfile value="http://hl7.org/fhir/StructureDefinition/ConceptMap"/></type><constraint><key value="ele-1"/><severity value="error"/><human value="All FHIR elements must have a @value or children"/><expression value="hasValue() or (children().count() &gt; id.count())"/><xpath value="@value|f:*|h:div"/><source value="http://hl7.org/fhir/StructureDefinition/Element"/></constraint><isModifier value="false"/><isSummary value="false"/></element></snapshot><differential><element id="ConceptMap"><path value="ConceptMap"/></element></differential></StructureDefinition>