<?xml version="1.0" encoding="UTF-8"?><ValueSet xmlns="http://hl7.org/fhir"><id value="condition-inheritance-vs"/><text><status value="generated"/><div xmlns="http://www.w3.org/1999/xhtml"><ul><li>Include all codes defined in <a href="CodeSystem-ConditionInheritanceMode.html"><code>https://ncpi-fhir.github.io/ncpi-fhir-ig/CodeSystem/ConditionInheritanceMode</code></a></li></ul></div></text><url value="https://ncpi-fhir.github.io/ncpi-fhir-ig/ValueSet/condition-inheritance-vs"/><version value="0.1.0"/><name value="ConditionInheritanceModeVS"/><title value="Condition Inheritance Pattern"/><status value="active"/><date value="2022-08-23T15:00:44+00:00"/><publisher value="NCPI FHIR Working Group"/><contact><name value="NCPI FHIR Working Group"/><telecom><system value="url"/><value value="https://github.com/ncpi-fhir"/></telecom></contact><contact><name value="Meen Chul Kim"/><telecom><system value="email"/><value value="meenchul@d3b.center"/><use value="work"/></telecom></contact><description value="Value Set for specific ttransmission patterns of a condition in a pedigree"/><jurisdiction><coding><system value="http://unstats.un.org/unsd/methods/m49/m49.htm"/><code value="001"/></coding></jurisdiction><compose><include><system value="https://ncpi-fhir.github.io/ncpi-fhir-ig/CodeSystem/ConditionInheritanceMode"/></include></compose></ValueSet>