{
  "resourceType" : "ActivityDefinition",
  "id" : "example-study-data-dictionary-table-1",
  "meta" : {
    "profile" : ["https://nih-ncpi.github.io/ncpi-fhir-ig/StructureDefinition/study-data-dictionary-table"]
  },
  "text" : {
    "status" : "generated",
    "div" : "<div xmlns=\"http://www.w3.org/1999/xhtml\"><p><b>Generated Narrative: ActivityDefinition</b><a name=\"example-study-data-dictionary-table-1\"> </a></p><div style=\"display: inline-block; background-color: #d9e0e7; padding: 6px; margin: 4px; border: 1px solid #8da1b4; border-radius: 5px; line-height: 60%\"><p style=\"margin-bottom: 0px\">Resource ActivityDefinition &quot;example-study-data-dictionary-table-1&quot; </p><p style=\"margin-bottom: 0px\">Profile: <a href=\"StructureDefinition-study-data-dictionary-table.html\">NCPI Study Data Dictionary Data Table</a></p></div><p><b>url</b>: <code>https://nih-ncpi.github.io/ncpi-fhir-ig/ActivityDefinition/example-study-data-dictionary-table-1</code></p><p><b>version</b>: 0.2.0</p><p><b>status</b>: active</p><p><b>date</b>: 2022-12-09 17:30:30+0000</p><p><b>publisher</b>: NCPI FHIR Working Group</p><p><b>contact</b>: NCPI FHIR Working Group: <a href=\"https://github.com/nih-ncpi\">https://github.com/nih-ncpi</a>, Meen Chul Kim: <a href=\"mailto:meenchul@d3b.center\">meenchul@d3b.center</a></p><p><b>topic</b>: Research <span style=\"background: LightGoldenRodYellow; margin: 4px; border: 1px solid khaki\"> (umls#C0035168)</span></p><p><b>code</b>: Demographic data <span style=\"background: LightGoldenRodYellow; margin: 4px; border: 1px solid khaki\"> (<a href=\"CodeSystem-example-study-data-dictionary-dataset-codesystem-1.html\">Dataset CodeSystem (lists all tables)</a>#demographics)</span></p><p><b>observationResultRequirement</b>: </p><ul><li><a href=\"ObservationDefinition-example-study-data-dictionary-variable-1-1.html\">ObservationDefinition/example-study-data-dictionary-variable-1-1</a></li><li><a href=\"ObservationDefinition-example-study-data-dictionary-variable-1-2.html\">ObservationDefinition/example-study-data-dictionary-variable-1-2</a></li><li><a href=\"ObservationDefinition-example-study-data-dictionary-variable-1-3.html\">ObservationDefinition/example-study-data-dictionary-variable-1-3</a></li><li><a href=\"ObservationDefinition-example-study-data-dictionary-variable-1-4.html\">ObservationDefinition/example-study-data-dictionary-variable-1-4</a></li></ul></div>"
  },
  "url" : "https://nih-ncpi.github.io/ncpi-fhir-ig/ActivityDefinition/example-study-data-dictionary-table-1",
  "version" : "0.2.0",
  "status" : "active",
  "date" : "2022-12-09T17:30:30+00:00",
  "publisher" : "NCPI FHIR Working Group",
  "contact" : [{
    "name" : "NCPI FHIR Working Group",
    "telecom" : [{
      "system" : "url",
      "value" : "https://github.com/nih-ncpi"
    }]
  },
  {
    "name" : "Meen Chul Kim",
    "telecom" : [{
      "system" : "email",
      "value" : "meenchul@d3b.center",
      "use" : "work"
    }]
  }],
  "topic" : [{
    "coding" : [{
      "system" : "https://uts.nlm.nih.gov/uts/umls",
      "code" : "C0035168",
      "display" : "Research"
    }]
  }],
  "code" : {
    "coding" : [{
      "system" : "https://nih-ncpi.github.io/ncpi-fhir-ig/CodeSystem/example-study-data-dictionary-dataset-codesystem-1",
      "code" : "demographics",
      "display" : "Demographic data"
    }]
  },
  "observationResultRequirement" : [{
    "reference" : "ObservationDefinition/example-study-data-dictionary-variable-1-1"
  },
  {
    "reference" : "ObservationDefinition/example-study-data-dictionary-variable-1-2"
  },
  {
    "reference" : "ObservationDefinition/example-study-data-dictionary-variable-1-3"
  },
  {
    "reference" : "ObservationDefinition/example-study-data-dictionary-variable-1-4"
  }]
}