[
  {
    "id": "tbd-codes",
    "type": "CodeSystem",
    "url": "http://hl7.org/fhir/uv/genomics-reporting/CodeSystem/tbd-codes",
    "version": "0.2.0",
    "name": "TbdCodes"
  },
  {
    "id": "tbd-codes",
    "type": "ValueSet",
    "url": "http://hl7.org/fhir/uv/genomics-reporting/ValueSet/tbd-codes",
    "version": "0.2.0",
    "name": "ToBeDeterminedCodes"
  },
  {
    "id": "hpo",
    "type": "CodeSystem",
    "url": "http://purl.obolibrary.org/obo/hp.owl",
    "version": "0.2.0",
    "name": "HPO"
  },
  {
    "id": "mondo",
    "type": "CodeSystem",
    "url": "http://purl.obolibrary.org/obo/mondo.owl",
    "version": "0.2.0",
    "name": "Mondo"
  },
  {
    "id": "ncit",
    "type": "CodeSystem",
    "url": "http://purl.obolibrary.org/obo/ncit.owl",
    "version": "0.2.0",
    "name": "NCIt"
  },
  {
    "id": "v3-hgvs",
    "type": "CodeSystem",
    "url": "http://varnomen.hgvs.org",
    "version": "0.2.0",
    "name": "Hgvs",
    "oids": [
      "2.16.840.1.113883.6.282"
    ]
  },
  {
    "id": "ncpi",
    "type": "CodeSystem",
    "url": "https://nih-ncpi.github.io/ncpi-fhir-ig",
    "version": "0.2.0",
    "name": "Ncpi"
  },
  {
    "id": "ConditionInheritanceMode",
    "type": "CodeSystem",
    "url": "https://nih-ncpi.github.io/ncpi-fhir-ig/CodeSystem/ConditionInheritanceMode",
    "version": "0.2.0",
    "name": "ConditionInheritanceMode"
  },
  {
    "id": "NCPI-FHIR-Implementation-Guide",
    "type": "ImplementationGuide",
    "url": "https://nih-ncpi.github.io/ncpi-fhir-ig/ImplementationGuide/NCPI-FHIR-Implementation-Guide",
    "version": "0.2.0",
    "name": "NCPIFHIRImplementationGuide"
  },
  {
    "id": "disease",
    "type": "StructureDefinition",
    "url": "https://nih-ncpi.github.io/ncpi-fhir-ig/StructureDefinition/disease",
    "version": "0.2.0",
    "name": "Disease"
  },
  {
    "id": "family-relationship",
    "type": "StructureDefinition",
    "url": "https://nih-ncpi.github.io/ncpi-fhir-ig/StructureDefinition/family-relationship",
    "version": "0.2.0",
    "name": "FamilyRelationship"
  },
  {
    "id": "ncpi-drs-attachment",
    "type": "StructureDefinition",
    "url": "https://nih-ncpi.github.io/ncpi-fhir-ig/StructureDefinition/ncpi-drs-attachment",
    "version": "0.2.0",
    "name": "DRSAttachment"
  },
  {
    "id": "ncpi-drs-document-reference",
    "type": "StructureDefinition",
    "url": "https://nih-ncpi.github.io/ncpi-fhir-ig/StructureDefinition/ncpi-drs-document-reference",
    "version": "0.2.0",
    "name": "DRSDocumentReference"
  },
  {
    "id": "ncpi-research-document-reference",
    "type": "StructureDefinition",
    "url": "https://nih-ncpi.github.io/ncpi-fhir-ig/StructureDefinition/ncpi-research-document-reference",
    "version": "0.2.0",
    "name": "ResearchDocumentReference"
  },
  {
    "id": "ncpi-research-study",
    "type": "StructureDefinition",
    "url": "https://nih-ncpi.github.io/ncpi-fhir-ig/StructureDefinition/ncpi-research-study",
    "version": "0.2.0",
    "name": "NcpiResearchStudy"
  },
  {
    "id": "ncpi-specimen-task",
    "type": "StructureDefinition",
    "url": "https://nih-ncpi.github.io/ncpi-fhir-ig/StructureDefinition/ncpi-specimen-task",
    "version": "0.2.0",
    "name": "SpecimenTask"
  },
  {
    "id": "phenotype",
    "type": "StructureDefinition",
    "url": "https://nih-ncpi.github.io/ncpi-fhir-ig/StructureDefinition/phenotype",
    "version": "0.2.0",
    "name": "Phenotype"
  },
  {
    "id": "study-group",
    "type": "StructureDefinition",
    "url": "https://nih-ncpi.github.io/ncpi-fhir-ig/StructureDefinition/study-group",
    "version": "0.2.0",
    "name": "StudyGroup"
  },
  {
    "id": "supporting-info",
    "type": "StructureDefinition",
    "url": "https://nih-ncpi.github.io/ncpi-fhir-ig/StructureDefinition/supporting-info",
    "version": "0.2.0",
    "name": "SupportingInformation"
  },
  {
    "id": "condition-inheritance-vs",
    "type": "ValueSet",
    "url": "https://nih-ncpi.github.io/ncpi-fhir-ig/ValueSet/condition-inheritance-vs",
    "version": "0.2.0",
    "name": "ConditionInheritanceModeVS"
  },
  {
    "id": "disease-codes",
    "type": "ValueSet",
    "url": "https://nih-ncpi.github.io/ncpi-fhir-ig/ValueSet/disease-codes",
    "version": "0.2.0",
    "name": "DiseaseCodes"
  },
  {
    "id": "loinc-answers",
    "type": "ValueSet",
    "url": "https://nih-ncpi.github.io/ncpi-fhir-ig/ValueSet/loinc-answers",
    "version": "0.2.0",
    "name": "LoincAnswers"
  },
  {
    "id": "ncpi-vs",
    "type": "ValueSet",
    "url": "https://nih-ncpi.github.io/ncpi-fhir-ig/ValueSet/ncpi-vs",
    "version": "0.2.0",
    "name": "Ncpi_VS"
  },
  {
    "id": "phenotype-codes",
    "type": "ValueSet",
    "url": "https://nih-ncpi.github.io/ncpi-fhir-ig/ValueSet/phenotype-codes",
    "version": "0.2.0",
    "name": "PhenotypeCodes"
  },
  {
    "id": "ncpi-data-types",
    "type": "CodeSystem",
    "url": "https://nih-ncpi.github.io/ncpi-fhir-ig/datatypes",
    "version": "0.2.0",
    "name": "NcpiDataTypes"
  },
  {
    "id": "omim",
    "type": "CodeSystem",
    "url": "https://omim.org/",
    "version": "0.2.0",
    "name": "OMIM"
  },
  {
    "id": "loinc-answers",
    "type": "CodeSystem",
    "url": "ncpi:loinc-answers",
    "version": "0.2.0",
    "name": "LoincAnswers"
  }
]