{
  "resourceType": "CodeSystem",
  "id": "ncpi-data-types",
  "text": {
    "status": "generated",
    "div": "<div xmlns=\"http://www.w3.org/1999/xhtml\"><p>This code system <code>https://nih-ncpi.github.io/ncpi-fhir-ig/datatypes</code> defines many codes, of which the following are a subset:</p><table class=\"codes\"><tr><td style=\"white-space:nowrap\"><b>Code</b></td><td><b>Display</b></td></tr><tr><td style=\"white-space:nowrap\">Exome<a name=\"ncpi-data-types-Exome\"> </a></td><td>Exome Sequence Data</td></tr><tr><td style=\"white-space:nowrap\">WholeGenome<a name=\"ncpi-data-types-WholeGenome\"> </a></td><td>Whole Genome Sequence Data</td></tr><tr><td style=\"white-space:nowrap\">GWAS<a name=\"ncpi-data-types-GWAS\"> </a></td><td>Genome-Wide Association Studies</td></tr></table></div>"
  },
  "url": "https://nih-ncpi.github.io/ncpi-fhir-ig/datatypes",
  "version": "0.2.0",
  "name": "NcpiDataTypes",
  "title": "Data Types for NCPI Research",
  "status": "active",
  "experimental": false,
  "date": "2022-10-11T14:47:05+00:00",
  "publisher": "NCPI FHIR Working Group",
  "contact": [
    {
      "name": "NCPI FHIR Working Group",
      "telecom": [
        {
          "system": "url",
          "value": "https://github.com/nih-ncpi"
        }
      ]
    },
    {
      "name": "Meen Chul Kim",
      "telecom": [
        {
          "system": "email",
          "value": "meenchul@d3b.center",
          "use": "work"
        }
      ]
    }
  ],
  "description": "Data Types for NCPI Research",
  "content": "fragment",
  "concept": [
    {
      "code": "Exome",
      "display": "Exome Sequence Data"
    },
    {
      "code": "WholeGenome",
      "display": "Whole Genome Sequence Data"
    },
    {
      "code": "GWAS",
      "display": "Genome-Wide Association Studies"
    }
  ]
}