<?xml version="1.0" encoding="UTF-8"?>

<CodeSystem xmlns="http://hl7.org/fhir">
  <id value="ncpi-data-types"/>
  <text>
    <status value="generated"/><div xmlns="http://www.w3.org/1999/xhtml"><p>This code system <code>https://nih-ncpi.github.io/ncpi-fhir-ig/datatypes</code> defines many codes, of which the following are a subset:</p><table class="codes"><tr><td style="white-space:nowrap"><b>Code</b></td><td><b>Display</b></td></tr><tr><td style="white-space:nowrap">Exome<a name="ncpi-data-types-Exome"> </a></td><td>Exome Sequence Data</td></tr><tr><td style="white-space:nowrap">WholeGenome<a name="ncpi-data-types-WholeGenome"> </a></td><td>Whole Genome Sequence Data</td></tr><tr><td style="white-space:nowrap">GWAS<a name="ncpi-data-types-GWAS"> </a></td><td>Genome-Wide Association Studies</td></tr></table></div>
  </text>
  <url value="https://nih-ncpi.github.io/ncpi-fhir-ig/datatypes"/>
  <version value="0.2.0"/>
  <name value="NcpiDataTypes"/>
  <title value="Data Types for NCPI Research"/>
  <status value="active"/>
  <experimental value="false"/>
  <date value="2022-10-11T14:45:04+00:00"/>
  <publisher value="NCPI FHIR Working Group"/>
  <contact>
    <name value="NCPI FHIR Working Group"/>
    <telecom>
      <system value="url"/>
      <value value="https://github.com/nih-ncpi"/>
    </telecom>
  </contact>
  <contact>
    <name value="Meen Chul Kim"/>
    <telecom>
      <system value="email"/>
      <value value="meenchul@d3b.center"/>
      <use value="work"/>
    </telecom>
  </contact>
  <description value="Data Types for NCPI Research"/>
  <content value="fragment"/>
  <concept>
    <code value="Exome"/>
    <display value="Exome Sequence Data"/>
  </concept>
  <concept>
    <code value="WholeGenome"/>
    <display value="Whole Genome Sequence Data"/>
  </concept>
  <concept>
    <code value="GWAS"/>
    <display value="Genome-Wide Association Studies"/>
  </concept>
</CodeSystem>