<?xml version="1.0" encoding="UTF-8"?>

<DocumentReference xmlns="http://hl7.org/fhir">
  <id value="drs-document-reference-example-1"/>
  <meta>
    <profile value="https://ncpi-fhir.github.io/ncpi-fhir-ig/StructureDefinition/ncpi-drs-document-reference"/>
  </meta>
  <text>
    <status value="generated"/><div xmlns="http://www.w3.org/1999/xhtml"><p><b>Generated Narrative</b></p><p><b>status</b>: current</p><blockquote><p><b>content</b></p></blockquote></div>
  </text>
  <status value="current"/>
  <content>
    <attachment>
      <url value="drs://example.com/ga4gh/drs/v1/objects/0f8c27b9-3300-4249-bb28-f49ffb80e277"/>
    </attachment>
  </content>
</DocumentReference>