<?xml version="1.0" encoding="UTF-8"?>

<DocumentReference xmlns="http://hl7.org/fhir">
  <id value="drs-document-reference-example-1"/>
  <meta>
    <profile value="https://ncpi-fhir.github.io/ncpi-fhir-ig/StructureDefinition/ncpi-drs-document-reference"/>
  </meta>
  <text>
    <status value="generated"/><div xmlns="http://www.w3.org/1999/xhtml"><p><b>Generated Narrative</b></p><div style="display: inline-block; background-color: #d9e0e7; padding: 6px; margin: 4px; border: 1px solid #8da1b4; border-radius: 5px; line-height: 60%"><p style="margin-bottom: 0px">Resource "drs-document-reference-example-1" </p><p style="margin-bottom: 0px">Profile: <a href="StructureDefinition-ncpi-drs-document-reference.html">DRS Document Reference</a></p></div><p><b>status</b>: current</p><blockquote><p><b>content</b></p></blockquote></div>
  </text>
  <status value="current"/>
  <content>
    <attachment>
      <url value="drs://example.com/ga4gh/drs/v1/objects/0f8c27b9-3300-4249-bb28-f49ffb80e277"/>
    </attachment>
  </content>
</DocumentReference>