{
  "resourceType" : "Encounter",
  "id" : "example-encounter-study-01-patient-01",
  "text" : {
    "status" : "generated",
    "div" : "<div xmlns=\"http://www.w3.org/1999/xhtml\"><p><b>Generated Narrative: Encounter</b><a name=\"example-encounter-study-01-patient-01\"> </a></p><div style=\"display: inline-block; background-color: #d9e0e7; padding: 6px; margin: 4px; border: 1px solid #8da1b4; border-radius: 5px; line-height: 60%\"><p style=\"margin-bottom: 0px\">Resource Encounter &quot;example-encounter-study-01-patient-01&quot; </p></div><p><b>status</b>: finished</p><p><b>class</b>: Survey Completed by Subject or someone representing them (Details: http://example.org/my-dataset/fhir/codesystem/research-encounter-class code survey = 'survey', stated as 'Survey Completed by Subject or someone representing them')</p><p><b>subject</b>: <a href=\"Patient-ncpi-research-study-01-patient-01.html\">Patient/ncpi-research-study-01-patient-01</a></p></div>"
  },
  "status" : "finished",
  "class" : {
    "system" : "http://example.org/my-dataset/fhir/codesystem/research-encounter-class",
    "code" : "survey",
    "display" : "Survey Completed by Subject or someone representing them"
  },
  "subject" : {
    "reference" : "Patient/ncpi-research-study-01-patient-01"
  }
}