<?xml version="1.0" encoding="UTF-8"?>

<ImplementationGuide xmlns="http://hl7.org/fhir">
  <id value="NCPI-FHIR-Implementation-Guide"/>
  <text>
    <status value="extensions"/><div xmlns="http://www.w3.org/1999/xhtml">Placeholder</div>
  </text>
  <url value="https://nih-ncpi.github.io/ncpi-fhir-ig/ImplementationGuide/NCPI-FHIR-Implementation-Guide"/>
  <version value="0.2.0"/>
  <name value="NCPIFHIRImplementationGuide"/>
  <title value="NCPI FHIR Implementation Guide"/>
  <status value="draft"/>
  <date value="2023-09-15T20:59:49+00:00"/>
  <publisher value="NCPI FHIR Working Group"/>
  <contact>
    <name value="NCPI FHIR Working Group"/>
    <telecom>
      <system value="url"/>
      <value value="https://github.com/nih-ncpi"/>
    </telecom>
  </contact>
  <contact>
    <name value="Meen Chul Kim"/>
    <telecom>
      <system value="email"/>
      <value value="meenchul@d3b.center"/>
      <use value="work"/>
    </telecom>
  </contact>
  <description value="FHIR Implementation Guide for the NIH Cloud Platform Interoperability Effort (NCPI)."/>
  <packageId value="NCPI-FHIR-Implementation-Guide"/>
  <license value="CC0-1.0"/>
  <fhirVersion value="4.0.1"/>
  <dependsOn id="hl7tx">
    <extension url="http://hl7.org/fhir/tools/StructureDefinition/implementationguide-dependency-comment">
      <valueMarkdown value="Automatically added as a dependency - all IGs depend on HL7 Terminology"/>
    </extension>
    <uri value="http://terminology.hl7.org/ImplementationGuide/hl7.terminology"/>
    <packageId value="hl7.terminology.r4"/>
    <version value="5.3.0"/>
  </dependsOn>
  <dependsOn id="hl7ext">
    <extension url="http://hl7.org/fhir/tools/StructureDefinition/implementationguide-dependency-comment">
      <valueMarkdown value="Automatically added as a dependency - all IGs depend on the HL7 Extension Pack"/>
    </extension>
    <uri value="http://hl7.org/fhir/extensions/ImplementationGuide/hl7.fhir.uv.extensions"/>
    <packageId value="hl7.fhir.uv.extensions.r4"/>
    <version value="1.0.0"/>
  </dependsOn>
  <dependsOn id="hl7_fhir_us_core">
    <uri value="http://hl7.org/fhir/us/core/ImplementationGuide/hl7.fhir.us.core"/>
    <packageId value="hl7.fhir.us.core"/>
    <version value="3.1.1"/>
  </dependsOn>
  <definition>
    <extension url="http://hl7.org/fhir/tools/StructureDefinition/ig-parameter">
      <extension url="code">
        <valueString value="copyrightyear"/>
      </extension>
      <extension url="value">
        <valueString value="2021+"/>
      </extension>
    </extension>
    <extension url="http://hl7.org/fhir/tools/StructureDefinition/ig-parameter">
      <extension url="code">
        <valueString value="releaselabel"/>
      </extension>
      <extension url="value">
        <valueString value="ci-build"/>
      </extension>
    </extension>
    <extension url="http://hl7.org/fhir/tools/StructureDefinition/ig-parameter">
      <extension url="code">
        <valueString value="autoload-resources"/>
      </extension>
      <extension url="value">
        <valueString value="true"/>
      </extension>
    </extension>
    <extension url="http://hl7.org/fhir/tools/StructureDefinition/ig-parameter">
      <extension url="code">
        <valueString value="path-liquid"/>
      </extension>
      <extension url="value">
        <valueString value="template/liquid"/>
      </extension>
    </extension>
    <extension url="http://hl7.org/fhir/tools/StructureDefinition/ig-parameter">
      <extension url="code">
        <valueString value="path-liquid"/>
      </extension>
      <extension url="value">
        <valueString value="input/liquid"/>
      </extension>
    </extension>
    <extension url="http://hl7.org/fhir/tools/StructureDefinition/ig-parameter">
      <extension url="code">
        <valueString value="path-qa"/>
      </extension>
      <extension url="value">
        <valueString value="temp/qa"/>
      </extension>
    </extension>
    <extension url="http://hl7.org/fhir/tools/StructureDefinition/ig-parameter">
      <extension url="code">
        <valueString value="path-temp"/>
      </extension>
      <extension url="value">
        <valueString value="temp/pages"/>
      </extension>
    </extension>
    <extension url="http://hl7.org/fhir/tools/StructureDefinition/ig-parameter">
      <extension url="code">
        <valueString value="path-output"/>
      </extension>
      <extension url="value">
        <valueString value="output"/>
      </extension>
    </extension>
    <extension url="http://hl7.org/fhir/tools/StructureDefinition/ig-parameter">
      <extension url="code">
        <valueString value="path-suppressed-warnings"/>
      </extension>
      <extension url="value">
        <valueString value="input/ignoreWarnings.txt"/>
      </extension>
    </extension>
    <extension url="http://hl7.org/fhir/tools/StructureDefinition/ig-parameter">
      <extension url="code">
        <valueString value="path-history"/>
      </extension>
      <extension url="value">
        <valueString value="https://nih-ncpi.github.io/ncpi-fhir-ig/history.html"/>
      </extension>
    </extension>
    <extension url="http://hl7.org/fhir/tools/StructureDefinition/ig-parameter">
      <extension url="code">
        <valueString value="template-html"/>
      </extension>
      <extension url="value">
        <valueString value="template-page.html"/>
      </extension>
    </extension>
    <extension url="http://hl7.org/fhir/tools/StructureDefinition/ig-parameter">
      <extension url="code">
        <valueString value="template-md"/>
      </extension>
      <extension url="value">
        <valueString value="template-page-md.html"/>
      </extension>
    </extension>
    <extension url="http://hl7.org/fhir/tools/StructureDefinition/ig-parameter">
      <extension url="code">
        <valueString value="apply-contact"/>
      </extension>
      <extension url="value">
        <valueString value="true"/>
      </extension>
    </extension>
    <extension url="http://hl7.org/fhir/tools/StructureDefinition/ig-parameter">
      <extension url="code">
        <valueString value="apply-context"/>
      </extension>
      <extension url="value">
        <valueString value="true"/>
      </extension>
    </extension>
    <extension url="http://hl7.org/fhir/tools/StructureDefinition/ig-parameter">
      <extension url="code">
        <valueString value="apply-copyright"/>
      </extension>
      <extension url="value">
        <valueString value="true"/>
      </extension>
    </extension>
    <extension url="http://hl7.org/fhir/tools/StructureDefinition/ig-parameter">
      <extension url="code">
        <valueString value="apply-jurisdiction"/>
      </extension>
      <extension url="value">
        <valueString value="true"/>
      </extension>
    </extension>
    <extension url="http://hl7.org/fhir/tools/StructureDefinition/ig-parameter">
      <extension url="code">
        <valueString value="apply-license"/>
      </extension>
      <extension url="value">
        <valueString value="true"/>
      </extension>
    </extension>
    <extension url="http://hl7.org/fhir/tools/StructureDefinition/ig-parameter">
      <extension url="code">
        <valueString value="apply-publisher"/>
      </extension>
      <extension url="value">
        <valueString value="true"/>
      </extension>
    </extension>
    <extension url="http://hl7.org/fhir/tools/StructureDefinition/ig-parameter">
      <extension url="code">
        <valueString value="apply-version"/>
      </extension>
      <extension url="value">
        <valueString value="true"/>
      </extension>
    </extension>
    <extension url="http://hl7.org/fhir/tools/StructureDefinition/ig-parameter">
      <extension url="code">
        <valueString value="active-tables"/>
      </extension>
      <extension url="value">
        <valueString value="true"/>
      </extension>
    </extension>
    <extension url="http://hl7.org/fhir/tools/StructureDefinition/ig-parameter">
      <extension url="code">
        <valueString value="fmm-definition"/>
      </extension>
      <extension url="value">
        <valueString value="http://hl7.org/fhir/versions.html#maturity"/>
      </extension>
    </extension>
    <extension url="http://hl7.org/fhir/tools/StructureDefinition/ig-parameter">
      <extension url="code">
        <valueString value="propagate-status"/>
      </extension>
      <extension url="value">
        <valueString value="true"/>
      </extension>
    </extension>
    <extension url="http://hl7.org/fhir/tools/StructureDefinition/ig-parameter">
      <extension url="code">
        <valueString value="excludelogbinaryformat"/>
      </extension>
      <extension url="value">
        <valueString value="true"/>
      </extension>
    </extension>
    <extension url="http://hl7.org/fhir/tools/StructureDefinition/ig-parameter">
      <extension url="code">
        <valueString value="tabbed-snapshots"/>
      </extension>
      <extension url="value">
        <valueString value="true"/>
      </extension>
    </extension>
    <extension url="http://hl7.org/fhir/tools/StructureDefinition/ig-internal-dependency">
      <valueCode value="hl7.fhir.uv.tools#current"/>
    </extension>
    <extension url="http://hl7.org/fhir/tools/StructureDefinition/ig-parameter">
      <extension url="code">
        <valueCode value="copyrightyear"/>
      </extension>
      <extension url="value">
        <valueString value="2021+"/>
      </extension>
    </extension>
    <extension url="http://hl7.org/fhir/tools/StructureDefinition/ig-parameter">
      <extension url="code">
        <valueCode value="releaselabel"/>
      </extension>
      <extension url="value">
        <valueString value="ci-build"/>
      </extension>
    </extension>
    <extension url="http://hl7.org/fhir/tools/StructureDefinition/ig-parameter">
      <extension url="code">
        <valueCode value="autoload-resources"/>
      </extension>
      <extension url="value">
        <valueString value="true"/>
      </extension>
    </extension>
    <extension url="http://hl7.org/fhir/tools/StructureDefinition/ig-parameter">
      <extension url="code">
        <valueCode value="path-liquid"/>
      </extension>
      <extension url="value">
        <valueString value="template/liquid"/>
      </extension>
    </extension>
    <extension url="http://hl7.org/fhir/tools/StructureDefinition/ig-parameter">
      <extension url="code">
        <valueCode value="path-liquid"/>
      </extension>
      <extension url="value">
        <valueString value="input/liquid"/>
      </extension>
    </extension>
    <extension url="http://hl7.org/fhir/tools/StructureDefinition/ig-parameter">
      <extension url="code">
        <valueCode value="path-qa"/>
      </extension>
      <extension url="value">
        <valueString value="temp/qa"/>
      </extension>
    </extension>
    <extension url="http://hl7.org/fhir/tools/StructureDefinition/ig-parameter">
      <extension url="code">
        <valueCode value="path-temp"/>
      </extension>
      <extension url="value">
        <valueString value="temp/pages"/>
      </extension>
    </extension>
    <extension url="http://hl7.org/fhir/tools/StructureDefinition/ig-parameter">
      <extension url="code">
        <valueCode value="path-output"/>
      </extension>
      <extension url="value">
        <valueString value="output"/>
      </extension>
    </extension>
    <extension url="http://hl7.org/fhir/tools/StructureDefinition/ig-parameter">
      <extension url="code">
        <valueCode value="path-suppressed-warnings"/>
      </extension>
      <extension url="value">
        <valueString value="input/ignoreWarnings.txt"/>
      </extension>
    </extension>
    <extension url="http://hl7.org/fhir/tools/StructureDefinition/ig-parameter">
      <extension url="code">
        <valueCode value="path-history"/>
      </extension>
      <extension url="value">
        <valueString value="https://nih-ncpi.github.io/ncpi-fhir-ig/history.html"/>
      </extension>
    </extension>
    <extension url="http://hl7.org/fhir/tools/StructureDefinition/ig-parameter">
      <extension url="code">
        <valueCode value="template-html"/>
      </extension>
      <extension url="value">
        <valueString value="template-page.html"/>
      </extension>
    </extension>
    <extension url="http://hl7.org/fhir/tools/StructureDefinition/ig-parameter">
      <extension url="code">
        <valueCode value="template-md"/>
      </extension>
      <extension url="value">
        <valueString value="template-page-md.html"/>
      </extension>
    </extension>
    <extension url="http://hl7.org/fhir/tools/StructureDefinition/ig-parameter">
      <extension url="code">
        <valueCode value="apply-contact"/>
      </extension>
      <extension url="value">
        <valueString value="true"/>
      </extension>
    </extension>
    <extension url="http://hl7.org/fhir/tools/StructureDefinition/ig-parameter">
      <extension url="code">
        <valueCode value="apply-context"/>
      </extension>
      <extension url="value">
        <valueString value="true"/>
      </extension>
    </extension>
    <extension url="http://hl7.org/fhir/tools/StructureDefinition/ig-parameter">
      <extension url="code">
        <valueCode value="apply-copyright"/>
      </extension>
      <extension url="value">
        <valueString value="true"/>
      </extension>
    </extension>
    <extension url="http://hl7.org/fhir/tools/StructureDefinition/ig-parameter">
      <extension url="code">
        <valueCode value="apply-jurisdiction"/>
      </extension>
      <extension url="value">
        <valueString value="true"/>
      </extension>
    </extension>
    <extension url="http://hl7.org/fhir/tools/StructureDefinition/ig-parameter">
      <extension url="code">
        <valueCode value="apply-license"/>
      </extension>
      <extension url="value">
        <valueString value="true"/>
      </extension>
    </extension>
    <extension url="http://hl7.org/fhir/tools/StructureDefinition/ig-parameter">
      <extension url="code">
        <valueCode value="apply-publisher"/>
      </extension>
      <extension url="value">
        <valueString value="true"/>
      </extension>
    </extension>
    <extension url="http://hl7.org/fhir/tools/StructureDefinition/ig-parameter">
      <extension url="code">
        <valueCode value="apply-version"/>
      </extension>
      <extension url="value">
        <valueString value="true"/>
      </extension>
    </extension>
    <extension url="http://hl7.org/fhir/tools/StructureDefinition/ig-parameter">
      <extension url="code">
        <valueCode value="active-tables"/>
      </extension>
      <extension url="value">
        <valueString value="true"/>
      </extension>
    </extension>
    <extension url="http://hl7.org/fhir/tools/StructureDefinition/ig-parameter">
      <extension url="code">
        <valueCode value="fmm-definition"/>
      </extension>
      <extension url="value">
        <valueString value="http://hl7.org/fhir/versions.html#maturity"/>
      </extension>
    </extension>
    <extension url="http://hl7.org/fhir/tools/StructureDefinition/ig-parameter">
      <extension url="code">
        <valueCode value="propagate-status"/>
      </extension>
      <extension url="value">
        <valueString value="true"/>
      </extension>
    </extension>
    <extension url="http://hl7.org/fhir/tools/StructureDefinition/ig-parameter">
      <extension url="code">
        <valueCode value="excludelogbinaryformat"/>
      </extension>
      <extension url="value">
        <valueString value="true"/>
      </extension>
    </extension>
    <extension url="http://hl7.org/fhir/tools/StructureDefinition/ig-parameter">
      <extension url="code">
        <valueCode value="tabbed-snapshots"/>
      </extension>
      <extension url="value">
        <valueString value="true"/>
      </extension>
    </extension>
    <resource>
      <extension url="http://hl7.org/fhir/tools/StructureDefinition/resource-information">
        <valueString value="StructureDefinition:complex-type"/>
      </extension>
      <reference>
        <reference value="StructureDefinition/ncpi-drs-attachment"/>
      </reference>
      <name value="DRS Attachment"/>
      <description value="A FHIR Attachment with a DRS url."/>
      <exampleBoolean value="false"/>
    </resource>
    <resource>
      <extension url="http://hl7.org/fhir/tools/StructureDefinition/resource-information">
        <valueString value="StructureDefinition:resource"/>
      </extension>
      <reference>
        <reference value="StructureDefinition/ncpi-drs-document-reference"/>
      </reference>
      <name value="DRS Document Reference"/>
      <description value="A FHIR Document Reference with an embedded DRS URI. See https://github.com/ga4gh/data-repository-service-schemas."/>
      <exampleBoolean value="false"/>
    </resource>
    <resource>
      <extension url="http://hl7.org/fhir/tools/StructureDefinition/resource-information">
        <valueString value="StructureDefinition:resource"/>
      </extension>
      <reference>
        <reference value="StructureDefinition/disease"/>
      </reference>
      <name value="NCPI Disease"/>
      <description value="Representation for a disease under study for a given research dataset."/>
      <exampleBoolean value="false"/>
    </resource>
    <resource>
      <extension url="http://hl7.org/fhir/tools/StructureDefinition/resource-information">
        <valueString value="StructureDefinition:resource"/>
      </extension>
      <reference>
        <reference value="StructureDefinition/family-relationship"/>
      </reference>
      <name value="NCPI Family Relationship"/>
      <description value="Representation of a family relationship."/>
      <exampleBoolean value="false"/>
    </resource>
    <resource>
      <extension url="http://hl7.org/fhir/tools/StructureDefinition/resource-information">
        <valueString value="StructureDefinition:resource"/>
      </extension>
      <reference>
        <reference value="StructureDefinition/ncpi-research-study"/>
      </reference>
      <name value="NCPI Research Study"/>
      <description value="The NCPI Research Study is based upon the core FHIR ResearchStudy resource and shall act as the umbrella under which all study resources can ultimately be found. For the purposes of interoperability, some restrictions have been made to enforce a common mechanism for describing enrollment and provide a simple means for summarizing subject count and consent group membership."/>
      <exampleBoolean value="false"/>
    </resource>
    <resource>
      <extension url="http://hl7.org/fhir/tools/StructureDefinition/resource-information">
        <valueString value="StructureDefinition:resource"/>
      </extension>
      <reference>
        <reference value="StructureDefinition/phenotype"/>
      </reference>
      <name value="NCPI Phenotype"/>
      <description value="Representation of phenotypic observations (present or absent)"/>
      <exampleBoolean value="false"/>
    </resource>
    <resource>
      <extension url="http://hl7.org/fhir/tools/StructureDefinition/resource-information">
        <valueString value="StructureDefinition:resource"/>
      </extension>
      <reference>
        <reference value="StructureDefinition/raw-data-observation"/>
      </reference>
      <name value="Raw Data Observation"/>
      <description value="Representation for a row of data from one of the dataset's tables."/>
      <exampleBoolean value="false"/>
    </resource>
    <resource>
      <extension url="http://hl7.org/fhir/tools/StructureDefinition/resource-information">
        <valueString value="StructureDefinition:resource"/>
      </extension>
      <reference>
        <reference value="StructureDefinition/ncpi-research-document-reference"/>
      </reference>
      <name value="Research Document Reference"/>
      <description value="A FHIR Document Reference created by an analysis task. Context.related = Task"/>
      <exampleBoolean value="false"/>
    </resource>
    <resource>
      <extension url="http://hl7.org/fhir/tools/StructureDefinition/resource-information">
        <valueString value="StructureDefinition:resource"/>
      </extension>
      <reference>
        <reference value="StructureDefinition/ncpi-specimen-task"/>
      </reference>
      <name value="Research Task"/>
      <description value="A FHIR analysis task that takes at least one specimen as input and produces at least one document."/>
      <exampleBoolean value="false"/>
    </resource>
    <resource>
      <extension url="http://hl7.org/fhir/tools/StructureDefinition/resource-information">
        <valueString value="StructureDefinition:resource"/>
      </extension>
      <reference>
        <reference value="StructureDefinition/study-data-dictionary-harmony"/>
      </reference>
      <name value="NCPI Data Dictionary Harmony"/>
      <description value="Based on the FHIR resource type, ConceptMap, the StudyDataDictionaryHarmony resource provides insight into the transformations made during the ETL from source data into FHIR allowing clients to use the $translate function to discover all of the public codes that were mapped from one of the study's actual vocabulary."/>
      <exampleBoolean value="false"/>
    </resource>
    <resource>
      <extension url="http://hl7.org/fhir/tools/StructureDefinition/resource-information">
        <valueString value="StructureDefinition:resource"/>
      </extension>
      <reference>
        <reference value="StructureDefinition/study-data-dictionary-table"/>
      </reference>
      <name value="NCPI Study Data Dictionary Data Table"/>
      <description value="Aggregates Variable Details associated with a single dataset table that are represented in FHIR as as list of references to StudyDataDictionaryVariables in the *observationResultRequirement* property."/>
      <exampleBoolean value="false"/>
    </resource>
    <resource>
      <extension url="http://hl7.org/fhir/tools/StructureDefinition/resource-information">
        <valueString value="StructureDefinition:resource"/>
      </extension>
      <reference>
        <reference value="StructureDefinition/study-data-dictionary-variable"/>
      </reference>
      <name value="NCPI Study Data Dictionary Data Variable"/>
      <description value="FHIR profile used to describe single variable from the dataset. This resource should be as complete as possible including details such as *description*, *data-type*, *permitted enumerations*, *quantity units*, etc."/>
      <exampleBoolean value="false"/>
    </resource>
    <resource>
      <extension url="http://hl7.org/fhir/tools/StructureDefinition/resource-information">
        <valueString value="StructureDefinition:resource"/>
      </extension>
      <reference>
        <reference value="StructureDefinition/study-group"/>
      </reference>
      <name value="NCPI Study Group"/>
      <description value="Grouping subject participation within a research study is helpful to provide definitive lists of participants that fit a specific criteria such as *All Participants* or *Participants From a Particular Consent Group*, etc."/>
      <exampleBoolean value="false"/>
    </resource>
    <resource>
      <extension url="http://hl7.org/fhir/tools/StructureDefinition/resource-information">
        <valueString value="StructureDefinition:resource"/>
      </extension>
      <reference>
        <reference value="StructureDefinition/study-summary"/>
      </reference>
      <name value="Study Summary"/>
      <description value="An observation containing summary information about a study in it's entirety or one of it's subpopulations."/>
      <exampleBoolean value="false"/>
    </resource>
    <resource>
      <extension url="http://hl7.org/fhir/tools/StructureDefinition/resource-information">
        <valueString value="StructureDefinition:resource"/>
      </extension>
      <reference>
        <reference value="StructureDefinition/study-variable-summary"/>
      </reference>
      <name value="Study Variable Summary"/>
      <description value="An observation containing summary data associated with research data from FHIR."/>
      <exampleBoolean value="false"/>
    </resource>
    <resource>
      <extension url="http://hl7.org/fhir/tools/StructureDefinition/resource-information">
        <valueString value="StructureDefinition:extension"/>
      </extension>
      <reference>
        <reference value="StructureDefinition/supporting-info"/>
      </reference>
      <name value="Supporting Information"/>
      <description value="Additional information relevant to interpreting/understanding the report."/>
      <exampleBoolean value="false"/>
    </resource>
    <resource>
      <extension url="http://hl7.org/fhir/tools/StructureDefinition/resource-information">
        <valueString value="ValueSet"/>
      </extension>
      <reference>
        <reference value="ValueSet/condition-inheritance-vs"/>
      </reference>
      <name value="Condition Inheritance Pattern"/>
      <description value="Value Set for specific ttransmission patterns of a condition in a pedigree"/>
      <exampleBoolean value="false"/>
    </resource>
    <resource>
      <extension url="http://hl7.org/fhir/tools/StructureDefinition/resource-information">
        <valueString value="ValueSet"/>
      </extension>
      <reference>
        <reference value="ValueSet/disease-codes"/>
      </reference>
      <name value="Disease Codes"/>
      <description value="This value set includes all codes from this FHIR server's representation of OMIM, Mondo and NICt CodeSystems."/>
      <exampleBoolean value="false"/>
    </resource>
    <resource>
      <extension url="http://hl7.org/fhir/tools/StructureDefinition/resource-information">
        <valueString value="ValueSet"/>
      </extension>
      <reference>
        <reference value="ValueSet/example-study-data-dictionary-case-control-vs-1"/>
      </reference>
      <name value="Case/Control Vars for 'status' categoricals"/>
      <description value="Example ValueSet listing all possible 'values' from the Case/Control variable."/>
      <exampleBoolean value="false"/>
    </resource>
    <resource>
      <extension url="http://hl7.org/fhir/tools/StructureDefinition/resource-information">
        <valueString value="ValueSet"/>
      </extension>
      <reference>
        <reference value="ValueSet/datatable-mappings-valueset-1"/>
      </reference>
      <name value="Harmonized ValueSet for data table"/>
      <description value="Public codes mapped from example dataset&#xA;&#xA;The codes used below were chosen purely for example's sake and are in no way an endorsement or suggestion for terms that should be used in a real data-dictionary."/>
      <exampleBoolean value="false"/>
    </resource>
    <resource>
      <extension url="http://hl7.org/fhir/tools/StructureDefinition/resource-information">
        <valueString value="ValueSet"/>
      </extension>
      <reference>
        <reference value="ValueSet/datatable-valueset-1"/>
      </reference>
      <name value="Table ValueSet"/>
      <description value="Example Data Table with 4 variables"/>
      <exampleBoolean value="false"/>
    </resource>
    <resource>
      <extension url="http://hl7.org/fhir/tools/StructureDefinition/resource-information">
        <valueString value="ValueSet"/>
      </extension>
      <reference>
        <reference value="ValueSet/loinc-answers"/>
      </reference>
      <name value="LOINC Answers"/>
      <description value="LOINC ANSWERS used by NCPI resources"/>
      <exampleBoolean value="false"/>
    </resource>
    <resource>
      <extension url="http://hl7.org/fhir/tools/StructureDefinition/resource-information">
        <valueString value="ValueSet"/>
      </extension>
      <reference>
        <reference value="ValueSet/ncpi-vs"/>
      </reference>
      <name value="NCPI FHIR Codes"/>
      <description value="Codes that would apply to NCPI projects"/>
      <exampleBoolean value="false"/>
    </resource>
    <resource>
      <extension url="http://hl7.org/fhir/tools/StructureDefinition/resource-information">
        <valueString value="ValueSet"/>
      </extension>
      <reference>
        <reference value="ValueSet/phenotype-codes"/>
      </reference>
      <name value="Phenotype Codes"/>
      <description value="This value set includes all codes from Human Phenotype Ontology."/>
      <exampleBoolean value="false"/>
    </resource>
    <resource>
      <extension url="http://hl7.org/fhir/tools/StructureDefinition/resource-information">
        <valueString value="ValueSet"/>
      </extension>
      <reference>
        <reference value="ValueSet/tbd-codes"/>
      </reference>
      <name value="tbd-codes"/>
      <description value="This value set includes all TBD Codes"/>
      <exampleBoolean value="false"/>
    </resource>
    <resource>
      <extension url="http://hl7.org/fhir/tools/StructureDefinition/resource-information">
        <valueString value="CodeSystem"/>
      </extension>
      <reference>
        <reference value="CodeSystem/ConditionInheritanceMode"/>
      </reference>
      <name value="Condition Inheritance Pattern"/>
      <description value="A set of terms that describe the transmission pattern of a condition in a pedigree."/>
      <exampleBoolean value="false"/>
    </resource>
    <resource>
      <extension url="http://hl7.org/fhir/tools/StructureDefinition/resource-information">
        <valueString value="CodeSystem"/>
      </extension>
      <reference>
        <reference value="CodeSystem/example-study-data-dictionary-dataset-codesystem-1"/>
      </reference>
      <name value="Dataset CodeSystem (lists all tables)"/>
      <description value="Example CodeSystem for a data-dictionary dataset with only 1 table."/>
      <exampleBoolean value="false"/>
    </resource>
    <resource>
      <extension url="http://hl7.org/fhir/tools/StructureDefinition/resource-information">
        <valueString value="CodeSystem"/>
      </extension>
      <reference>
        <reference value="CodeSystem/example-study-data-dictionary-datatable-codesystem-1"/>
      </reference>
      <name value="Datatable CodeSystem (lists all variables)"/>
      <description value="Example CodeSystem for a data-dictionary table with 4 variables represented as codes."/>
      <exampleBoolean value="false"/>
    </resource>
    <resource>
      <extension url="http://hl7.org/fhir/tools/StructureDefinition/resource-information">
        <valueString value="CodeSystem"/>
      </extension>
      <reference>
        <reference value="CodeSystem/hpo"/>
      </reference>
      <name value="Human Phenotype Ontology"/>
      <description value="The Human Phenotype Ontology (HPO) provides a standardized vocabulary of phenotypic abnormalities encountered in human disease. Please see license of HPO at http://www.human-phenotype-ontology.org"/>
      <exampleBoolean value="false"/>
    </resource>
    <resource>
      <extension url="http://hl7.org/fhir/tools/StructureDefinition/resource-information">
        <valueString value="CodeSystem"/>
      </extension>
      <reference>
        <reference value="CodeSystem/v3-hgvs"/>
      </reference>
      <name value="Human Genome Variation Society nomenclature"/>
      <description value="HGVS nomenclatures are the guidelines for mutation nomenclature made by the Human Genome Variation Society.&#xA;&#xA;HGVS nomenclature can be used with the HL7 coded data type (code data type that accepts expression data, or a coded expression data type). This coded data type should be able to distinguish expressions in HGVS nomenclature from coded concepts. For example, in the HL7 messages specified according to the HL7 V2 Clinical Genomics Fully LOINC-Qualified Genetic Variation Model, HGVS nomenclature can be used to as the observation values for DNA sequence variations. For example, OBX|1|CWE|48004-6^DNA Sequence Variation^LN||c.1129C&gt;T^^HGVS|&#xA;&#xA;Versioning information: The HGVS nomenclature for the description of sequence variants was last modified Feb 20, 2008. The HGVS nomenclature for the description of protein sequence variants was last modified May 12, 2007. The HGVS nomenclature for the description of DNA sequence variants was last modified June 15, 2007 The HGVS nomenclature for the description of RNA sequence variants was last modified May 12, 2007&#xA;&#xA;HGVS nomenclatures can be used freely by the public."/>
      <exampleBoolean value="false"/>
    </resource>
    <resource>
      <extension url="http://hl7.org/fhir/tools/StructureDefinition/resource-information">
        <valueString value="CodeSystem"/>
      </extension>
      <reference>
        <reference value="CodeSystem/loinc-answers"/>
      </reference>
      <name value="LOINC Answers"/>
      <description value="LOINC ANSWERS used by NCPI resources"/>
      <exampleBoolean value="false"/>
    </resource>
    <resource>
      <extension url="http://hl7.org/fhir/tools/StructureDefinition/resource-information">
        <valueString value="CodeSystem"/>
      </extension>
      <reference>
        <reference value="CodeSystem/mondo"/>
      </reference>
      <name value="Mondo Disease Ontology"/>
      <description value="The Mondo Disease Ontology (Mondo) aims to harmonize disease definitions across the world. The name Mondo comes from the latin word 'mundus' and means 'for the world.'"/>
      <exampleBoolean value="false"/>
    </resource>
    <resource>
      <extension url="http://hl7.org/fhir/tools/StructureDefinition/resource-information">
        <valueString value="CodeSystem"/>
      </extension>
      <reference>
        <reference value="CodeSystem/ncit"/>
      </reference>
      <name value="NCI Thesaurus"/>
      <description value="NCI Thesaurus (NCIt) provides reference terminology for many NCI and other systems. It covers vocabulary for clinical care, translational and basic research, and public information and administrative activities."/>
      <exampleBoolean value="false"/>
    </resource>
    <resource>
      <extension url="http://hl7.org/fhir/tools/StructureDefinition/resource-information">
        <valueString value="CodeSystem"/>
      </extension>
      <reference>
        <reference value="CodeSystem/ncpi"/>
      </reference>
      <name value="NCPI FHIR Codes"/>
      <description value="Codes that would apply to NCPI projects"/>
      <exampleBoolean value="false"/>
    </resource>
    <resource>
      <extension url="http://hl7.org/fhir/tools/StructureDefinition/resource-information">
        <valueString value="CodeSystem"/>
      </extension>
      <reference>
        <reference value="CodeSystem/ncpi-data-types"/>
      </reference>
      <name value="Data Types for NCPI Research"/>
      <description value="Data Types for NCPI Research"/>
      <exampleBoolean value="false"/>
    </resource>
    <resource>
      <extension url="http://hl7.org/fhir/tools/StructureDefinition/resource-information">
        <valueString value="CodeSystem"/>
      </extension>
      <reference>
        <reference value="CodeSystem/omim"/>
      </reference>
      <name value="Online Mendelian Inheritance in Man"/>
      <description value="An online database that describes the function and phenotypes associated with human genes"/>
      <exampleBoolean value="false"/>
    </resource>
    <resource>
      <extension url="http://hl7.org/fhir/tools/StructureDefinition/resource-information">
        <valueString value="CodeSystem"/>
      </extension>
      <reference>
        <reference value="CodeSystem/tbd-codes"/>
      </reference>
      <name value="ToBeDeterminedCodes ('TbdCodes')"/>
      <description value="These codes are currently 'TBD-LOINC' codes. The CG WG is requesting formal LOINC codes."/>
      <exampleBoolean value="false"/>
    </resource>
    <resource>
      <extension url="http://hl7.org/fhir/tools/StructureDefinition/resource-information">
        <valueString value="Observation"/>
      </extension>
      <reference>
        <reference value="Observation/anvil-summary-cmg"/>
      </reference>
      <name value="Summary detail for Center for Mendelian Genomics"/>
      <description value="Summary detail for Center for Mendelian Genomics"/>
      <exampleBoolean value="true"/>
    </resource>
    <resource>
      <extension url="http://hl7.org/fhir/tools/StructureDefinition/resource-information">
        <valueString value="Observation"/>
      </extension>
      <reference>
        <reference value="Observation/anvil-summary-phs000711"/>
      </reference>
      <name value="Baylor Hopkins Center for Mendelian Genomics (BH CMG)"/>
      <description value="Baylor Hopkins Center for Mendelian Genomics (BH CMG)"/>
      <exampleBoolean value="true"/>
    </resource>
    <resource>
      <extension url="http://hl7.org/fhir/tools/StructureDefinition/resource-information">
        <valueString value="Observation"/>
      </extension>
      <reference>
        <reference value="Observation/diagnostic-implication-1"/>
      </reference>
      <name value="diagnostic-implication-1"/>
      <description value="Example representation of a known variant found during genetic testing"/>
      <exampleBoolean value="true"/>
    </resource>
    <resource>
      <extension url="http://hl7.org/fhir/tools/StructureDefinition/resource-information">
        <valueString value="DiagnosticReport"/>
      </extension>
      <reference>
        <reference value="DiagnosticReport/diagnostic-report-1"/>
      </reference>
      <name value="diagnostic-report-1"/>
      <description value="Example of a DiagnosticReport which aggregates genetic findings for a given test or run"/>
      <exampleBoolean value="true"/>
    </resource>
    <resource>
      <extension url="http://hl7.org/fhir/tools/StructureDefinition/resource-information">
        <valueString value="Condition"/>
      </extension>
      <reference>
        <reference value="Condition/disease-example-1"/>
      </reference>
      <name value="disease-example-1"/>
      <description value="Example of the representation of Disease."/>
      <exampleCanonical value="https://nih-ncpi.github.io/ncpi-fhir-ig/StructureDefinition/disease"/>
    </resource>
    <resource>
      <extension url="http://hl7.org/fhir/tools/StructureDefinition/resource-information">
        <valueString value="DocumentReference"/>
      </extension>
      <reference>
        <reference value="DocumentReference/drs-document-reference-example-1"/>
      </reference>
      <name value="drs-document-reference-example-1"/>
      <description value="Example of the representation of DRS Document Reference."/>
      <exampleCanonical value="https://nih-ncpi.github.io/ncpi-fhir-ig/StructureDefinition/ncpi-drs-document-reference"/>
    </resource>
    <resource>
      <extension url="http://hl7.org/fhir/tools/StructureDefinition/resource-information">
        <valueString value="Encounter"/>
      </extension>
      <reference>
        <reference value="Encounter/example-encounter-study-01-patient-01"/>
      </reference>
      <name value="Example Encounter Study 01 Patient 01"/>
      <description value="Example encounter for use with raw data to help tie different rows associated with the same event together."/>
      <exampleBoolean value="true"/>
    </resource>
    <resource>
      <extension url="http://hl7.org/fhir/tools/StructureDefinition/resource-information">
        <valueString value="Observation"/>
      </extension>
      <reference>
        <reference value="Observation/example-observation-data-row-1"/>
      </reference>
      <name value="Example of Raw Data"/>
      <description value="Example Observation representing a single row of raw data from an single data table."/>
      <exampleBoolean value="true"/>
    </resource>
    <resource>
      <extension url="http://hl7.org/fhir/tools/StructureDefinition/resource-information">
        <valueString value="Questionnaire"/>
      </extension>
      <reference>
        <reference value="Questionnaire/example-questionnaire-demographics-1"/>
      </reference>
      <name value="Example of a Questionnaire to Represent Raw Data"/>
      <description value="An example Questionnaire that is used to describe the individual rows of data that are to be stored as QuestionnaireResponses"/>
      <exampleBoolean value="true"/>
    </resource>
    <resource>
      <extension url="http://hl7.org/fhir/tools/StructureDefinition/resource-information">
        <valueString value="QuestionnaireResponse"/>
      </extension>
      <reference>
        <reference value="QuestionnaireResponse/example-questionnaire-demographics-response-1"/>
      </reference>
      <name value="Example of a QuestionnaireResponse to Represent Raw Data"/>
      <description value="A Single row of data represented in FHIR as a QuestionnaireResponse"/>
      <exampleBoolean value="true"/>
    </resource>
    <resource>
      <extension url="http://hl7.org/fhir/tools/StructureDefinition/resource-information">
        <valueString value="ConceptMap"/>
      </extension>
      <reference>
        <reference value="ConceptMap/example-study-data-dictionary-conceptmap-1"/>
      </reference>
      <name value="Concept Map showing representing harmonization mappings"/>
      <description value="Data Harmonization for example dataset"/>
      <exampleCanonical value="https://nih-ncpi.github.io/ncpi-fhir-ig/StructureDefinition/study-data-dictionary-harmony"/>
    </resource>
    <resource>
      <extension url="http://hl7.org/fhir/tools/StructureDefinition/resource-information">
        <valueString value="ActivityDefinition"/>
      </extension>
      <reference>
        <reference value="ActivityDefinition/example-study-data-dictionary-table-1"/>
      </reference>
      <name value="Data-Dictionary Table"/>
      <description value="Example Study Data Dictionary Data Table definition"/>
      <exampleCanonical value="https://nih-ncpi.github.io/ncpi-fhir-ig/StructureDefinition/study-data-dictionary-table"/>
    </resource>
    <resource>
      <extension url="http://hl7.org/fhir/tools/StructureDefinition/resource-information">
        <valueString value="ObservationDefinition"/>
      </extension>
      <reference>
        <reference value="ObservationDefinition/example-study-data-dictionary-variable-1-1"/>
      </reference>
      <name value="Example Study Data Dictionary Variable subjectid"/>
      <description value="Participant's Unique Identifier (example of simple variable)"/>
      <exampleCanonical value="https://nih-ncpi.github.io/ncpi-fhir-ig/StructureDefinition/study-data-dictionary-variable"/>
    </resource>
    <resource>
      <extension url="http://hl7.org/fhir/tools/StructureDefinition/resource-information">
        <valueString value="ObservationDefinition"/>
      </extension>
      <reference>
        <reference value="ObservationDefinition/example-study-data-dictionary-variable-1-2"/>
      </reference>
      <name value="Example Study Data Dictionary Variable gender"/>
      <description value="Subject's gender"/>
      <exampleCanonical value="https://nih-ncpi.github.io/ncpi-fhir-ig/StructureDefinition/study-data-dictionary-variable"/>
    </resource>
    <resource>
      <extension url="http://hl7.org/fhir/tools/StructureDefinition/resource-information">
        <valueString value="ObservationDefinition"/>
      </extension>
      <reference>
        <reference value="ObservationDefinition/example-study-data-dictionary-variable-1-3"/>
      </reference>
      <name value="Example Study Data Dictionary Variable age_at_enrollment"/>
      <description value="Subject's Age at Enrollment (Example with a range of 30-40 years of age)"/>
      <exampleCanonical value="https://nih-ncpi.github.io/ncpi-fhir-ig/StructureDefinition/study-data-dictionary-variable"/>
    </resource>
    <resource>
      <extension url="http://hl7.org/fhir/tools/StructureDefinition/resource-information">
        <valueString value="ObservationDefinition"/>
      </extension>
      <reference>
        <reference value="ObservationDefinition/example-study-data-dictionary-variable-1-4"/>
      </reference>
      <name value="Example Study Data Dictionary Variable bmi"/>
      <description value="Subject's BMI at Enrollment"/>
      <exampleCanonical value="https://nih-ncpi.github.io/ncpi-fhir-ig/StructureDefinition/study-data-dictionary-variable"/>
    </resource>
    <resource>
      <extension url="http://hl7.org/fhir/tools/StructureDefinition/resource-information">
        <valueString value="ObservationDefinition"/>
      </extension>
      <reference>
        <reference value="ObservationDefinition/example-study-data-dictionary-variable-1-5"/>
      </reference>
      <name value="Data Dictionary Variable status"/>
      <description value="Subject's Case/Control Status"/>
      <exampleCanonical value="https://nih-ncpi.github.io/ncpi-fhir-ig/StructureDefinition/study-data-dictionary-variable"/>
    </resource>
    <resource>
      <extension url="http://hl7.org/fhir/tools/StructureDefinition/resource-information">
        <valueString value="Observation"/>
      </extension>
      <reference>
        <reference value="Observation/example-study-summary-gender"/>
      </reference>
      <name value="Example Variable Summary with categories (gender)"/>
      <description value="Simple example of a VariableSummary using components to capture counts of different categories (male, female and missing)"/>
      <exampleCanonical value="https://nih-ncpi.github.io/ncpi-fhir-ig/StructureDefinition/study-variable-summary"/>
    </resource>
    <resource>
      <extension url="http://hl7.org/fhir/tools/StructureDefinition/resource-information">
        <valueString value="Group"/>
      </extension>
      <reference>
        <reference value="Group/example-summary-group-1"/>
      </reference>
      <name value="Example Group used for Summary Results"/>
      <description value="Just an example group for demonstrational purposes"/>
      <exampleCanonical value="https://nih-ncpi.github.io/ncpi-fhir-ig/StructureDefinition/study-group"/>
    </resource>
    <resource>
      <extension url="http://hl7.org/fhir/tools/StructureDefinition/resource-information">
        <valueString value="Observation"/>
      </extension>
      <reference>
        <reference value="Observation/family-relationship-example-1"/>
      </reference>
      <name value="family-relationship-example-1"/>
      <description value="Example of the representation of Family Relationship."/>
      <exampleCanonical value="https://nih-ncpi.github.io/ncpi-fhir-ig/StructureDefinition/family-relationship"/>
    </resource>
    <resource>
      <extension url="http://hl7.org/fhir/tools/StructureDefinition/resource-information">
        <valueString value="Observation"/>
      </extension>
      <reference>
        <reference value="Observation/family-relationship-example-2"/>
      </reference>
      <name value="family-relationship-example-2"/>
      <description value="Example of the representation of Family Relationship."/>
      <exampleCanonical value="https://nih-ncpi.github.io/ncpi-fhir-ig/StructureDefinition/family-relationship"/>
    </resource>
    <resource>
      <extension url="http://hl7.org/fhir/tools/StructureDefinition/resource-information">
        <valueString value="Observation"/>
      </extension>
      <reference>
        <reference value="Observation/family-relationship-example-3"/>
      </reference>
      <name value="family-relationship-example-3"/>
      <description value="Example of the representation of Family Relationship."/>
      <exampleCanonical value="https://nih-ncpi.github.io/ncpi-fhir-ig/StructureDefinition/family-relationship"/>
    </resource>
    <resource>
      <extension url="http://hl7.org/fhir/tools/StructureDefinition/resource-information">
        <valueString value="Observation"/>
      </extension>
      <reference>
        <reference value="Observation/family-relationship-example-4"/>
      </reference>
      <name value="family-relationship-example-4"/>
      <description value="Example of the representation of Family Relationship."/>
      <exampleCanonical value="https://nih-ncpi.github.io/ncpi-fhir-ig/StructureDefinition/family-relationship"/>
    </resource>
    <resource>
      <extension url="http://hl7.org/fhir/tools/StructureDefinition/resource-information">
        <valueString value="ResearchStudy"/>
      </extension>
      <reference>
        <reference value="ResearchStudy/ncpi-research-study-01"/>
      </reference>
      <name value="ncpi-research-study-01"/>
      <description value="An example research study"/>
      <exampleCanonical value="https://nih-ncpi.github.io/ncpi-fhir-ig/StructureDefinition/ncpi-research-study"/>
    </resource>
    <resource>
      <extension url="http://hl7.org/fhir/tools/StructureDefinition/resource-information">
        <valueString value="Group"/>
      </extension>
      <reference>
        <reference value="Group/ncpi-research-study-01-group-01-main"/>
      </reference>
      <name value="ncpi-research-study-01-group-01-main"/>
      <description value="Study 01's complete enrollment"/>
      <exampleCanonical value="https://nih-ncpi.github.io/ncpi-fhir-ig/StructureDefinition/study-group"/>
    </resource>
    <resource>
      <extension url="http://hl7.org/fhir/tools/StructureDefinition/resource-information">
        <valueString value="Patient"/>
      </extension>
      <reference>
        <reference value="Patient/ncpi-research-study-01-patient-01"/>
      </reference>
      <name value="ncpi-research-study-01-patient-01"/>
      <description value="Example of a patient from study 01"/>
      <exampleBoolean value="true"/>
    </resource>
    <resource>
      <extension url="http://hl7.org/fhir/tools/StructureDefinition/resource-information">
        <valueString value="Patient"/>
      </extension>
      <reference>
        <reference value="Patient/ncpi-research-study-01-patient-02"/>
      </reference>
      <name value="ncpi-research-study-01-patient-02"/>
      <description value="Example of a patient from study 02"/>
      <exampleBoolean value="true"/>
    </resource>
    <resource>
      <extension url="http://hl7.org/fhir/tools/StructureDefinition/resource-information">
        <valueString value="Specimen"/>
      </extension>
      <reference>
        <reference value="Specimen/ncpi-research-study-01-specimen-01"/>
      </reference>
      <name value="NCPI Research Study 01 Specimen 01"/>
      <description value="An example Specimen used to indicate which sample a row of raw data is associated with."/>
      <exampleBoolean value="true"/>
    </resource>
    <resource>
      <extension url="http://hl7.org/fhir/tools/StructureDefinition/resource-information">
        <valueString value="Organization"/>
      </extension>
      <reference>
        <reference value="Organization/organization-example-1"/>
      </reference>
      <name value="organization-example-1"/>
      <description value="Example of the representation of Organization."/>
      <exampleBoolean value="true"/>
    </resource>
    <resource>
      <extension url="http://hl7.org/fhir/tools/StructureDefinition/resource-information">
        <valueString value="Patient"/>
      </extension>
      <reference>
        <reference value="Patient/patient-example-1"/>
      </reference>
      <name value="patient-example-1"/>
      <description value="Example of the representation of Patient."/>
      <exampleBoolean value="true"/>
    </resource>
    <resource>
      <extension url="http://hl7.org/fhir/tools/StructureDefinition/resource-information">
        <valueString value="Patient"/>
      </extension>
      <reference>
        <reference value="Patient/patient-example-2"/>
      </reference>
      <name value="patient-example-2"/>
      <description value="Example of the representation of Patient."/>
      <exampleBoolean value="true"/>
    </resource>
    <resource>
      <extension url="http://hl7.org/fhir/tools/StructureDefinition/resource-information">
        <valueString value="Patient"/>
      </extension>
      <reference>
        <reference value="Patient/patient-example-3"/>
      </reference>
      <name value="patient-example-3"/>
      <description value="Example of the representation of Patient."/>
      <exampleBoolean value="true"/>
    </resource>
    <resource>
      <extension url="http://hl7.org/fhir/tools/StructureDefinition/resource-information">
        <valueString value="Condition"/>
      </extension>
      <reference>
        <reference value="Condition/phenotype-example-1"/>
      </reference>
      <name value="phenotype-example-1"/>
      <description value="Example of the representation of observed Phenotype."/>
      <exampleCanonical value="https://nih-ncpi.github.io/ncpi-fhir-ig/StructureDefinition/phenotype"/>
    </resource>
    <resource>
      <extension url="http://hl7.org/fhir/tools/StructureDefinition/resource-information">
        <valueString value="Practitioner"/>
      </extension>
      <reference>
        <reference value="Practitioner/practitioner-example-1"/>
      </reference>
      <name value="practitioner-example-1"/>
      <description value="Example of the representation of Practitioner."/>
      <exampleBoolean value="true"/>
    </resource>
    <resource>
      <extension url="http://hl7.org/fhir/tools/StructureDefinition/resource-information">
        <valueString value="PractitionerRole"/>
      </extension>
      <reference>
        <reference value="PractitionerRole/practitioner-role-example-1"/>
      </reference>
      <name value="practitioner-role-example-1"/>
      <description value="Example of the representation of Practitioner Role."/>
      <exampleBoolean value="true"/>
    </resource>
    <resource>
      <extension url="http://hl7.org/fhir/tools/StructureDefinition/resource-information">
        <valueString value="DocumentReference"/>
      </extension>
      <reference>
        <reference value="DocumentReference/research-document-reference-example-1"/>
      </reference>
      <name value="research-document-reference-example-1"/>
      <description value="Example of the representation of Research Document Reference."/>
      <exampleCanonical value="https://nih-ncpi.github.io/ncpi-fhir-ig/StructureDefinition/ncpi-research-document-reference"/>
    </resource>
    <resource>
      <extension url="http://hl7.org/fhir/tools/StructureDefinition/resource-information">
        <valueString value="ResearchStudy"/>
      </extension>
      <reference>
        <reference value="ResearchStudy/research-study-cmg"/>
      </reference>
      <name value="research-study-cmg"/>
      <description value="Center for Mendelian Genomics"/>
      <exampleBoolean value="true"/>
    </resource>
    <resource>
      <extension url="http://hl7.org/fhir/tools/StructureDefinition/resource-information">
        <valueString value="ResearchStudy"/>
      </extension>
      <reference>
        <reference value="ResearchStudy/research-study-example-1"/>
      </reference>
      <name value="research-study-example-1"/>
      <description value="Example of the representation of Research Study."/>
      <exampleBoolean value="true"/>
    </resource>
    <resource>
      <extension url="http://hl7.org/fhir/tools/StructureDefinition/resource-information">
        <valueString value="ResearchStudy"/>
      </extension>
      <reference>
        <reference value="ResearchStudy/research-study-phs000711"/>
      </reference>
      <name value="research-study-phs000711"/>
      <description value="Baylor Hopkins Center for Mendelian Genomics (BH CMG)"/>
      <exampleBoolean value="true"/>
    </resource>
    <resource>
      <extension url="http://hl7.org/fhir/tools/StructureDefinition/resource-information">
        <valueString value="ResearchSubject"/>
      </extension>
      <reference>
        <reference value="ResearchSubject/research-subject-example-1"/>
      </reference>
      <name value="research-subject-example-1"/>
      <description value="Example of the representation of Research Subject."/>
      <exampleBoolean value="true"/>
    </resource>
    <resource>
      <extension url="http://hl7.org/fhir/tools/StructureDefinition/resource-information">
        <valueString value="ResearchSubject"/>
      </extension>
      <reference>
        <reference value="ResearchSubject/research-subject-example-2"/>
      </reference>
      <name value="research-subject-example-2"/>
      <description value="Example of the representation of Research Subject."/>
      <exampleBoolean value="true"/>
    </resource>
    <resource>
      <extension url="http://hl7.org/fhir/tools/StructureDefinition/resource-information">
        <valueString value="ResearchSubject"/>
      </extension>
      <reference>
        <reference value="ResearchSubject/research-subject-example-3"/>
      </reference>
      <name value="research-subject-example-3"/>
      <description value="Example of the representation of Research Subject."/>
      <exampleBoolean value="true"/>
    </resource>
    <resource>
      <extension url="http://hl7.org/fhir/tools/StructureDefinition/resource-information">
        <valueString value="ResearchSubject"/>
      </extension>
      <reference>
        <reference value="ResearchSubject/research-subject-study-01-patient-01"/>
      </reference>
      <name value="research-subject-study-01-patient-01"/>
      <description value="Example representation of a research subject"/>
      <exampleBoolean value="true"/>
    </resource>
    <resource>
      <extension url="http://hl7.org/fhir/tools/StructureDefinition/resource-information">
        <valueString value="ResearchSubject"/>
      </extension>
      <reference>
        <reference value="ResearchSubject/research-subject-study-01-patient-02"/>
      </reference>
      <name value="research-subject-study-01-patient-02"/>
      <description value="Example representation of a research subject"/>
      <exampleBoolean value="true"/>
    </resource>
    <resource>
      <extension url="http://hl7.org/fhir/tools/StructureDefinition/resource-information">
        <valueString value="Specimen"/>
      </extension>
      <reference>
        <reference value="Specimen/specimen-example-1"/>
      </reference>
      <name value="specimen-example-1"/>
      <description value="Example of the representation of Specimen."/>
      <exampleBoolean value="true"/>
    </resource>
    <resource>
      <extension url="http://hl7.org/fhir/tools/StructureDefinition/resource-information">
        <valueString value="Task"/>
      </extension>
      <reference>
        <reference value="Task/task-example-1"/>
      </reference>
      <name value="task-example-1"/>
      <description value="Example of the representation of Task."/>
      <exampleBoolean value="true"/>
    </resource>
    <resource>
      <extension url="http://hl7.org/fhir/tools/StructureDefinition/resource-information">
        <valueString value="Task"/>
      </extension>
      <reference>
        <reference value="Task/task-example-2"/>
      </reference>
      <name value="task-example-2"/>
      <description value="Example of the representation of Task that points to a ResearchDocumentReference."/>
      <exampleCanonical value="https://nih-ncpi.github.io/ncpi-fhir-ig/StructureDefinition/ncpi-specimen-task"/>
    </resource>
    <resource>
      <extension url="http://hl7.org/fhir/tools/StructureDefinition/resource-information">
        <valueString value="Observation"/>
      </extension>
      <reference>
        <reference value="Observation/variant-example-1"/>
      </reference>
      <name value="variant-example-1"/>
      <description value="Example of a fhir representation of a variant"/>
      <exampleBoolean value="true"/>
    </resource>
    <page>
      <extension url="http://hl7.org/fhir/tools/StructureDefinition/ig-page-name">
        <valueUrl value="toc.html"/>
      </extension>
      <nameUrl value="toc.html"/>
      <title value="Table of Contents"/>
      <generation value="html"/>
      <page>
        <extension url="http://hl7.org/fhir/tools/StructureDefinition/ig-page-name">
          <valueUrl value="index.html"/>
        </extension>
        <nameUrl value="index.html"/>
        <title value="Home"/>
        <generation value="markdown"/>
      </page>
      <page>
        <extension url="http://hl7.org/fhir/tools/StructureDefinition/ig-page-name">
          <valueUrl value="authors.html"/>
        </extension>
        <nameUrl value="authors.html"/>
        <title value="Authors"/>
        <generation value="markdown"/>
      </page>
      <page>
        <extension url="http://hl7.org/fhir/tools/StructureDefinition/ig-page-name">
          <valueUrl value="background.html"/>
        </extension>
        <nameUrl value="background.html"/>
        <title value="Background"/>
        <generation value="markdown"/>
      </page>
      <page>
        <extension url="http://hl7.org/fhir/tools/StructureDefinition/ig-page-name">
          <valueUrl value="childhood_cancer.html"/>
        </extension>
        <nameUrl value="childhood_cancer.html"/>
        <title value="Childhood Cancer"/>
        <generation value="markdown"/>
      </page>
      <page>
        <extension url="http://hl7.org/fhir/tools/StructureDefinition/ig-page-name">
          <valueUrl value="contact.html"/>
        </extension>
        <nameUrl value="contact.html"/>
        <title value="Contact"/>
        <generation value="markdown"/>
      </page>
      <page>
        <extension url="http://hl7.org/fhir/tools/StructureDefinition/ig-page-name">
          <valueUrl value="downloads.html"/>
        </extension>
        <nameUrl value="downloads.html"/>
        <title value="Downloads"/>
        <generation value="markdown"/>
      </page>
      <page>
        <extension url="http://hl7.org/fhir/tools/StructureDefinition/ig-page-name">
          <valueUrl value="ehr.html"/>
        </extension>
        <nameUrl value="ehr.html"/>
        <title value="Ehr"/>
        <generation value="markdown"/>
      </page>
      <page>
        <extension url="http://hl7.org/fhir/tools/StructureDefinition/ig-page-name">
          <valueUrl value="example_raw_data.html"/>
        </extension>
        <nameUrl value="example_raw_data.html"/>
        <title value="Example Raw Data"/>
        <generation value="markdown"/>
      </page>
      <page>
        <extension url="http://hl7.org/fhir/tools/StructureDefinition/ig-page-name">
          <valueUrl value="example_study_metadata.html"/>
        </extension>
        <nameUrl value="example_study_metadata.html"/>
        <title value="Example Study Metadata"/>
        <generation value="markdown"/>
      </page>
      <page>
        <extension url="http://hl7.org/fhir/tools/StructureDefinition/ig-page-name">
          <valueUrl value="family.html"/>
        </extension>
        <nameUrl value="family.html"/>
        <title value="Family"/>
        <generation value="markdown"/>
      </page>
      <page>
        <extension url="http://hl7.org/fhir/tools/StructureDefinition/ig-page-name">
          <valueUrl value="FHIR_Basics.html"/>
        </extension>
        <nameUrl value="FHIR_Basics.html"/>
        <title value="FHIR Basics"/>
        <generation value="markdown"/>
      </page>
      <page>
        <extension url="http://hl7.org/fhir/tools/StructureDefinition/ig-page-name">
          <valueUrl value="files.html"/>
        </extension>
        <nameUrl value="files.html"/>
        <title value="Files"/>
        <generation value="markdown"/>
      </page>
      <page>
        <extension url="http://hl7.org/fhir/tools/StructureDefinition/ig-page-name">
          <valueUrl value="finding_a_research_study.html"/>
        </extension>
        <nameUrl value="finding_a_research_study.html"/>
        <title value="Finding a Research Study"/>
        <generation value="markdown"/>
      </page>
      <page>
        <extension url="http://hl7.org/fhir/tools/StructureDefinition/ig-page-name">
          <valueUrl value="harmonization.html"/>
        </extension>
        <nameUrl value="harmonization.html"/>
        <title value="Harmonization"/>
        <generation value="markdown"/>
      </page>
      <page>
        <extension url="http://hl7.org/fhir/tools/StructureDefinition/ig-page-name">
          <valueUrl value="ig_versioning.html"/>
        </extension>
        <nameUrl value="ig_versioning.html"/>
        <title value="Ig Versioning"/>
        <generation value="markdown"/>
      </page>
      <page>
        <extension url="http://hl7.org/fhir/tools/StructureDefinition/ig-page-name">
          <valueUrl value="modular_ig.html"/>
        </extension>
        <nameUrl value="modular_ig.html"/>
        <title value="Modular Ig"/>
        <generation value="markdown"/>
      </page>
      <page>
        <extension url="http://hl7.org/fhir/tools/StructureDefinition/ig-page-name">
          <valueUrl value="ncpi.html"/>
        </extension>
        <nameUrl value="ncpi.html"/>
        <title value="Ncpi"/>
        <generation value="markdown"/>
      </page>
      <page>
        <extension url="http://hl7.org/fhir/tools/StructureDefinition/ig-page-name">
          <valueUrl value="participant.html"/>
        </extension>
        <nameUrl value="participant.html"/>
        <title value="Participant"/>
        <generation value="markdown"/>
      </page>
      <page>
        <extension url="http://hl7.org/fhir/tools/StructureDefinition/ig-page-name">
          <valueUrl value="performing_a_genomic_analysis.html"/>
        </extension>
        <nameUrl value="performing_a_genomic_analysis.html"/>
        <title value="Performing a Genomic Analysis"/>
        <generation value="markdown"/>
      </page>
      <page>
        <extension url="http://hl7.org/fhir/tools/StructureDefinition/ig-page-name">
          <valueUrl value="rare_disease.html"/>
        </extension>
        <nameUrl value="rare_disease.html"/>
        <title value="Rare Disease"/>
        <generation value="markdown"/>
      </page>
      <page>
        <extension url="http://hl7.org/fhir/tools/StructureDefinition/ig-page-name">
          <valueUrl value="research_study.html"/>
        </extension>
        <nameUrl value="research_study.html"/>
        <title value="Research Study"/>
        <generation value="markdown"/>
      </page>
      <page>
        <extension url="http://hl7.org/fhir/tools/StructureDefinition/ig-page-name">
          <valueUrl value="StructureDefinition-study-data-dictionary-variable-note.html"/>
        </extension>
        <nameUrl value="StructureDefinition-study-data-dictionary-variable-note.html"/>
        <title value="Structure Definition Study Data Dictionary Variable Note"/>
        <generation value="markdown"/>
      </page>
      <page>
        <extension url="http://hl7.org/fhir/tools/StructureDefinition/ig-page-name">
          <valueUrl value="study_metadata.html"/>
        </extension>
        <nameUrl value="study_metadata.html"/>
        <title value="Study Metadata"/>
        <generation value="markdown"/>
      </page>
      <page>
        <extension url="http://hl7.org/fhir/tools/StructureDefinition/ig-page-name">
          <valueUrl value="tabular.html"/>
        </extension>
        <nameUrl value="tabular.html"/>
        <title value="Tabular"/>
        <generation value="markdown"/>
      </page>
      <page>
        <extension url="http://hl7.org/fhir/tools/StructureDefinition/ig-page-name">
          <valueUrl value="use_case_tabular_data.html"/>
        </extension>
        <nameUrl value="use_case_tabular_data.html"/>
        <title value="Use Case Tabular Data"/>
        <generation value="markdown"/>
      </page>
      <page>
        <extension url="http://hl7.org/fhir/tools/StructureDefinition/ig-page-name">
          <valueUrl value="use_cases.html"/>
        </extension>
        <nameUrl value="use_cases.html"/>
        <title value="Use Cases"/>
        <generation value="markdown"/>
      </page>
      <page>
        <extension url="http://hl7.org/fhir/tools/StructureDefinition/ig-page-name">
          <valueUrl value="using_source_data.html"/>
        </extension>
        <nameUrl value="using_source_data.html"/>
        <title value="Using Source Data"/>
        <generation value="markdown"/>
      </page>
    </page>
    <parameter>
      <code value="path-resource"/>
      <value value="input/capabilities"/>
    </parameter>
    <parameter>
      <code value="path-resource"/>
      <value value="input/examples"/>
    </parameter>
    <parameter>
      <code value="path-resource"/>
      <value value="input/extensions"/>
    </parameter>
    <parameter>
      <code value="path-resource"/>
      <value value="input/models"/>
    </parameter>
    <parameter>
      <code value="path-resource"/>
      <value value="input/operations"/>
    </parameter>
    <parameter>
      <code value="path-resource"/>
      <value value="input/profiles"/>
    </parameter>
    <parameter>
      <code value="path-resource"/>
      <value value="input/resources"/>
    </parameter>
    <parameter>
      <code value="path-resource"/>
      <value value="input/vocabulary"/>
    </parameter>
    <parameter>
      <code value="path-resource"/>
      <value value="input/maps"/>
    </parameter>
    <parameter>
      <code value="path-resource"/>
      <value value="input/testing"/>
    </parameter>
    <parameter>
      <code value="path-resource"/>
      <value value="input/history"/>
    </parameter>
    <parameter>
      <code value="path-resource"/>
      <value value="fsh-generated/resources"/>
    </parameter>
    <parameter>
      <code value="path-pages"/>
      <value value="template/config"/>
    </parameter>
    <parameter>
      <code value="path-pages"/>
      <value value="input/images"/>
    </parameter>
    <parameter>
      <code value="path-tx-cache"/>
      <value value="input-cache/txcache"/>
    </parameter>
  </definition>
</ImplementationGuide>