{
  "resourceType": "Observation",
  "id": "family-relationship-example-4",
  "meta": {
    "profile": [
      "https://ncpi-fhir.github.io/ncpi-fhir-ig/StructureDefinition/family-relationship"
    ]
  },
  "text": {
    "status": "generated",
    "div": "<div xmlns=\"http://www.w3.org/1999/xhtml\"><p><b>Generated Narrative</b></p><p></p><p><b>code</b>: <span title=\"Codes: {http://terminology.hl7.org/CodeSystem/v3-RoleCode FAMMEMB}\">family member</span></p><p><b>subject</b>: <a href=\"Patient-patient-example-3.html\">Generated Summary: John Samuel Smith(OFFICIAL); Phone: (555) 555-5555; gender: male</a></p><p><b>focus</b>: <a href=\"Patient-patient-example-1.html\">Generated Summary: Mariah Abigail Smith(OFFICIAL); Phone: (555) 555-5555; gender: female; birthDate: 2019-06-15</a></p><p><b>value</b>: <span title=\"Codes: {http://terminology.hl7.org/CodeSystem/v3-RoleCode PRN}, {http://terminology.hl7.org/CodeSystem/v3-RoleCode FTH}\">Father</span></p></div>"
  },
  "status": "final",
  "code": {
    "coding": [
      {
        "system": "http://terminology.hl7.org/CodeSystem/v3-RoleCode",
        "code": "FAMMEMB",
        "display": "family member"
      }
    ]
  },
  "subject": {
    "reference": "Patient/patient-example-3"
  },
  "focus": [
    {
      "reference": "Patient/patient-example-1"
    }
  ],
  "valueCodeableConcept": {
    "coding": [
      {
        "system": "http://terminology.hl7.org/CodeSystem/v3-RoleCode",
        "code": "PRN",
        "display": "parent"
      },
      {
        "system": "http://terminology.hl7.org/CodeSystem/v3-RoleCode",
        "code": "FTH",
        "display": "father"
      }
    ],
    "text": "Father"
  }
}