{
  "resourceType": "Patient",
  "id": "patient-example-1",
  "text": {
    "status": "extensions",
    "div": "<div xmlns=\"http://www.w3.org/1999/xhtml\"><p><b>Generated Narrative</b></p><div style=\"display: inline-block; background-color: #d9e0e7; padding: 6px; margin: 4px; border: 1px solid #8da1b4; border-radius: 5px; line-height: 60%\"><p style=\"margin-bottom: 0px\">Resource \"patient-example-1\" </p></div><blockquote><p><b>US Core Race Extension</b></p><p><b>value</b>: White (Details: urn:oid:2.16.840.1.113883.6.238 code 2106-3 = 'White', stated as 'White')</p><p><b>value</b>: Irish (Details: urn:oid:2.16.840.1.113883.6.238 code 2113-9 = 'Irish', stated as 'Irish')</p><p><b>value</b>: White</p></blockquote><blockquote><p><b>US Core Ethnicity Extension</b></p><p><b>value</b>: Hispanic or Latino (Details: urn:oid:2.16.840.1.113883.6.238 code 2135-2 = 'Hispanic or Latino', stated as 'Hispanic or Latino')</p><p><b>value</b>: Mexican (Details: urn:oid:2.16.840.1.113883.6.238 code 2148-5 = 'Mexican', stated as 'Mexican')</p><p><b>value</b>: Hispanic or Latino</p></blockquote><p><b>name</b>: Mariah Abigail Smith(OFFICIAL)</p><p><b>telecom</b>: ph: (555) 555-5555(HOME)</p><p><b>gender</b>: female</p><p><b>birthDate</b>: 2019-06-15</p><p><b>address</b>: 3401 Civic Center Blvd., Philadelphia, PA 19104(HOME)</p><blockquote><p><b>contact</b></p><p><b>relationship</b>: Parent <span style=\"background: LightGoldenRodYellow; margin: 4px; border: 1px solid khaki\"> (<a href=\"http://terminology.hl7.org/3.0.0/CodeSystem-v2-0131.html\">contactRole2</a>#C \"Emergency Contact\")</span></p><p><b>name</b>: Jane Samantha Smith(OFFICIAL)</p><p><b>telecom</b>: ph: (555) 555-5555(HOME)</p><p><b>address</b>: 3401 Civic Center Blvd., Philadelphia, PA 19104(HOME)</p><p><b>gender</b>: female</p></blockquote><blockquote><p><b>contact</b></p><p><b>relationship</b>: Parent <span style=\"background: LightGoldenRodYellow; margin: 4px; border: 1px solid khaki\"> (<a href=\"http://terminology.hl7.org/3.0.0/CodeSystem-v2-0131.html\">contactRole2</a>#C \"Emergency Contact\")</span></p><p><b>name</b>: John Samuel Smith(OFFICIAL)</p><p><b>telecom</b>: ph: (555) 555-5555(HOME)</p><p><b>address</b>: 3401 Civic Center Blvd., Philadelphia, PA 19104(HOME)</p><p><b>gender</b>: male</p></blockquote></div>"
  },
  "extension": [
    {
      "extension": [
        {
          "url": "ombCategory",
          "valueCoding": {
            "system": "urn:oid:2.16.840.1.113883.6.238",
            "code": "2106-3",
            "display": "White"
          }
        },
        {
          "url": "detailed",
          "valueCoding": {
            "system": "urn:oid:2.16.840.1.113883.6.238",
            "code": "2113-9",
            "display": "Irish"
          }
        },
        {
          "url": "text",
          "valueString": "White"
        }
      ],
      "url": "http://hl7.org/fhir/us/core/StructureDefinition/us-core-race"
    },
    {
      "extension": [
        {
          "url": "ombCategory",
          "valueCoding": {
            "system": "urn:oid:2.16.840.1.113883.6.238",
            "code": "2135-2",
            "display": "Hispanic or Latino"
          }
        },
        {
          "url": "detailed",
          "valueCoding": {
            "system": "urn:oid:2.16.840.1.113883.6.238",
            "code": "2148-5",
            "display": "Mexican"
          }
        },
        {
          "url": "text",
          "valueString": "Hispanic or Latino"
        }
      ],
      "url": "http://hl7.org/fhir/us/core/StructureDefinition/us-core-ethnicity"
    }
  ],
  "name": [
    {
      "use": "official",
      "text": "Mariah Abigail Smith",
      "family": "Smith",
      "given": [
        "Mariah",
        "Abigail"
      ]
    }
  ],
  "telecom": [
    {
      "system": "phone",
      "value": "(555) 555-5555",
      "use": "home",
      "rank": 1
    }
  ],
  "gender": "female",
  "birthDate": "2019-06-15",
  "address": [
    {
      "use": "home",
      "type": "both",
      "text": "3401 Civic Center Blvd., Philadelphia, PA 19104",
      "line": [
        "3401 Civic Center Blvd."
      ],
      "city": "Philadelphia",
      "state": "PA",
      "postalCode": "19104"
    }
  ],
  "contact": [
    {
      "relationship": [
        {
          "coding": [
            {
              "system": "http://terminology.hl7.org/CodeSystem/v2-0131",
              "code": "C",
              "display": "Emergency Contact"
            }
          ],
          "text": "Parent"
        }
      ],
      "name": {
        "use": "official",
        "text": "Jane Samantha Smith",
        "family": "Smith",
        "given": [
          "Jane",
          "Samantha"
        ]
      },
      "telecom": [
        {
          "system": "phone",
          "value": "(555) 555-5555",
          "use": "home",
          "rank": 1
        }
      ],
      "address": {
        "use": "home",
        "type": "both",
        "text": "3401 Civic Center Blvd., Philadelphia, PA 19104",
        "line": [
          "3401 Civic Center Blvd."
        ],
        "city": "Philadelphia",
        "state": "PA",
        "postalCode": "19104"
      },
      "gender": "female"
    },
    {
      "relationship": [
        {
          "coding": [
            {
              "system": "http://terminology.hl7.org/CodeSystem/v2-0131",
              "code": "C",
              "display": "Emergency Contact"
            }
          ],
          "text": "Parent"
        }
      ],
      "name": {
        "use": "official",
        "text": "John Samuel Smith",
        "family": "Smith",
        "given": [
          "John",
          "Samuel"
        ]
      },
      "telecom": [
        {
          "system": "phone",
          "value": "(555) 555-5555",
          "use": "home",
          "rank": 1
        }
      ],
      "address": {
        "use": "home",
        "type": "both",
        "text": "3401 Civic Center Blvd., Philadelphia, PA 19104",
        "line": [
          "3401 Civic Center Blvd."
        ],
        "city": "Philadelphia",
        "state": "PA",
        "postalCode": "19104"
      },
      "gender": "male"
    }
  ]
}