<?xml version="1.0" encoding="UTF-8"?>

<ResearchStudy xmlns="http://hl7.org/fhir">
  <id value="research-study-phs000711"/>
  <text>
    <status value="generated"/><div xmlns="http://www.w3.org/1999/xhtml"><p><b>Generated Narrative: ResearchStudy</b></p><div style="display: inline-block; background-color: #d9e0e7; padding: 6px; margin: 4px; border: 1px solid #8da1b4; border-radius: 5px; line-height: 60%"><p style="margin-bottom: 0px">Resource ResearchStudy "research-study-phs000711" </p></div><p><b>title</b>: Baylor Hopkins Center for Mendelian Genomics (BH CMG)</p><p><b>partOf</b>: <a href="ResearchStudy-research-study-cmg.html">ResearchStudy/research-study-cmg</a></p><p><b>status</b>: completed</p><p><b>primaryPurposeType</b>: diagnostic <span style="background: LightGoldenRodYellow; margin: 4px; border: 1px solid khaki"> ([not stated]#diagnostic)</span></p><p><b>category</b>: Study Cohort <span style="background: LightGoldenRodYellow; margin: 4px; border: 1px solid khaki"> (<a href="CodeSystem-ncpi.html">NCPI FHIR Codes</a>#StudyCohort)</span></p><p><b>condition</b>: Mendelian <span style="background: LightGoldenRodYellow; margin: 4px; border: 1px solid khaki"> ()</span></p></div>
  </text>
  <title value="Baylor Hopkins Center for Mendelian Genomics (BH CMG)"/>
  <partOf>
    <reference value="ResearchStudy/research-study-cmg"/>
  </partOf>
  <status value="completed"/>
  <primaryPurposeType>
    <coding>
      <code value="diagnostic"/>
    </coding>
  </primaryPurposeType>
  <category>
    <coding>
      <system value="https://nih-ncpi.github.io/ncpi-fhir-ig"/>
      <code value="StudyCohort"/>
      <display value="Study Cohort"/>
    </coding>
  </category>
  <condition>
    <text value="Mendelian"/>
  </condition>
</ResearchStudy>