{
  "package": "NCPI-FHIR-Implementation-Guide",
  "version": "0.1.0",
  "fhirVersion": "4.0.1",
  "extensions": [
    {
      "url": "https://ncpi-fhir.github.io/ncpi-fhir-ig/StructureDefinition/supporting-info",
      "title": "Supporting Information",
      "types": [
        "Reference"
      ]
    }
  ],
  "profiles": {
    "Condition": [
      {
        "url": "https://ncpi-fhir.github.io/ncpi-fhir-ig/StructureDefinition/phenotype",
        "title": "NCPI Phenotype"
      }
    ],
    "Observation": [
      {
        "url": "https://ncpi-fhir.github.io/ncpi-fhir-ig/StructureDefinition/family-relationship",
        "title": "NCPI Family Relationship"
      }
    ],
    "DocumentReference": [
      {
        "url": "https://ncpi-fhir.github.io/ncpi-fhir-ig/StructureDefinition/ncpi-drs-document-reference",
        "title": "DRS Document Reference"
      }
    ]
  },
  "usage": {
    "http://hl7.org/fhir/StructureDefinition/cqf-relativeDateTime": [
      "Condition.recordedDate",
      "Specimen.collection.collectedDateTime",
      "Specimen.receivedTime"
    ],
    "http://hl7.org/fhir/StructureDefinition/elementdefinition-bestpractice": [
      "StructureDefinition.snapshot.element.constraint"
    ],
    "http://hl7.org/fhir/StructureDefinition/elementdefinition-bestpractice-explanation": [
      "StructureDefinition.snapshot.element.constraint"
    ],
    "http://hl7.org/fhir/StructureDefinition/elementdefinition-bindingName": [
      "StructureDefinition.snapshot.element.binding"
    ],
    "http://hl7.org/fhir/StructureDefinition/elementdefinition-isCommonBinding": [
      "StructureDefinition.snapshot.element.binding"
    ],
    "http://hl7.org/fhir/StructureDefinition/elementdefinition-maxValueSet": [
      "StructureDefinition.snapshot.element.binding"
    ],
    "http://hl7.org/fhir/StructureDefinition/elementdefinition-translatable": [
      "StructureDefinition.snapshot.element"
    ],
    "http://hl7.org/fhir/StructureDefinition/structuredefinition-category": [
      "StructureDefinition"
    ],
    "http://hl7.org/fhir/StructureDefinition/structuredefinition-display-hint": [
      "StructureDefinition.snapshot.element"
    ],
    "http://hl7.org/fhir/StructureDefinition/structuredefinition-fhir-type": [
      "StructureDefinition.snapshot.element.type"
    ],
    "http://hl7.org/fhir/StructureDefinition/structuredefinition-security-category": [
      "StructureDefinition"
    ],
    "http://hl7.org/fhir/StructureDefinition/structuredefinition-standards-status": [
      "StructureDefinition.snapshot.element"
    ],
    "http://hl7.org/fhir/StructureDefinition/structuredefinition-wg": [
      "ValueSet"
    ],
    "http://hl7.org/fhir/tools/StructureDefinition/ig-parameter": [
      "ImplementationGuide.definition"
    ],
    "http://hl7.org/fhir/tools/StructureDefinition/resource-information": [
      "ImplementationGuide.definition.resource"
    ],
    "http://hl7.org/fhir/us/core/StructureDefinition/us-core-ethnicity": [
      "Patient"
    ],
    "http://hl7.org/fhir/us/core/StructureDefinition/us-core-race": [
      "Patient"
    ],
    "https://ncpi-fhir.github.io/ncpi-fhir-ig/StructureDefinition/supporting-info": [
      "DiagnosticReport"
    ]
  }
}