{
  "resourceType": "ValueSet",
  "id": "ncpi-vs",
  "text": {
    "status": "generated",
    "div": "<div xmlns=\"http://www.w3.org/1999/xhtml\"><p>This value set includes codes based on the following rules:</p><ul><li>Include all codes defined in <a href=\"CodeSystem-ncpi.html\"><code>https://nih-ncpi.github.io/ncpi-fhir-ig</code></a></li><li>Include all codes defined in <a href=\"CodeSystem-ncpi-data-types.html\"><code>https://nih-ncpi.github.io/ncpi-fhir-ig/datatypes</code></a></li></ul></div>"
  },
  "url": "https://ncpi-fhir.github.io/ncpi-fhir-ig/ValueSet/ncpi-vs",
  "version": "0.1.0",
  "name": "Ncpi_VS",
  "title": "NCPI FHIR Codes",
  "status": "draft",
  "date": "2022-05-27T12:41:17+00:00",
  "publisher": "NCPI FHIR Working Group",
  "contact": [
    {
      "name": "NCPI FHIR Working Group",
      "telecom": [
        {
          "system": "url",
          "value": "https://github.com/ncpi-fhir"
        }
      ]
    },
    {
      "name": "Meen Chul Kim",
      "telecom": [
        {
          "system": "email",
          "value": "meenchul@d3b.center",
          "use": "work"
        }
      ]
    }
  ],
  "description": "Codes that would apply to NCPI projects",
  "compose": {
    "include": [
      {
        "system": "https://nih-ncpi.github.io/ncpi-fhir-ig"
      },
      {
        "system": "https://nih-ncpi.github.io/ncpi-fhir-ig/datatypes"
      }
    ]
  }
}