{
  "resourceType": "ValueSet",
  "id": "loinc-answers",
  "text": {
    "status": "generated",
    "div": "<div xmlns=\"http://www.w3.org/1999/xhtml\"><ul><li>Include all codes defined in <a href=\"CodeSystem-loinc-answers.html\"><code>ncpi:loinc-answers</code></a></li></ul></div>"
  },
  "url": "https://ncpi-fhir.github.io/ncpi-fhir-ig/ValueSet/loinc-answers",
  "version": "0.1.0",
  "name": "LoincAnswers",
  "title": "LOINC Answers",
  "status": "draft",
  "experimental": false,
  "date": "2021-09-14T17:59:08+00:00",
  "publisher": "NCPI FHIR Working Group",
  "contact": [
    {
      "name": "NCPI FHIR Working Group",
      "telecom": [
        {
          "system": "url",
          "value": "https://github.com/ncpi-fhir"
        }
      ]
    },
    {
      "name": "Meen Chul Kim",
      "telecom": [
        {
          "system": "email",
          "value": "meenchul@d3b.center",
          "use": "work"
        }
      ]
    }
  ],
  "description": "LOINC ANSWERS used by NCPI resources",
  "compose": {
    "include": [
      {
        "system": "ncpi:loinc-answers"
      }
    ]
  }
}