<?xml version="1.0" encoding="UTF-8"?>

<ValueSet xmlns="http://hl7.org/fhir">
  <id value="datatable-mappings-valueset-1"/>
  <text>
    <status value="generated"/><div xmlns="http://www.w3.org/1999/xhtml">Placeholder</div>
  </text>
  <url value="https://nih-ncpi.github.io/ncpi-fhir-ig/ValueSet/datatable-mappings-valueset-1"/>
  <version value="0.2.0"/>
  <name value="ExampleStudyTableMappingsVS1"/>
  <title value="Harmonized ValueSet for data table"/>
  <status value="active"/>
  <date value="2023-09-15T21:00:11+00:00"/>
  <publisher value="NCPI FHIR Working Group"/>
  <contact>
    <name value="NCPI FHIR Working Group"/>
    <telecom>
      <system value="url"/>
      <value value="https://github.com/nih-ncpi"/>
    </telecom>
  </contact>
  <contact>
    <name value="Meen Chul Kim"/>
    <telecom>
      <system value="email"/>
      <value value="meenchul@d3b.center"/>
      <use value="work"/>
    </telecom>
  </contact>
  <description value="Public codes mapped from example dataset&#xA;&#xA;The codes used below were chosen purely for example's sake and are in no way an endorsement or suggestion for terms that should be used in a real data-dictionary."/>
  <compose>
    <include>
      <system value="https://uts.nlm.nih.gov/uts/umls"/>
      <concept>
        <code value="C2348584"/>
        <display value="Subject Unique Identifier"/>
      </concept>
      <concept>
        <code value="C0079399"/>
        <display value="Gender"/>
      </concept>
      <concept>
        <code value="C168843"/>
        <display value="Age in Days at Enrollment"/>
      </concept>
      <concept>
        <code value="C1305855"/>
        <display value="Body mass index"/>
      </concept>
      <concept>
        <code value="C0872128"/>
        <display value="case control"/>
      </concept>
    </include>
    <include>
      <system value="http://loinc.org"/>
      <concept>
        <code value="LP35925-4"/>
        <display value="Body mass index (BMI)"/>
      </concept>
    </include>
    <include>
      <system value="http://purl.obolibrary.org/obo/hp.owl"/>
      <concept>
        <code value="HP:0010772"/>
        <display value="Anomalous pulmonary venous return"/>
      </concept>
    </include>
    <include>
      <system value="http://purl.obolibrary.org/obo/mondo.owl"/>
      <concept>
        <code value="0017705"/>
        <display value="congenital pulmonary venous return anomaly"/>
      </concept>
      <concept>
        <code value="0007130"/>
        <display value="congenital total pulmonary venous return anomaly"/>
      </concept>
    </include>
  </compose>
</ValueSet>