<?xml version="1.0" encoding="UTF-8"?>

<ValueSet xmlns="http://hl7.org/fhir">
  <id value="phenotype-codes"/>
  <text>
    <status value="generated"/><div xmlns="http://www.w3.org/1999/xhtml"><ul><li>Include all codes defined in <a href="CodeSystem-hpo.html"><code>http://purl.obolibrary.org/obo/hp.owl</code></a></li></ul></div>
  </text>
  <url value="https://ncpi-fhir.github.io/ncpi-fhir-ig/ValueSet/phenotype-codes"/>
  <version value="0.1.0"/>
  <name value="PhenotypeCodes"/>
  <title value="Phenotype Codes"/>
  <status value="draft"/>
  <experimental value="false"/>
  <date value="2021-12-13T19:23:29+00:00"/>
  <publisher value="NCPI FHIR Working Group"/>
  <contact>
    <name value="NCPI FHIR Working Group"/>
    <telecom>
      <system value="url"/>
      <value value="https://github.com/ncpi-fhir"/>
    </telecom>
  </contact>
  <contact>
    <name value="Meen Chul Kim"/>
    <telecom>
      <system value="email"/>
      <value value="meenchul@d3b.center"/>
      <use value="work"/>
    </telecom>
  </contact>
  <description value="This value set includes all codes from Human Phenotype Ontology."/>
  <compose>
    <include>
      <system value="http://purl.obolibrary.org/obo/hp.owl"/>
    </include>
  </compose>
</ValueSet>