<?xml version="1.0" encoding="UTF-8"?>

<ValueSet xmlns="http://hl7.org/fhir">
  <id value="tbd-codes"/>
  <meta>
    <profile value="http://hl7.org/fhir/StructureDefinition/shareablevalueset"/>
  </meta>
  <text>
    <status value="generated"/><div xmlns="http://www.w3.org/1999/xhtml"><ul><li>Include all codes defined in <a href="CodeSystem-tbd-codes.html"><code>http://hl7.org/fhir/uv/genomics-reporting/CodeSystem/tbd-codes</code></a></li></ul></div>
  </text>
  <extension url="http://hl7.org/fhir/StructureDefinition/structuredefinition-wg">
    <valueCode value="cg"/>
  </extension>
  <url value="http://hl7.org/fhir/uv/genomics-reporting/ValueSet/tbd-codes"/>
  <version value="0.1.0"/>
  <name value="ToBeDeterminedCodes"/>
  <title value="tbd-codes"/>
  <status value="active"/>
  <experimental value="false"/>
  <date value="2019-08-21T00:00:00-04:00"/>
  <publisher value="NCPI FHIR Working Group"/>
  <contact>
    <name value="NCPI FHIR Working Group"/>
    <telecom>
      <system value="url"/>
      <value value="https://github.com/ncpi-fhir"/>
    </telecom>
  </contact>
  <contact>
    <name value="Meen Chul Kim"/>
    <telecom>
      <system value="email"/>
      <value value="meenchul@d3b.center"/>
      <use value="work"/>
    </telecom>
  </contact>
  <description value="This value set includes all TBD Codes"/>
  <compose>
    <include>
      <system value="http://hl7.org/fhir/uv/genomics-reporting/CodeSystem/tbd-codes"/>
    </include>
  </compose>
</ValueSet>