{
  "resourceType": "CodeSystem",
  "id": "loinc-answers",
  "text": {
    "status": "generated",
    "div": "<div xmlns=\"http://www.w3.org/1999/xhtml\"><p>This code system ncpi:loinc-answers defines the following codes:</p><table class=\"codes\"><tr><td style=\"white-space:nowrap\"><b>Code</b></td><td><b>Display</b></td></tr><tr><td style=\"white-space:nowrap\">LA21254-0<a name=\"loinc-answers-LA21254-0\"> </a></td><td>Chromosome 1</td></tr><tr><td style=\"white-space:nowrap\">LA21255-7<a name=\"loinc-answers-LA21255-7\"> </a></td><td>Chromosome 2</td></tr><tr><td style=\"white-space:nowrap\">LA21256-5<a name=\"loinc-answers-LA21256-5\"> </a></td><td>Chromosome 3</td></tr><tr><td style=\"white-space:nowrap\">LA21257-3<a name=\"loinc-answers-LA21257-3\"> </a></td><td>Chromosome 4</td></tr><tr><td style=\"white-space:nowrap\">LA21258-1<a name=\"loinc-answers-LA21258-1\"> </a></td><td>Chromosome 5</td></tr><tr><td style=\"white-space:nowrap\">LA21259-9<a name=\"loinc-answers-LA21259-9\"> </a></td><td>Chromosome 6</td></tr><tr><td style=\"white-space:nowrap\">LA21260-7<a name=\"loinc-answers-LA21260-7\"> </a></td><td>Chromosome 7</td></tr><tr><td style=\"white-space:nowrap\">LA21261-5<a name=\"loinc-answers-LA21261-5\"> </a></td><td>Chromosome 8</td></tr><tr><td style=\"white-space:nowrap\">LA21262-3<a name=\"loinc-answers-LA21262-3\"> </a></td><td>Chromosome 9</td></tr><tr><td style=\"white-space:nowrap\">LA21263-1<a name=\"loinc-answers-LA21263-1\"> </a></td><td>Chromosome 10</td></tr><tr><td style=\"white-space:nowrap\">LA21264-9<a name=\"loinc-answers-LA21264-9\"> </a></td><td>Chromosome 11</td></tr><tr><td style=\"white-space:nowrap\">LA21265-6<a name=\"loinc-answers-LA21265-6\"> </a></td><td>Chromosome 12</td></tr><tr><td style=\"white-space:nowrap\">LA21266-4<a name=\"loinc-answers-LA21266-4\"> </a></td><td>Chromosome 13</td></tr><tr><td style=\"white-space:nowrap\">LA21267-2<a name=\"loinc-answers-LA21267-2\"> </a></td><td>Chromosome 14</td></tr><tr><td style=\"white-space:nowrap\">LA21268-0<a name=\"loinc-answers-LA21268-0\"> </a></td><td>Chromosome 15</td></tr><tr><td style=\"white-space:nowrap\">LA21269-8<a name=\"loinc-answers-LA21269-8\"> </a></td><td>Chromosome 16</td></tr><tr><td style=\"white-space:nowrap\">LA21270-6<a name=\"loinc-answers-LA21270-6\"> </a></td><td>Chromosome 17</td></tr><tr><td style=\"white-space:nowrap\">LA21271-4<a name=\"loinc-answers-LA21271-4\"> </a></td><td>Chromosome 18</td></tr><tr><td style=\"white-space:nowrap\">LA21272-2<a name=\"loinc-answers-LA21272-2\"> </a></td><td>Chromosome 19</td></tr><tr><td style=\"white-space:nowrap\">LA21273-0<a name=\"loinc-answers-LA21273-0\"> </a></td><td>Chromosome 20</td></tr><tr><td style=\"white-space:nowrap\">LA21274-8<a name=\"loinc-answers-LA21274-8\"> </a></td><td>Chromosome 21</td></tr><tr><td style=\"white-space:nowrap\">LA21275-5<a name=\"loinc-answers-LA21275-5\"> </a></td><td>Chromosome 22</td></tr><tr><td style=\"white-space:nowrap\">LA21276-3<a name=\"loinc-answers-LA21276-3\"> </a></td><td>Chromosome X</td></tr><tr><td style=\"white-space:nowrap\">LA21277-1<a name=\"loinc-answers-LA21277-1\"> </a></td><td>Chromosome Y</td></tr></table></div>"
  },
  "url": "ncpi:loinc-answers",
  "version": "0.1.0",
  "name": "LoincAnswers",
  "title": "LOINC Answers",
  "status": "draft",
  "experimental": false,
  "date": "2021-04-29T15:00:34-05:00",
  "publisher": "NCPI FHIR Working Group",
  "contact": [
    {
      "name": "NCPI FHIR Working Group",
      "telecom": [
        {
          "system": "url",
          "value": "https://github.com/ncpi-fhir"
        }
      ]
    },
    {
      "name": "Meen Chul Kim",
      "telecom": [
        {
          "system": "email",
          "value": "meenchul@d3b.center",
          "use": "work"
        }
      ]
    }
  ],
  "description": "LOINC ANSWERS used by NCPI resources",
  "caseSensitive": true,
  "content": "complete",
  "count": 24,
  "concept": [
    {
      "code": "LA21254-0",
      "display": "Chromosome 1"
    },
    {
      "code": "LA21255-7",
      "display": "Chromosome 2"
    },
    {
      "code": "LA21256-5",
      "display": "Chromosome 3"
    },
    {
      "code": "LA21257-3",
      "display": "Chromosome 4"
    },
    {
      "code": "LA21258-1",
      "display": "Chromosome 5"
    },
    {
      "code": "LA21259-9",
      "display": "Chromosome 6"
    },
    {
      "code": "LA21260-7",
      "display": "Chromosome 7"
    },
    {
      "code": "LA21261-5",
      "display": "Chromosome 8"
    },
    {
      "code": "LA21262-3",
      "display": "Chromosome 9"
    },
    {
      "code": "LA21263-1",
      "display": "Chromosome 10"
    },
    {
      "code": "LA21264-9",
      "display": "Chromosome 11"
    },
    {
      "code": "LA21265-6",
      "display": "Chromosome 12"
    },
    {
      "code": "LA21266-4",
      "display": "Chromosome 13"
    },
    {
      "code": "LA21267-2",
      "display": "Chromosome 14"
    },
    {
      "code": "LA21268-0",
      "display": "Chromosome 15"
    },
    {
      "code": "LA21269-8",
      "display": "Chromosome 16"
    },
    {
      "code": "LA21270-6",
      "display": "Chromosome 17"
    },
    {
      "code": "LA21271-4",
      "display": "Chromosome 18"
    },
    {
      "code": "LA21272-2",
      "display": "Chromosome 19"
    },
    {
      "code": "LA21273-0",
      "display": "Chromosome 20"
    },
    {
      "code": "LA21274-8",
      "display": "Chromosome 21"
    },
    {
      "code": "LA21275-5",
      "display": "Chromosome 22"
    },
    {
      "code": "LA21276-3",
      "display": "Chromosome X"
    },
    {
      "code": "LA21277-1",
      "display": "Chromosome Y"
    }
  ]
}