{"resourceType":"ActivityDefinition","id":"example-study-data-dictionary-table-1","meta":{"profile":["https://nih-ncpi.github.io/ncpi-fhir-ig/StructureDefinition/study-data-dictionary-table"]},"url":"https://nih-ncpi.github.io/ncpi-fhir-ig/ActivityDefinition/example-study-data-dictionary-table-1","version":"0.2.0","status":"active","date":"2022-11-28T21:06:44+00:00","publisher":"NCPI FHIR Working Group","contact":[{"name":"NCPI FHIR Working Group","telecom":[{"system":"url","value":"https://github.com/nih-ncpi"}]},{"name":"Meen Chul Kim","telecom":[{"system":"email","value":"meenchul@d3b.center","use":"work"}]}],"topic":[{"coding":[{"system":"https://uts.nlm.nih.gov/uts/umls","code":"C0035168","display":"Research"}]}],"code":{"coding":[{"system":"https://nih-ncpi.github.io/ncpi-fhir-ig/CodeSystem/example-study-data-dictionary-dataset-codesystem-1","code":"demographics","display":"Demographic data"}]},"observationResultRequirement":[{"reference":"ObservationDefinition/example-study-data-dictionary-variable-1-1"},{"reference":"ObservationDefinition/example-study-data-dictionary-variable-1-2"},{"reference":"ObservationDefinition/example-study-data-dictionary-variable-1-3"},{"reference":"ObservationDefinition/example-study-data-dictionary-variable-1-4"}]}