{"resourceType":"ImplementationGuide","id":"NCPI-FHIR-Implementation-Guide","text":{"status":"extensions","div":"<div xmlns=\"http://www.w3.org/1999/xhtml\"><h2>NCPIFHIRImplementationGuide</h2><p>The official URL for this implementation guide is: </p><pre>https://nih-ncpi.github.io/ncpi-fhir-ig/ImplementationGuide/NCPI-FHIR-Implementation-Guide</pre><div><p>FHIR Implementation Guide for the NIH Cloud Platform Interoperability Effort (NCPI).</p>\n</div></div>"},"url":"https://nih-ncpi.github.io/ncpi-fhir-ig/ImplementationGuide/NCPI-FHIR-Implementation-Guide","version":"0.2.0","name":"NCPIFHIRImplementationGuide","title":"NCPI FHIR Implementation Guide","status":"draft","date":"2022-10-11T14:47:05+00:00","publisher":"NCPI FHIR Working Group","contact":[{"name":"NCPI FHIR Working Group","telecom":[{"system":"url","value":"https://github.com/nih-ncpi"}]},{"name":"Meen Chul Kim","telecom":[{"system":"email","value":"meenchul@d3b.center","use":"work"}]}],"description":"FHIR Implementation Guide for the NIH Cloud Platform Interoperability Effort (NCPI).","packageId":"NCPI-FHIR-Implementation-Guide","license":"CC0-1.0","fhirVersion":["4.0.1"],"dependsOn":[{"id":"hl7tx","uri":"http://terminology.hl7.org/ImplementationGuide/hl7.terminology","packageId":"hl7.terminology.r4","version":"4.0.0"},{"id":"hl7_fhir_us_core","uri":"http://hl7.org/fhir/us/core/ImplementationGuide/hl7.fhir.us.core","packageId":"hl7.fhir.us.core","version":"3.1.1"}],"definition":{"extension":[{"extension":[{"url":"code","valueString":"copyrightyear"},{"url":"value","valueString":"2021+"}],"url":"http://hl7.org/fhir/tools/StructureDefinition/ig-parameter"},{"extension":[{"url":"code","valueString":"releaselabel"},{"url":"value","valueString":"ci-build"}],"url":"http://hl7.org/fhir/tools/StructureDefinition/ig-parameter"},{"extension":[{"url":"code","valueString":"path-liquid"},{"url":"value","valueString":"template/liquid"}],"url":"http://hl7.org/fhir/tools/StructureDefinition/ig-parameter"},{"extension":[{"url":"code","valueString":"path-liquid"},{"url":"value","valueString":"input/liquid"}],"url":"http://hl7.org/fhir/tools/StructureDefinition/ig-parameter"},{"extension":[{"url":"code","valueString":"path-qa"},{"url":"value","valueString":"temp/qa"}],"url":"http://hl7.org/fhir/tools/StructureDefinition/ig-parameter"},{"extension":[{"url":"code","valueString":"path-temp"},{"url":"value","valueString":"temp/pages"}],"url":"http://hl7.org/fhir/tools/StructureDefinition/ig-parameter"},{"extension":[{"url":"code","valueString":"path-output"},{"url":"value","valueString":"output"}],"url":"http://hl7.org/fhir/tools/StructureDefinition/ig-parameter"},{"extension":[{"url":"code","valueString":"path-suppressed-warnings"},{"url":"value","valueString":"input/ignoreWarnings.txt"}],"url":"http://hl7.org/fhir/tools/StructureDefinition/ig-parameter"},{"extension":[{"url":"code","valueString":"path-history"},{"url":"value","valueString":"https://nih-ncpi.github.io/ncpi-fhir-ig/history.html"}],"url":"http://hl7.org/fhir/tools/StructureDefinition/ig-parameter"},{"extension":[{"url":"code","valueString":"template-html"},{"url":"value","valueString":"template-page.html"}],"url":"http://hl7.org/fhir/tools/StructureDefinition/ig-parameter"},{"extension":[{"url":"code","valueString":"template-md"},{"url":"value","valueString":"template-page-md.html"}],"url":"http://hl7.org/fhir/tools/StructureDefinition/ig-parameter"},{"extension":[{"url":"code","valueString":"apply-contact"},{"url":"value","valueString":"true"}],"url":"http://hl7.org/fhir/tools/StructureDefinition/ig-parameter"},{"extension":[{"url":"code","valueString":"apply-context"},{"url":"value","valueString":"true"}],"url":"http://hl7.org/fhir/tools/StructureDefinition/ig-parameter"},{"extension":[{"url":"code","valueString":"apply-copyright"},{"url":"value","valueString":"true"}],"url":"http://hl7.org/fhir/tools/StructureDefinition/ig-parameter"},{"extension":[{"url":"code","valueString":"apply-jurisdiction"},{"url":"value","valueString":"true"}],"url":"http://hl7.org/fhir/tools/StructureDefinition/ig-parameter"},{"extension":[{"url":"code","valueString":"apply-license"},{"url":"value","valueString":"true"}],"url":"http://hl7.org/fhir/tools/StructureDefinition/ig-parameter"},{"extension":[{"url":"code","valueString":"apply-publisher"},{"url":"value","valueString":"true"}],"url":"http://hl7.org/fhir/tools/StructureDefinition/ig-parameter"},{"extension":[{"url":"code","valueString":"apply-version"},{"url":"value","valueString":"true"}],"url":"http://hl7.org/fhir/tools/StructureDefinition/ig-parameter"},{"extension":[{"url":"code","valueString":"active-tables"},{"url":"value","valueString":"true"}],"url":"http://hl7.org/fhir/tools/StructureDefinition/ig-parameter"},{"extension":[{"url":"code","valueString":"fmm-definition"},{"url":"value","valueString":"http://hl7.org/fhir/versions.html#maturity"}],"url":"http://hl7.org/fhir/tools/StructureDefinition/ig-parameter"},{"extension":[{"url":"code","valueString":"propagate-status"},{"url":"value","valueString":"true"}],"url":"http://hl7.org/fhir/tools/StructureDefinition/ig-parameter"},{"extension":[{"url":"code","valueString":"excludelogbinaryformat"},{"url":"value","valueString":"true"}],"url":"http://hl7.org/fhir/tools/StructureDefinition/ig-parameter"}],"grouping":[{"id":"-str-profile","name":"Structures: Resource Profiles","description":"These define constraints on FHIR resources for systems conforming to this implementation guide"},{"id":"-str-datatype","name":"Structures: Data Type Profiles","description":"These define constraints on FHIR data types for systems conforming to this implementation guide"},{"id":"-str-extension","name":"Structures: Extension Definitions","description":"These define constraints on FHIR data types for systems conforming to this implementation guide"},{"id":"-term-valueset","name":"Terminology: Value Sets","description":"These define sets of codes used by systems conforming to this implementation guide"},{"id":"-term-codesystem","name":"Terminology: Code Systems","description":"These define new code systems used by systems conforming to this implementation guide"},{"id":"-ex-example","name":"Example: Example Instances","description":"These are example instances that show what data produced and consumed by systems conforming with this implementation guide might look like"}],"resource":[{"extension":[{"url":"http://hl7.org/fhir/StructureDefinition/implementationguide-page","valueUri":"StructureDefinition-ncpi-drs-attachment.html"}],"reference":{"reference":"StructureDefinition/ncpi-drs-attachment"},"name":"DRS Attachment","description":"A FHIR Attachment with a DRS url.","exampleBoolean":false,"groupingId":"-str-datatype"},{"extension":[{"url":"http://hl7.org/fhir/StructureDefinition/implementationguide-page","valueUri":"StructureDefinition-ncpi-drs-document-reference.html"}],"reference":{"reference":"StructureDefinition/ncpi-drs-document-reference"},"name":"DRS Document Reference","description":"A FHIR Document Reference with an embedded DRS URI. See https://github.com/ga4gh/data-repository-service-schemas.","exampleBoolean":false,"groupingId":"-str-profile"},{"extension":[{"url":"http://hl7.org/fhir/StructureDefinition/implementationguide-page","valueUri":"StructureDefinition-disease.html"}],"reference":{"reference":"StructureDefinition/disease"},"name":"NCPI Disease","description":"Representation for a disease under study for a given research dataset.","exampleBoolean":false,"groupingId":"-str-profile"},{"extension":[{"url":"http://hl7.org/fhir/StructureDefinition/implementationguide-page","valueUri":"StructureDefinition-family-relationship.html"}],"reference":{"reference":"StructureDefinition/family-relationship"},"name":"NCPI Family Relationship","description":"Representation of a family relationship.","exampleBoolean":false,"groupingId":"-str-profile"},{"extension":[{"url":"http://hl7.org/fhir/StructureDefinition/implementationguide-page","valueUri":"StructureDefinition-ncpi-research-study.html"}],"reference":{"reference":"StructureDefinition/ncpi-research-study"},"name":"NCPI Research Study","description":"The NCPI Research Study is based upon the core FHIR ResearchStudy resource and shall act as the umbrella under which all study resources can ultimately be found. For the purposes of interoperability, some restrictions have been made to enforce a common mechanism for describing enrollment and provide a simple means for summarizing subject count and consent group membership.","exampleBoolean":false,"groupingId":"-str-profile"},{"extension":[{"url":"http://hl7.org/fhir/StructureDefinition/implementationguide-page","valueUri":"StructureDefinition-phenotype.html"}],"reference":{"reference":"StructureDefinition/phenotype"},"name":"NCPI Phenotype","description":"Representation of phenotypic observations (present or absent)","exampleBoolean":false,"groupingId":"-str-profile"},{"extension":[{"url":"http://hl7.org/fhir/StructureDefinition/implementationguide-page","valueUri":"StructureDefinition-ncpi-research-document-reference.html"}],"reference":{"reference":"StructureDefinition/ncpi-research-document-reference"},"name":"Research Document Reference","description":"A FHIR Document Reference created by an analysis task. Context.related = Task ","exampleBoolean":false,"groupingId":"-str-profile"},{"extension":[{"url":"http://hl7.org/fhir/StructureDefinition/implementationguide-page","valueUri":"StructureDefinition-ncpi-specimen-task.html"}],"reference":{"reference":"StructureDefinition/ncpi-specimen-task"},"name":"Research Task","description":"A FHIR analysis task that takes at least one specimen as input and produces at least one document.","exampleBoolean":false,"groupingId":"-str-profile"},{"extension":[{"url":"http://hl7.org/fhir/StructureDefinition/implementationguide-page","valueUri":"StructureDefinition-study-group.html"}],"reference":{"reference":"StructureDefinition/study-group"},"name":"NCPI Study Group","description":"Grouping subject participation within a research study is helpful to provide definitive lists of participants that fit a specific criteria such as *All Participants* or *Participants From a Particular Consent Group*, etc. ","exampleBoolean":false,"groupingId":"-str-profile"},{"extension":[{"url":"http://hl7.org/fhir/StructureDefinition/implementationguide-page","valueUri":"StructureDefinition-supporting-info.html"}],"reference":{"reference":"StructureDefinition/supporting-info"},"name":"Supporting Information","description":"Additional information relevant to interpreting/understanding the report.","exampleBoolean":false,"groupingId":"-str-extension"},{"extension":[{"url":"http://hl7.org/fhir/StructureDefinition/implementationguide-page","valueUri":"ValueSet-condition-inheritance-vs.html"}],"reference":{"reference":"ValueSet/condition-inheritance-vs"},"name":"Condition Inheritance Pattern","description":"Value Set for specific ttransmission patterns of a condition in a pedigree","exampleBoolean":false,"groupingId":"-term-valueset"},{"extension":[{"url":"http://hl7.org/fhir/StructureDefinition/implementationguide-page","valueUri":"ValueSet-disease-codes.html"}],"reference":{"reference":"ValueSet/disease-codes"},"name":"Disease Codes","description":"This value set includes all codes from this FHIR server's representation of OMIM, Mondo and NICt CodeSystems.","exampleBoolean":false,"groupingId":"-term-valueset"},{"extension":[{"url":"http://hl7.org/fhir/StructureDefinition/implementationguide-page","valueUri":"ValueSet-loinc-answers.html"}],"reference":{"reference":"ValueSet/loinc-answers"},"name":"LOINC Answers","description":"LOINC ANSWERS used by NCPI resources","exampleBoolean":false,"groupingId":"-term-valueset"},{"extension":[{"url":"http://hl7.org/fhir/StructureDefinition/implementationguide-page","valueUri":"ValueSet-ncpi-vs.html"}],"reference":{"reference":"ValueSet/ncpi-vs"},"name":"NCPI FHIR Codes","description":"Codes that would apply to NCPI projects","exampleBoolean":false,"groupingId":"-term-valueset"},{"extension":[{"url":"http://hl7.org/fhir/StructureDefinition/implementationguide-page","valueUri":"ValueSet-phenotype-codes.html"}],"reference":{"reference":"ValueSet/phenotype-codes"},"name":"Phenotype Codes","description":"This value set includes all codes from Human Phenotype Ontology.","exampleBoolean":false,"groupingId":"-term-valueset"},{"extension":[{"url":"http://hl7.org/fhir/StructureDefinition/implementationguide-page","valueUri":"ValueSet-tbd-codes.html"}],"reference":{"reference":"ValueSet/tbd-codes"},"name":"tbd-codes","description":"This value set includes all TBD Codes","exampleBoolean":false,"groupingId":"-term-valueset"},{"extension":[{"url":"http://hl7.org/fhir/StructureDefinition/implementationguide-page","valueUri":"CodeSystem-ConditionInheritanceMode.html"}],"reference":{"reference":"CodeSystem/ConditionInheritanceMode"},"name":"Condition Inheritance Pattern","description":"A set of terms that describe the transmission pattern of a condition in a pedigree.","exampleBoolean":false,"groupingId":"-term-codesystem"},{"extension":[{"url":"http://hl7.org/fhir/StructureDefinition/implementationguide-page","valueUri":"CodeSystem-hpo.html"}],"reference":{"reference":"CodeSystem/hpo"},"name":"Human Phenotype Ontology","description":"The Human Phenotype Ontology (HPO) provides a standardized vocabulary of phenotypic abnormalities encountered in human disease. Please see license of HPO at http://www.human-phenotype-ontology.org","exampleBoolean":false,"groupingId":"-term-codesystem"},{"extension":[{"url":"http://hl7.org/fhir/StructureDefinition/implementationguide-page","valueUri":"CodeSystem-v3-hgvs.html"}],"reference":{"reference":"CodeSystem/v3-hgvs"},"name":"Human Genome Variation Society nomenclature","description":"HGVS nomenclatures are the guidelines for mutation nomenclature made by the Human Genome Variation Society.\n\nHGVS nomenclature can be used with the HL7 coded data type (code data type that accepts expression data, or a coded expression data type). This coded data type should be able to distinguish expressions in HGVS nomenclature from coded concepts. For example, in the HL7 messages specified according to the HL7 V2 Clinical Genomics Fully LOINC-Qualified Genetic Variation Model, HGVS nomenclature can be used to as the observation values for DNA sequence variations. For example, OBX|1|CWE|48004-6^DNA Sequence Variation^LN||c.1129C>T^^HGVS|\n\nVersioning information: The HGVS nomenclature for the description of sequence variants was last modified Feb 20, 2008. The HGVS nomenclature for the description of protein sequence variants was last modified May 12, 2007. The HGVS nomenclature for the description of DNA sequence variants was last modified June 15, 2007 The HGVS nomenclature for the description of RNA sequence variants was last modified May 12, 2007\n\nHGVS nomenclatures can be used freely by the public.","exampleBoolean":false,"groupingId":"-term-codesystem"},{"extension":[{"url":"http://hl7.org/fhir/StructureDefinition/implementationguide-page","valueUri":"CodeSystem-loinc-answers.html"}],"reference":{"reference":"CodeSystem/loinc-answers"},"name":"LOINC Answers","description":"LOINC ANSWERS used by NCPI resources","exampleBoolean":false,"groupingId":"-term-codesystem"},{"extension":[{"url":"http://hl7.org/fhir/StructureDefinition/implementationguide-page","valueUri":"CodeSystem-mondo.html"}],"reference":{"reference":"CodeSystem/mondo"},"name":"Mondo Disease Ontology","description":"The Mondo Disease Ontology (Mondo) aims to harmonize disease definitions across the world. The name Mondo comes from the latin word 'mundus' and means 'for the world.'","exampleBoolean":false,"groupingId":"-term-codesystem"},{"extension":[{"url":"http://hl7.org/fhir/StructureDefinition/implementationguide-page","valueUri":"CodeSystem-ncit.html"}],"reference":{"reference":"CodeSystem/ncit"},"name":"NCI Thesaurus","description":"NCI Thesaurus (NCIt) provides reference terminology for many NCI and other systems. It covers vocabulary for clinical care, translational and basic research, and public information and administrative activities.","exampleBoolean":false,"groupingId":"-term-codesystem"},{"extension":[{"url":"http://hl7.org/fhir/StructureDefinition/implementationguide-page","valueUri":"CodeSystem-ncpi.html"}],"reference":{"reference":"CodeSystem/ncpi"},"name":"NCPI FHIR Codes","description":"Codes that would apply to NCPI projects","exampleBoolean":false,"groupingId":"-term-codesystem"},{"extension":[{"url":"http://hl7.org/fhir/StructureDefinition/implementationguide-page","valueUri":"CodeSystem-ncpi-data-types.html"}],"reference":{"reference":"CodeSystem/ncpi-data-types"},"name":"Data Types for NCPI Research","description":"Data Types for NCPI Research","exampleBoolean":false,"groupingId":"-term-codesystem"},{"extension":[{"url":"http://hl7.org/fhir/StructureDefinition/implementationguide-page","valueUri":"CodeSystem-omim.html"}],"reference":{"reference":"CodeSystem/omim"},"name":"Online Mendelian Inheritance in Man","description":"An online database that describes the function and phenotypes associated with human genes","exampleBoolean":false,"groupingId":"-term-codesystem"},{"extension":[{"url":"http://hl7.org/fhir/StructureDefinition/implementationguide-page","valueUri":"CodeSystem-tbd-codes.html"}],"reference":{"reference":"CodeSystem/tbd-codes"},"name":"ToBeDeterminedCodes ('TbdCodes')","description":"These codes are currently 'TBD-LOINC' codes. The CG WG is requesting formal LOINC codes.","exampleBoolean":false,"groupingId":"-term-codesystem"},{"extension":[{"url":"http://hl7.org/fhir/StructureDefinition/implementationguide-page","valueUri":"Observation-anvil-summary-cmg.html"}],"reference":{"reference":"Observation/anvil-summary-cmg"},"name":"Summary detail for Center for Mendelian Genomics","description":"Summary detail for Center for Mendelian Genomics","exampleBoolean":true,"groupingId":"-ex-example"},{"extension":[{"url":"http://hl7.org/fhir/StructureDefinition/implementationguide-page","valueUri":"Observation-anvil-summary-phs000711.html"}],"reference":{"reference":"Observation/anvil-summary-phs000711"},"name":"Baylor Hopkins Center for Mendelian Genomics (BH CMG)","description":"Baylor Hopkins Center for Mendelian Genomics (BH CMG)","exampleBoolean":true,"groupingId":"-ex-example"},{"extension":[{"url":"http://hl7.org/fhir/StructureDefinition/implementationguide-page","valueUri":"Observation-diagnostic-implication-1.html"}],"reference":{"reference":"Observation/diagnostic-implication-1"},"name":"diagnostic-implication-1","description":"Example representation of a known variant found during genetic testing","exampleBoolean":true,"groupingId":"-ex-example"},{"extension":[{"url":"http://hl7.org/fhir/StructureDefinition/implementationguide-page","valueUri":"DiagnosticReport-diagnostic-report-1.html"}],"reference":{"reference":"DiagnosticReport/diagnostic-report-1"},"name":"diagnostic-report-1","description":"Example of a DiagnosticReport which aggregates genetic findings for a given test or run","exampleBoolean":true,"groupingId":"-ex-example"},{"extension":[{"url":"http://hl7.org/fhir/StructureDefinition/implementationguide-page","valueUri":"Condition-disease-example-1.html"}],"reference":{"reference":"Condition/disease-example-1"},"name":"disease-example-1","description":"Example of the representation of Disease.","exampleCanonical":"https://nih-ncpi.github.io/ncpi-fhir-ig/StructureDefinition/disease","groupingId":"-ex-example"},{"extension":[{"url":"http://hl7.org/fhir/StructureDefinition/implementationguide-page","valueUri":"DocumentReference-drs-document-reference-example-1.html"}],"reference":{"reference":"DocumentReference/drs-document-reference-example-1"},"name":"drs-document-reference-example-1","description":"Example of the representation of DRS Document Reference.","exampleCanonical":"https://nih-ncpi.github.io/ncpi-fhir-ig/StructureDefinition/ncpi-drs-document-reference","groupingId":"-ex-example"},{"extension":[{"url":"http://hl7.org/fhir/StructureDefinition/implementationguide-page","valueUri":"Observation-family-relationship-example-1.html"}],"reference":{"reference":"Observation/family-relationship-example-1"},"name":"family-relationship-example-1","description":"Example of the representation of Family Relationship.","exampleCanonical":"https://nih-ncpi.github.io/ncpi-fhir-ig/StructureDefinition/family-relationship","groupingId":"-ex-example"},{"extension":[{"url":"http://hl7.org/fhir/StructureDefinition/implementationguide-page","valueUri":"Observation-family-relationship-example-2.html"}],"reference":{"reference":"Observation/family-relationship-example-2"},"name":"family-relationship-example-2","description":"Example of the representation of Family Relationship.","exampleCanonical":"https://nih-ncpi.github.io/ncpi-fhir-ig/StructureDefinition/family-relationship","groupingId":"-ex-example"},{"extension":[{"url":"http://hl7.org/fhir/StructureDefinition/implementationguide-page","valueUri":"Observation-family-relationship-example-3.html"}],"reference":{"reference":"Observation/family-relationship-example-3"},"name":"family-relationship-example-3","description":"Example of the representation of Family Relationship.","exampleCanonical":"https://nih-ncpi.github.io/ncpi-fhir-ig/StructureDefinition/family-relationship","groupingId":"-ex-example"},{"extension":[{"url":"http://hl7.org/fhir/StructureDefinition/implementationguide-page","valueUri":"Observation-family-relationship-example-4.html"}],"reference":{"reference":"Observation/family-relationship-example-4"},"name":"family-relationship-example-4","description":"Example of the representation of Family Relationship.","exampleCanonical":"https://nih-ncpi.github.io/ncpi-fhir-ig/StructureDefinition/family-relationship","groupingId":"-ex-example"},{"extension":[{"url":"http://hl7.org/fhir/StructureDefinition/implementationguide-page","valueUri":"ResearchStudy-ncpi-research-study-01.html"}],"reference":{"reference":"ResearchStudy/ncpi-research-study-01"},"name":"ncpi-research-study-01","description":"An example research study","exampleCanonical":"https://nih-ncpi.github.io/ncpi-fhir-ig/StructureDefinition/ncpi-research-study","groupingId":"-ex-example"},{"extension":[{"url":"http://hl7.org/fhir/StructureDefinition/implementationguide-page","valueUri":"Group-ncpi-research-study-01-group-01-main.html"}],"reference":{"reference":"Group/ncpi-research-study-01-group-01-main"},"name":"ncpi-research-study-01-group-01-main","description":"Study 01's complete enrollment","exampleCanonical":"https://nih-ncpi.github.io/ncpi-fhir-ig/StructureDefinition/study-group","groupingId":"-ex-example"},{"extension":[{"url":"http://hl7.org/fhir/StructureDefinition/implementationguide-page","valueUri":"Patient-ncpi-research-study-01-patient-01.html"}],"reference":{"reference":"Patient/ncpi-research-study-01-patient-01"},"name":"ncpi-research-study-01-patient-01","description":"Example of a patient from study 01","exampleBoolean":true,"groupingId":"-ex-example"},{"extension":[{"url":"http://hl7.org/fhir/StructureDefinition/implementationguide-page","valueUri":"Patient-ncpi-research-study-01-patient-02.html"}],"reference":{"reference":"Patient/ncpi-research-study-01-patient-02"},"name":"ncpi-research-study-01-patient-02","description":"Example of a patient from study 02","exampleBoolean":true,"groupingId":"-ex-example"},{"extension":[{"url":"http://hl7.org/fhir/StructureDefinition/implementationguide-page","valueUri":"Organization-organization-example-1.html"}],"reference":{"reference":"Organization/organization-example-1"},"name":"organization-example-1","description":"Example of the representation of Organization.","exampleBoolean":true,"groupingId":"-ex-example"},{"extension":[{"url":"http://hl7.org/fhir/StructureDefinition/implementationguide-page","valueUri":"Patient-patient-example-1.html"}],"reference":{"reference":"Patient/patient-example-1"},"name":"patient-example-1","description":"Example of the representation of Patient.","exampleBoolean":true,"groupingId":"-ex-example"},{"extension":[{"url":"http://hl7.org/fhir/StructureDefinition/implementationguide-page","valueUri":"Patient-patient-example-2.html"}],"reference":{"reference":"Patient/patient-example-2"},"name":"patient-example-2","description":"Example of the representation of Patient.","exampleBoolean":true,"groupingId":"-ex-example"},{"extension":[{"url":"http://hl7.org/fhir/StructureDefinition/implementationguide-page","valueUri":"Patient-patient-example-3.html"}],"reference":{"reference":"Patient/patient-example-3"},"name":"patient-example-3","description":"Example of the representation of Patient.","exampleBoolean":true,"groupingId":"-ex-example"},{"extension":[{"url":"http://hl7.org/fhir/StructureDefinition/implementationguide-page","valueUri":"Condition-phenotype-example-1.html"}],"reference":{"reference":"Condition/phenotype-example-1"},"name":"phenotype-example-1","description":"Example of the representation of observed Phenotype.","exampleCanonical":"https://nih-ncpi.github.io/ncpi-fhir-ig/StructureDefinition/phenotype","groupingId":"-ex-example"},{"extension":[{"url":"http://hl7.org/fhir/StructureDefinition/implementationguide-page","valueUri":"Practitioner-practitioner-example-1.html"}],"reference":{"reference":"Practitioner/practitioner-example-1"},"name":"practitioner-example-1","description":"Example of the representation of Practitioner.","exampleBoolean":true,"groupingId":"-ex-example"},{"extension":[{"url":"http://hl7.org/fhir/StructureDefinition/implementationguide-page","valueUri":"PractitionerRole-practitioner-role-example-1.html"}],"reference":{"reference":"PractitionerRole/practitioner-role-example-1"},"name":"practitioner-role-example-1","description":"Example of the representation of Practitioner Role.","exampleBoolean":true,"groupingId":"-ex-example"},{"extension":[{"url":"http://hl7.org/fhir/StructureDefinition/implementationguide-page","valueUri":"DocumentReference-research-document-reference-example-1.html"}],"reference":{"reference":"DocumentReference/research-document-reference-example-1"},"name":"research-document-reference-example-1","description":"Example of the representation of Research Document Reference.","exampleCanonical":"https://nih-ncpi.github.io/ncpi-fhir-ig/StructureDefinition/ncpi-research-document-reference","groupingId":"-ex-example"},{"extension":[{"url":"http://hl7.org/fhir/StructureDefinition/implementationguide-page","valueUri":"ResearchStudy-research-study-cmg.html"}],"reference":{"reference":"ResearchStudy/research-study-cmg"},"name":"research-study-cmg","description":"Center for Mendelian Genomics","exampleBoolean":true,"groupingId":"-ex-example"},{"extension":[{"url":"http://hl7.org/fhir/StructureDefinition/implementationguide-page","valueUri":"ResearchStudy-research-study-example-1.html"}],"reference":{"reference":"ResearchStudy/research-study-example-1"},"name":"research-study-example-1","description":"Example of the representation of Research Study.","exampleBoolean":true,"groupingId":"-ex-example"},{"extension":[{"url":"http://hl7.org/fhir/StructureDefinition/implementationguide-page","valueUri":"ResearchStudy-research-study-phs000711.html"}],"reference":{"reference":"ResearchStudy/research-study-phs000711"},"name":"research-study-phs000711","description":"Baylor Hopkins Center for Mendelian Genomics (BH CMG)","exampleBoolean":true,"groupingId":"-ex-example"},{"extension":[{"url":"http://hl7.org/fhir/StructureDefinition/implementationguide-page","valueUri":"ResearchSubject-research-subject-example-1.html"}],"reference":{"reference":"ResearchSubject/research-subject-example-1"},"name":"research-subject-example-1","description":"Example of the representation of Research Subject.","exampleBoolean":true,"groupingId":"-ex-example"},{"extension":[{"url":"http://hl7.org/fhir/StructureDefinition/implementationguide-page","valueUri":"ResearchSubject-research-subject-example-2.html"}],"reference":{"reference":"ResearchSubject/research-subject-example-2"},"name":"research-subject-example-2","description":"Example of the representation of Research Subject.","exampleBoolean":true,"groupingId":"-ex-example"},{"extension":[{"url":"http://hl7.org/fhir/StructureDefinition/implementationguide-page","valueUri":"ResearchSubject-research-subject-example-3.html"}],"reference":{"reference":"ResearchSubject/research-subject-example-3"},"name":"research-subject-example-3","description":"Example of the representation of Research Subject.","exampleBoolean":true,"groupingId":"-ex-example"},{"extension":[{"url":"http://hl7.org/fhir/StructureDefinition/implementationguide-page","valueUri":"ResearchSubject-research-subject-study-01-patient-01.html"}],"reference":{"reference":"ResearchSubject/research-subject-study-01-patient-01"},"name":"research-subject-study-01-patient-01","description":"Example representation of a research subject","exampleBoolean":true,"groupingId":"-ex-example"},{"extension":[{"url":"http://hl7.org/fhir/StructureDefinition/implementationguide-page","valueUri":"ResearchSubject-research-subject-study-01-patient-02.html"}],"reference":{"reference":"ResearchSubject/research-subject-study-01-patient-02"},"name":"research-subject-study-01-patient-02","description":"Example representation of a research subject","exampleBoolean":true,"groupingId":"-ex-example"},{"extension":[{"url":"http://hl7.org/fhir/StructureDefinition/implementationguide-page","valueUri":"Specimen-specimen-example-1.html"}],"reference":{"reference":"Specimen/specimen-example-1"},"name":"specimen-example-1","description":"Example of the representation of Specimen.","exampleBoolean":true,"groupingId":"-ex-example"},{"extension":[{"url":"http://hl7.org/fhir/StructureDefinition/implementationguide-page","valueUri":"Task-task-example-1.html"}],"reference":{"reference":"Task/task-example-1"},"name":"task-example-1","description":"Example of the representation of Task.","exampleBoolean":true,"groupingId":"-ex-example"},{"extension":[{"url":"http://hl7.org/fhir/StructureDefinition/implementationguide-page","valueUri":"Task-task-example-2.html"}],"reference":{"reference":"Task/task-example-2"},"name":"task-example-2","description":"Example of the representation of Task that points to a ResearchDocumentReference.","exampleCanonical":"https://nih-ncpi.github.io/ncpi-fhir-ig/StructureDefinition/ncpi-specimen-task","groupingId":"-ex-example"},{"extension":[{"url":"http://hl7.org/fhir/StructureDefinition/implementationguide-page","valueUri":"Observation-variant-example-1.html"}],"reference":{"reference":"Observation/variant-example-1"},"name":"variant-example-1","description":"Example of a fhir representation of a variant","exampleBoolean":true,"groupingId":"-ex-example"}],"page":{"extension":[{"url":"http://hl7.org/fhir/tools/StructureDefinition/ig-page-name","valueUrl":"toc.html"}],"nameUrl":"toc.html","title":"Table of Contents","generation":"html","page":[{"extension":[{"url":"http://hl7.org/fhir/tools/StructureDefinition/ig-page-name","valueUrl":"index.html"}],"nameUrl":"index.html","title":"Home","generation":"markdown"},{"extension":[{"url":"http://hl7.org/fhir/tools/StructureDefinition/ig-page-name","valueUrl":"authors.html"}],"nameUrl":"authors.html","title":"Authors","generation":"markdown"},{"extension":[{"url":"http://hl7.org/fhir/tools/StructureDefinition/ig-page-name","valueUrl":"background.html"}],"nameUrl":"background.html","title":"Background","generation":"markdown"},{"extension":[{"url":"http://hl7.org/fhir/tools/StructureDefinition/ig-page-name","valueUrl":"childhood_cancer.html"}],"nameUrl":"childhood_cancer.html","title":"Childhood Cancer","generation":"markdown"},{"extension":[{"url":"http://hl7.org/fhir/tools/StructureDefinition/ig-page-name","valueUrl":"contact.html"}],"nameUrl":"contact.html","title":"Contact","generation":"markdown"},{"extension":[{"url":"http://hl7.org/fhir/tools/StructureDefinition/ig-page-name","valueUrl":"downloads.html"}],"nameUrl":"downloads.html","title":"Downloads","generation":"markdown"},{"extension":[{"url":"http://hl7.org/fhir/tools/StructureDefinition/ig-page-name","valueUrl":"ehr.html"}],"nameUrl":"ehr.html","title":"Ehr","generation":"markdown"},{"extension":[{"url":"http://hl7.org/fhir/tools/StructureDefinition/ig-page-name","valueUrl":"family.html"}],"nameUrl":"family.html","title":"Family","generation":"markdown"},{"extension":[{"url":"http://hl7.org/fhir/tools/StructureDefinition/ig-page-name","valueUrl":"FHIR_Basics.html"}],"nameUrl":"FHIR_Basics.html","title":"FHIR Basics","generation":"markdown"},{"extension":[{"url":"http://hl7.org/fhir/tools/StructureDefinition/ig-page-name","valueUrl":"files.html"}],"nameUrl":"files.html","title":"Files","generation":"markdown"},{"extension":[{"url":"http://hl7.org/fhir/tools/StructureDefinition/ig-page-name","valueUrl":"finding_a_research_study.html"}],"nameUrl":"finding_a_research_study.html","title":"Finding a Research Study","generation":"markdown"},{"extension":[{"url":"http://hl7.org/fhir/tools/StructureDefinition/ig-page-name","valueUrl":"ig_versioning.html"}],"nameUrl":"ig_versioning.html","title":"Ig Versioning","generation":"markdown"},{"extension":[{"url":"http://hl7.org/fhir/tools/StructureDefinition/ig-page-name","valueUrl":"modular_ig.html"}],"nameUrl":"modular_ig.html","title":"Modular Ig","generation":"markdown"},{"extension":[{"url":"http://hl7.org/fhir/tools/StructureDefinition/ig-page-name","valueUrl":"ncpi.html"}],"nameUrl":"ncpi.html","title":"Ncpi","generation":"markdown"},{"extension":[{"url":"http://hl7.org/fhir/tools/StructureDefinition/ig-page-name","valueUrl":"participant.html"}],"nameUrl":"participant.html","title":"Participant","generation":"markdown"},{"extension":[{"url":"http://hl7.org/fhir/tools/StructureDefinition/ig-page-name","valueUrl":"performing_a_genomic_analysis.html"}],"nameUrl":"performing_a_genomic_analysis.html","title":"Performing a Genomic Analysis","generation":"markdown"},{"extension":[{"url":"http://hl7.org/fhir/tools/StructureDefinition/ig-page-name","valueUrl":"rare_disease.html"}],"nameUrl":"rare_disease.html","title":"Rare Disease","generation":"markdown"},{"extension":[{"url":"http://hl7.org/fhir/tools/StructureDefinition/ig-page-name","valueUrl":"research_study.html"}],"nameUrl":"research_study.html","title":"Research Study","generation":"markdown"},{"extension":[{"url":"http://hl7.org/fhir/tools/StructureDefinition/ig-page-name","valueUrl":"study_metadata.html"}],"nameUrl":"study_metadata.html","title":"Study Metadata","generation":"markdown"},{"extension":[{"url":"http://hl7.org/fhir/tools/StructureDefinition/ig-page-name","valueUrl":"study_summary.html"}],"nameUrl":"study_summary.html","title":"Study Summary","generation":"markdown"},{"extension":[{"url":"http://hl7.org/fhir/tools/StructureDefinition/ig-page-name","valueUrl":"tabular.html"}],"nameUrl":"tabular.html","title":"Tabular","generation":"markdown"},{"extension":[{"url":"http://hl7.org/fhir/tools/StructureDefinition/ig-page-name","valueUrl":"use_cases.html"}],"nameUrl":"use_cases.html","title":"Use Cases","generation":"markdown"},{"extension":[{"url":"http://hl7.org/fhir/tools/StructureDefinition/ig-page-name","valueUrl":"using_source_data.html"}],"nameUrl":"using_source_data.html","title":"Using Source Data","generation":"markdown"},{"extension":[{"url":"http://hl7.org/fhir/tools/StructureDefinition/ig-page-name","valueUrl":"artifacts.html"}],"nameUrl":"artifacts.html","title":"Artifacts Summary","generation":"html","page":[{"extension":[{"url":"http://hl7.org/fhir/tools/StructureDefinition/ig-page-name","valueUrl":"StructureDefinition-ncpi-drs-document-reference.html"}],"nameUrl":"StructureDefinition-ncpi-drs-document-reference.html","title":"DRS Document Reference","generation":"generated"},{"extension":[{"url":"http://hl7.org/fhir/tools/StructureDefinition/ig-page-name","valueUrl":"StructureDefinition-disease.html"}],"nameUrl":"StructureDefinition-disease.html","title":"NCPI Disease","generation":"generated"},{"extension":[{"url":"http://hl7.org/fhir/tools/StructureDefinition/ig-page-name","valueUrl":"StructureDefinition-family-relationship.html"}],"nameUrl":"StructureDefinition-family-relationship.html","title":"NCPI Family Relationship","generation":"generated"},{"extension":[{"url":"http://hl7.org/fhir/tools/StructureDefinition/ig-page-name","valueUrl":"StructureDefinition-ncpi-research-study.html"}],"nameUrl":"StructureDefinition-ncpi-research-study.html","title":"NCPI Research Study","generation":"generated"},{"extension":[{"url":"http://hl7.org/fhir/tools/StructureDefinition/ig-page-name","valueUrl":"StructureDefinition-phenotype.html"}],"nameUrl":"StructureDefinition-phenotype.html","title":"NCPI Phenotype","generation":"generated"},{"extension":[{"url":"http://hl7.org/fhir/tools/StructureDefinition/ig-page-name","valueUrl":"StructureDefinition-ncpi-research-document-reference.html"}],"nameUrl":"StructureDefinition-ncpi-research-document-reference.html","title":"Research Document Reference","generation":"generated"},{"extension":[{"url":"http://hl7.org/fhir/tools/StructureDefinition/ig-page-name","valueUrl":"StructureDefinition-ncpi-specimen-task.html"}],"nameUrl":"StructureDefinition-ncpi-specimen-task.html","title":"Research Task","generation":"generated"},{"extension":[{"url":"http://hl7.org/fhir/tools/StructureDefinition/ig-page-name","valueUrl":"StructureDefinition-study-group.html"}],"nameUrl":"StructureDefinition-study-group.html","title":"NCPI Study Group","generation":"generated"},{"extension":[{"url":"http://hl7.org/fhir/tools/StructureDefinition/ig-page-name","valueUrl":"StructureDefinition-ncpi-drs-attachment.html"}],"nameUrl":"StructureDefinition-ncpi-drs-attachment.html","title":"DRS Attachment","generation":"generated"},{"extension":[{"url":"http://hl7.org/fhir/tools/StructureDefinition/ig-page-name","valueUrl":"StructureDefinition-supporting-info.html"}],"nameUrl":"StructureDefinition-supporting-info.html","title":"Supporting Information","generation":"generated"},{"extension":[{"url":"http://hl7.org/fhir/tools/StructureDefinition/ig-page-name","valueUrl":"ValueSet-condition-inheritance-vs.html"}],"nameUrl":"ValueSet-condition-inheritance-vs.html","title":"Condition Inheritance Pattern","generation":"generated"},{"extension":[{"url":"http://hl7.org/fhir/tools/StructureDefinition/ig-page-name","valueUrl":"ValueSet-disease-codes.html"}],"nameUrl":"ValueSet-disease-codes.html","title":"Disease Codes","generation":"generated"},{"extension":[{"url":"http://hl7.org/fhir/tools/StructureDefinition/ig-page-name","valueUrl":"ValueSet-loinc-answers.html"}],"nameUrl":"ValueSet-loinc-answers.html","title":"LOINC Answers","generation":"generated"},{"extension":[{"url":"http://hl7.org/fhir/tools/StructureDefinition/ig-page-name","valueUrl":"ValueSet-ncpi-vs.html"}],"nameUrl":"ValueSet-ncpi-vs.html","title":"NCPI FHIR Codes","generation":"generated"},{"extension":[{"url":"http://hl7.org/fhir/tools/StructureDefinition/ig-page-name","valueUrl":"ValueSet-phenotype-codes.html"}],"nameUrl":"ValueSet-phenotype-codes.html","title":"Phenotype Codes","generation":"generated"},{"extension":[{"url":"http://hl7.org/fhir/tools/StructureDefinition/ig-page-name","valueUrl":"ValueSet-tbd-codes.html"}],"nameUrl":"ValueSet-tbd-codes.html","title":"tbd-codes","generation":"generated"},{"extension":[{"url":"http://hl7.org/fhir/tools/StructureDefinition/ig-page-name","valueUrl":"CodeSystem-ConditionInheritanceMode.html"}],"nameUrl":"CodeSystem-ConditionInheritanceMode.html","title":"Condition Inheritance Pattern","generation":"generated"},{"extension":[{"url":"http://hl7.org/fhir/tools/StructureDefinition/ig-page-name","valueUrl":"CodeSystem-hpo.html"}],"nameUrl":"CodeSystem-hpo.html","title":"Human Phenotype Ontology","generation":"generated"},{"extension":[{"url":"http://hl7.org/fhir/tools/StructureDefinition/ig-page-name","valueUrl":"CodeSystem-v3-hgvs.html"}],"nameUrl":"CodeSystem-v3-hgvs.html","title":"Human Genome Variation Society nomenclature","generation":"generated"},{"extension":[{"url":"http://hl7.org/fhir/tools/StructureDefinition/ig-page-name","valueUrl":"CodeSystem-loinc-answers.html"}],"nameUrl":"CodeSystem-loinc-answers.html","title":"LOINC Answers","generation":"generated"},{"extension":[{"url":"http://hl7.org/fhir/tools/StructureDefinition/ig-page-name","valueUrl":"CodeSystem-mondo.html"}],"nameUrl":"CodeSystem-mondo.html","title":"Mondo Disease Ontology","generation":"generated"},{"extension":[{"url":"http://hl7.org/fhir/tools/StructureDefinition/ig-page-name","valueUrl":"CodeSystem-ncit.html"}],"nameUrl":"CodeSystem-ncit.html","title":"NCI Thesaurus","generation":"generated"},{"extension":[{"url":"http://hl7.org/fhir/tools/StructureDefinition/ig-page-name","valueUrl":"CodeSystem-ncpi.html"}],"nameUrl":"CodeSystem-ncpi.html","title":"NCPI FHIR Codes","generation":"generated"},{"extension":[{"url":"http://hl7.org/fhir/tools/StructureDefinition/ig-page-name","valueUrl":"CodeSystem-ncpi-data-types.html"}],"nameUrl":"CodeSystem-ncpi-data-types.html","title":"Data Types for NCPI Research","generation":"generated"},{"extension":[{"url":"http://hl7.org/fhir/tools/StructureDefinition/ig-page-name","valueUrl":"CodeSystem-omim.html"}],"nameUrl":"CodeSystem-omim.html","title":"Online Mendelian Inheritance in Man","generation":"generated"},{"extension":[{"url":"http://hl7.org/fhir/tools/StructureDefinition/ig-page-name","valueUrl":"CodeSystem-tbd-codes.html"}],"nameUrl":"CodeSystem-tbd-codes.html","title":"ToBeDeterminedCodes ('TbdCodes')","generation":"generated"},{"extension":[{"url":"http://hl7.org/fhir/tools/StructureDefinition/ig-page-name","valueUrl":"Observation-anvil-summary-cmg.html"}],"nameUrl":"Observation-anvil-summary-cmg.html","title":"Summary detail for Center for Mendelian Genomics","generation":"generated"},{"extension":[{"url":"http://hl7.org/fhir/tools/StructureDefinition/ig-page-name","valueUrl":"Observation-anvil-summary-phs000711.html"}],"nameUrl":"Observation-anvil-summary-phs000711.html","title":"Baylor Hopkins Center for Mendelian Genomics (BH CMG)","generation":"generated"},{"extension":[{"url":"http://hl7.org/fhir/tools/StructureDefinition/ig-page-name","valueUrl":"Observation-diagnostic-implication-1.html"}],"nameUrl":"Observation-diagnostic-implication-1.html","title":"diagnostic-implication-1","generation":"generated"},{"extension":[{"url":"http://hl7.org/fhir/tools/StructureDefinition/ig-page-name","valueUrl":"DiagnosticReport-diagnostic-report-1.html"}],"nameUrl":"DiagnosticReport-diagnostic-report-1.html","title":"diagnostic-report-1","generation":"generated"},{"extension":[{"url":"http://hl7.org/fhir/tools/StructureDefinition/ig-page-name","valueUrl":"Condition-disease-example-1.html"}],"nameUrl":"Condition-disease-example-1.html","title":"disease-example-1","generation":"generated"},{"extension":[{"url":"http://hl7.org/fhir/tools/StructureDefinition/ig-page-name","valueUrl":"DocumentReference-drs-document-reference-example-1.html"}],"nameUrl":"DocumentReference-drs-document-reference-example-1.html","title":"drs-document-reference-example-1","generation":"generated"},{"extension":[{"url":"http://hl7.org/fhir/tools/StructureDefinition/ig-page-name","valueUrl":"Observation-family-relationship-example-1.html"}],"nameUrl":"Observation-family-relationship-example-1.html","title":"family-relationship-example-1","generation":"generated"},{"extension":[{"url":"http://hl7.org/fhir/tools/StructureDefinition/ig-page-name","valueUrl":"Observation-family-relationship-example-2.html"}],"nameUrl":"Observation-family-relationship-example-2.html","title":"family-relationship-example-2","generation":"generated"},{"extension":[{"url":"http://hl7.org/fhir/tools/StructureDefinition/ig-page-name","valueUrl":"Observation-family-relationship-example-3.html"}],"nameUrl":"Observation-family-relationship-example-3.html","title":"family-relationship-example-3","generation":"generated"},{"extension":[{"url":"http://hl7.org/fhir/tools/StructureDefinition/ig-page-name","valueUrl":"Observation-family-relationship-example-4.html"}],"nameUrl":"Observation-family-relationship-example-4.html","title":"family-relationship-example-4","generation":"generated"},{"extension":[{"url":"http://hl7.org/fhir/tools/StructureDefinition/ig-page-name","valueUrl":"ResearchStudy-ncpi-research-study-01.html"}],"nameUrl":"ResearchStudy-ncpi-research-study-01.html","title":"ncpi-research-study-01","generation":"generated"},{"extension":[{"url":"http://hl7.org/fhir/tools/StructureDefinition/ig-page-name","valueUrl":"Group-ncpi-research-study-01-group-01-main.html"}],"nameUrl":"Group-ncpi-research-study-01-group-01-main.html","title":"ncpi-research-study-01-group-01-main","generation":"generated"},{"extension":[{"url":"http://hl7.org/fhir/tools/StructureDefinition/ig-page-name","valueUrl":"Patient-ncpi-research-study-01-patient-01.html"}],"nameUrl":"Patient-ncpi-research-study-01-patient-01.html","title":"ncpi-research-study-01-patient-01","generation":"generated"},{"extension":[{"url":"http://hl7.org/fhir/tools/StructureDefinition/ig-page-name","valueUrl":"Patient-ncpi-research-study-01-patient-02.html"}],"nameUrl":"Patient-ncpi-research-study-01-patient-02.html","title":"ncpi-research-study-01-patient-02","generation":"generated"},{"extension":[{"url":"http://hl7.org/fhir/tools/StructureDefinition/ig-page-name","valueUrl":"Organization-organization-example-1.html"}],"nameUrl":"Organization-organization-example-1.html","title":"organization-example-1","generation":"generated"},{"extension":[{"url":"http://hl7.org/fhir/tools/StructureDefinition/ig-page-name","valueUrl":"Patient-patient-example-1.html"}],"nameUrl":"Patient-patient-example-1.html","title":"patient-example-1","generation":"generated"},{"extension":[{"url":"http://hl7.org/fhir/tools/StructureDefinition/ig-page-name","valueUrl":"Patient-patient-example-2.html"}],"nameUrl":"Patient-patient-example-2.html","title":"patient-example-2","generation":"generated"},{"extension":[{"url":"http://hl7.org/fhir/tools/StructureDefinition/ig-page-name","valueUrl":"Patient-patient-example-3.html"}],"nameUrl":"Patient-patient-example-3.html","title":"patient-example-3","generation":"generated"},{"extension":[{"url":"http://hl7.org/fhir/tools/StructureDefinition/ig-page-name","valueUrl":"Condition-phenotype-example-1.html"}],"nameUrl":"Condition-phenotype-example-1.html","title":"phenotype-example-1","generation":"generated"},{"extension":[{"url":"http://hl7.org/fhir/tools/StructureDefinition/ig-page-name","valueUrl":"Practitioner-practitioner-example-1.html"}],"nameUrl":"Practitioner-practitioner-example-1.html","title":"practitioner-example-1","generation":"generated"},{"extension":[{"url":"http://hl7.org/fhir/tools/StructureDefinition/ig-page-name","valueUrl":"PractitionerRole-practitioner-role-example-1.html"}],"nameUrl":"PractitionerRole-practitioner-role-example-1.html","title":"practitioner-role-example-1","generation":"generated"},{"extension":[{"url":"http://hl7.org/fhir/tools/StructureDefinition/ig-page-name","valueUrl":"DocumentReference-research-document-reference-example-1.html"}],"nameUrl":"DocumentReference-research-document-reference-example-1.html","title":"research-document-reference-example-1","generation":"generated"},{"extension":[{"url":"http://hl7.org/fhir/tools/StructureDefinition/ig-page-name","valueUrl":"ResearchStudy-research-study-cmg.html"}],"nameUrl":"ResearchStudy-research-study-cmg.html","title":"research-study-cmg","generation":"generated"},{"extension":[{"url":"http://hl7.org/fhir/tools/StructureDefinition/ig-page-name","valueUrl":"ResearchStudy-research-study-example-1.html"}],"nameUrl":"ResearchStudy-research-study-example-1.html","title":"research-study-example-1","generation":"generated"},{"extension":[{"url":"http://hl7.org/fhir/tools/StructureDefinition/ig-page-name","valueUrl":"ResearchStudy-research-study-phs000711.html"}],"nameUrl":"ResearchStudy-research-study-phs000711.html","title":"research-study-phs000711","generation":"generated"},{"extension":[{"url":"http://hl7.org/fhir/tools/StructureDefinition/ig-page-name","valueUrl":"ResearchSubject-research-subject-example-1.html"}],"nameUrl":"ResearchSubject-research-subject-example-1.html","title":"research-subject-example-1","generation":"generated"},{"extension":[{"url":"http://hl7.org/fhir/tools/StructureDefinition/ig-page-name","valueUrl":"ResearchSubject-research-subject-example-2.html"}],"nameUrl":"ResearchSubject-research-subject-example-2.html","title":"research-subject-example-2","generation":"generated"},{"extension":[{"url":"http://hl7.org/fhir/tools/StructureDefinition/ig-page-name","valueUrl":"ResearchSubject-research-subject-example-3.html"}],"nameUrl":"ResearchSubject-research-subject-example-3.html","title":"research-subject-example-3","generation":"generated"},{"extension":[{"url":"http://hl7.org/fhir/tools/StructureDefinition/ig-page-name","valueUrl":"ResearchSubject-research-subject-study-01-patient-01.html"}],"nameUrl":"ResearchSubject-research-subject-study-01-patient-01.html","title":"research-subject-study-01-patient-01","generation":"generated"},{"extension":[{"url":"http://hl7.org/fhir/tools/StructureDefinition/ig-page-name","valueUrl":"ResearchSubject-research-subject-study-01-patient-02.html"}],"nameUrl":"ResearchSubject-research-subject-study-01-patient-02.html","title":"research-subject-study-01-patient-02","generation":"generated"},{"extension":[{"url":"http://hl7.org/fhir/tools/StructureDefinition/ig-page-name","valueUrl":"Specimen-specimen-example-1.html"}],"nameUrl":"Specimen-specimen-example-1.html","title":"specimen-example-1","generation":"generated"},{"extension":[{"url":"http://hl7.org/fhir/tools/StructureDefinition/ig-page-name","valueUrl":"Task-task-example-1.html"}],"nameUrl":"Task-task-example-1.html","title":"task-example-1","generation":"generated"},{"extension":[{"url":"http://hl7.org/fhir/tools/StructureDefinition/ig-page-name","valueUrl":"Task-task-example-2.html"}],"nameUrl":"Task-task-example-2.html","title":"task-example-2","generation":"generated"},{"extension":[{"url":"http://hl7.org/fhir/tools/StructureDefinition/ig-page-name","valueUrl":"Observation-variant-example-1.html"}],"nameUrl":"Observation-variant-example-1.html","title":"variant-example-1","generation":"generated"}]}]},"parameter":[{"code":"path-resource","value":"input/capabilities"},{"code":"path-resource","value":"input/examples"},{"code":"path-resource","value":"input/extensions"},{"code":"path-resource","value":"input/models"},{"code":"path-resource","value":"input/operations"},{"code":"path-resource","value":"input/profiles"},{"code":"path-resource","value":"input/resources"},{"code":"path-resource","value":"input/vocabulary"},{"code":"path-resource","value":"input/maps"},{"code":"path-resource","value":"input/testing"},{"code":"path-resource","value":"input/history"},{"code":"path-resource","value":"fsh-generated/resources"},{"code":"path-pages","value":"template/config"},{"code":"path-pages","value":"input/images"},{"code":"path-tx-cache","value":"input-cache/txcache"}]}}