{"resourceType":"ImplementationGuide","id":"NCPI-FHIR-Implementation-Guide","text":{"status":"extensions","div":"<div xmlns=\"http://www.w3.org/1999/xhtml\"><h2>NCPIFHIRImplementationGuide</h2><p>The official URL for this implementation guide is: </p><pre>https://ncpi-fhir.github.io/ncpi-fhir-ig/ImplementationGuide/NCPI-FHIR-Implementation-Guide</pre><div><p>FHIR Implementation Guide for the NIH Cloud Platform Interoperability Effort (NCPI).</p>\n</div></div>"},"url":"https://ncpi-fhir.github.io/ncpi-fhir-ig/ImplementationGuide/NCPI-FHIR-Implementation-Guide","version":"0.1.0","name":"NCPIFHIRImplementationGuide","title":"NCPI FHIR Implementation Guide","status":"draft","date":"2021-09-14T17:59:16+00:00","publisher":"NCPI FHIR Working Group","contact":[{"name":"NCPI FHIR Working Group","telecom":[{"system":"url","value":"https://github.com/ncpi-fhir"}]},{"name":"Meen Chul Kim","telecom":[{"system":"email","value":"meenchul@d3b.center","use":"work"}]}],"description":"FHIR Implementation Guide for the NIH Cloud Platform Interoperability Effort (NCPI).","packageId":"NCPI-FHIR-Implementation-Guide","license":"CC0-1.0","fhirVersion":["4.0.1"],"dependsOn":[{"id":"hl7_fhir_us_core","uri":"http://hl7.org/fhir/us/core/ImplementationGuide/hl7.fhir.us.core","packageId":"hl7.fhir.us.core","version":"3.1.1"}],"definition":{"extension":[{"extension":[{"url":"code","valueString":"copyrightyear"},{"url":"value","valueString":"2021+"}],"url":"http://hl7.org/fhir/tools/StructureDefinition/ig-parameter"},{"extension":[{"url":"code","valueString":"releaselabel"},{"url":"value","valueString":"ci-build"}],"url":"http://hl7.org/fhir/tools/StructureDefinition/ig-parameter"},{"extension":[{"url":"code","valueString":"path-liquid"},{"url":"value","valueString":"template/liquid"}],"url":"http://hl7.org/fhir/tools/StructureDefinition/ig-parameter"},{"extension":[{"url":"code","valueString":"path-liquid"},{"url":"value","valueString":"input/liquid"}],"url":"http://hl7.org/fhir/tools/StructureDefinition/ig-parameter"},{"extension":[{"url":"code","valueString":"path-qa"},{"url":"value","valueString":"temp/qa"}],"url":"http://hl7.org/fhir/tools/StructureDefinition/ig-parameter"},{"extension":[{"url":"code","valueString":"path-temp"},{"url":"value","valueString":"temp/pages"}],"url":"http://hl7.org/fhir/tools/StructureDefinition/ig-parameter"},{"extension":[{"url":"code","valueString":"path-output"},{"url":"value","valueString":"output"}],"url":"http://hl7.org/fhir/tools/StructureDefinition/ig-parameter"},{"extension":[{"url":"code","valueString":"path-suppressed-warnings"},{"url":"value","valueString":"input/ignoreWarnings.txt"}],"url":"http://hl7.org/fhir/tools/StructureDefinition/ig-parameter"},{"extension":[{"url":"code","valueString":"path-history"},{"url":"value","valueString":"https://ncpi-fhir.github.io/ncpi-fhir-ig/history.html"}],"url":"http://hl7.org/fhir/tools/StructureDefinition/ig-parameter"},{"extension":[{"url":"code","valueString":"template-html"},{"url":"value","valueString":"template-page.html"}],"url":"http://hl7.org/fhir/tools/StructureDefinition/ig-parameter"},{"extension":[{"url":"code","valueString":"template-md"},{"url":"value","valueString":"template-page-md.html"}],"url":"http://hl7.org/fhir/tools/StructureDefinition/ig-parameter"},{"extension":[{"url":"code","valueString":"apply-contact"},{"url":"value","valueString":"true"}],"url":"http://hl7.org/fhir/tools/StructureDefinition/ig-parameter"},{"extension":[{"url":"code","valueString":"apply-context"},{"url":"value","valueString":"true"}],"url":"http://hl7.org/fhir/tools/StructureDefinition/ig-parameter"},{"extension":[{"url":"code","valueString":"apply-copyright"},{"url":"value","valueString":"true"}],"url":"http://hl7.org/fhir/tools/StructureDefinition/ig-parameter"},{"extension":[{"url":"code","valueString":"apply-jurisdiction"},{"url":"value","valueString":"true"}],"url":"http://hl7.org/fhir/tools/StructureDefinition/ig-parameter"},{"extension":[{"url":"code","valueString":"apply-license"},{"url":"value","valueString":"true"}],"url":"http://hl7.org/fhir/tools/StructureDefinition/ig-parameter"},{"extension":[{"url":"code","valueString":"apply-publisher"},{"url":"value","valueString":"true"}],"url":"http://hl7.org/fhir/tools/StructureDefinition/ig-parameter"},{"extension":[{"url":"code","valueString":"apply-version"},{"url":"value","valueString":"true"}],"url":"http://hl7.org/fhir/tools/StructureDefinition/ig-parameter"},{"extension":[{"url":"code","valueString":"active-tables"},{"url":"value","valueString":"true"}],"url":"http://hl7.org/fhir/tools/StructureDefinition/ig-parameter"}],"grouping":[{"id":"-str-profile","name":"Structures: Resource Profiles","description":"These define constraints on FHIR resources for systems conforming to this implementation guide"},{"id":"-str-datatype","name":"Structures: Data Type Profiles","description":"These define constraints on FHIR data types for systems conforming to this implementation guide"},{"id":"-str-extension","name":"Structures: Extension Definitions","description":"These define constraints on FHIR data types for systems conforming to this implementation guide"},{"id":"-term-valueset","name":"Terminology: Value Sets","description":"These define sets of codes used by systems conforming to this implementation guide"},{"id":"-term-codesystem","name":"Terminology: Code Systems","description":"These define new code systems used by systems conforming to this implementation guide"},{"id":"-ex-example","name":"Example: Example Instances","description":"These are example instances that show what data produced and consumed by systems conforming with this implementation guide might look like"}],"resource":[{"extension":[{"url":"http://hl7.org/fhir/StructureDefinition/implementationguide-page","valueUri":"StructureDefinition-ncpi-drs-attachment.html"}],"reference":{"reference":"StructureDefinition/ncpi-drs-attachment"},"name":"DRS Attachment","description":"A FHIR Attachment with a DRS url.","exampleBoolean":false,"groupingId":"-str-datatype"},{"extension":[{"url":"http://hl7.org/fhir/StructureDefinition/implementationguide-page","valueUri":"StructureDefinition-ncpi-drs-document-reference.html"}],"reference":{"reference":"StructureDefinition/ncpi-drs-document-reference"},"name":"DRS Document Reference","description":"A FHIR Document Reference with an embedded DRS URI. See https://github.com/ga4gh/data-repository-service-schemas.","exampleBoolean":false,"groupingId":"-str-profile"},{"extension":[{"url":"http://hl7.org/fhir/StructureDefinition/implementationguide-page","valueUri":"StructureDefinition-disease.html"}],"reference":{"reference":"StructureDefinition/disease"},"name":"NCPI Disease","description":"Representation for a disease under study for a given research dataset.","exampleBoolean":false,"groupingId":"-str-profile"},{"extension":[{"url":"http://hl7.org/fhir/StructureDefinition/implementationguide-page","valueUri":"StructureDefinition-family-relationship.html"}],"reference":{"reference":"StructureDefinition/family-relationship"},"name":"NCPI Family Relationship","description":"Representation of a family relationship.","exampleBoolean":false,"groupingId":"-str-profile"},{"extension":[{"url":"http://hl7.org/fhir/StructureDefinition/implementationguide-page","valueUri":"StructureDefinition-phenotype.html"}],"reference":{"reference":"StructureDefinition/phenotype"},"name":"NCPI Phenotype","description":"Representation of phenotypic observations (present or absent)","exampleBoolean":false,"groupingId":"-str-profile"},{"extension":[{"url":"http://hl7.org/fhir/StructureDefinition/implementationguide-page","valueUri":"StructureDefinition-supporting-info.html"}],"reference":{"reference":"StructureDefinition/supporting-info"},"name":"Supporting Information","description":"Additional information relevant to interpreting/understanding the report.","exampleBoolean":false,"groupingId":"-str-extension"},{"extension":[{"url":"http://hl7.org/fhir/StructureDefinition/implementationguide-page","valueUri":"ValueSet-condition-inheritance-vs.html"}],"reference":{"reference":"ValueSet/condition-inheritance-vs"},"name":"Condition Inheritance Pattern","description":"Value Set for specific ttransmission patterns of a condition in a pedigree","exampleBoolean":false,"groupingId":"-term-valueset"},{"extension":[{"url":"http://hl7.org/fhir/StructureDefinition/implementationguide-page","valueUri":"ValueSet-disease-codes.html"}],"reference":{"reference":"ValueSet/disease-codes"},"name":"Disease Codes","description":"This value set includes all codes from this FHIR server's representation of OMIM, Mondo and NICt CodeSystems.","exampleBoolean":false,"groupingId":"-term-valueset"},{"extension":[{"url":"http://hl7.org/fhir/StructureDefinition/implementationguide-page","valueUri":"ValueSet-loinc-answers.html"}],"reference":{"reference":"ValueSet/loinc-answers"},"name":"LOINC Answers","description":"LOINC ANSWERS used by NCPI resources","exampleBoolean":false,"groupingId":"-term-valueset"},{"extension":[{"url":"http://hl7.org/fhir/StructureDefinition/implementationguide-page","valueUri":"ValueSet-phenotype-codes.html"}],"reference":{"reference":"ValueSet/phenotype-codes"},"name":"Phenotype Codes","description":"This value set includes all codes from Human Phenotype Ontology.","exampleBoolean":false,"groupingId":"-term-valueset"},{"extension":[{"url":"http://hl7.org/fhir/StructureDefinition/implementationguide-page","valueUri":"ValueSet-tbd-codes.html"}],"reference":{"reference":"ValueSet/tbd-codes"},"name":"tbd-codes","description":"This value set includes all TBD Codes","exampleBoolean":false,"groupingId":"-term-valueset"},{"extension":[{"url":"http://hl7.org/fhir/StructureDefinition/implementationguide-page","valueUri":"CodeSystem-ConditionInheritanceMode.html"}],"reference":{"reference":"CodeSystem/ConditionInheritanceMode"},"name":"Condition Inheritance Pattern","description":"A set of terms that describe the transmission pattern of a condition in a pedigree.","exampleBoolean":false,"groupingId":"-term-codesystem"},{"extension":[{"url":"http://hl7.org/fhir/StructureDefinition/implementationguide-page","valueUri":"CodeSystem-hpo.html"}],"reference":{"reference":"CodeSystem/hpo"},"name":"Human Phenotype Ontology","description":"The Human Phenotype Ontology (HPO) provides a standardized vocabulary of phenotypic abnormalities encountered in human disease. Please see license of HPO at http://www.human-phenotype-ontology.org","exampleBoolean":false,"groupingId":"-term-codesystem"},{"extension":[{"url":"http://hl7.org/fhir/StructureDefinition/implementationguide-page","valueUri":"CodeSystem-v3-hgvs.html"}],"reference":{"reference":"CodeSystem/v3-hgvs"},"name":"Human Genome Variation Society nomenclature","description":"HGVS nomenclatures are the guidelines for mutation nomenclature made by the Human Genome Variation Society.\n\nHGVS nomenclature can be used with the HL7 coded data type (code data type that accepts expression data, or a coded expression data type). This coded data type should be able to distinguish expressions in HGVS nomenclature from coded concepts. For example, in the HL7 messages specified according to the HL7 V2 Clinical Genomics Fully LOINC-Qualified Genetic Variation Model, HGVS nomenclature can be used to as the observation values for DNA sequence variations. For example, OBX|1|CWE|48004-6^DNA Sequence Variation^LN||c.1129C>T^^HGVS|\n\nVersioning information: The HGVS nomenclature for the description of sequence variants was last modified Feb 20, 2008. The HGVS nomenclature for the description of protein sequence variants was last modified May 12, 2007. The HGVS nomenclature for the description of DNA sequence variants was last modified June 15, 2007 The HGVS nomenclature for the description of RNA sequence variants was last modified May 12, 2007\n\nHGVS nomenclatures can be used freely by the public.","exampleBoolean":false,"groupingId":"-term-codesystem"},{"extension":[{"url":"http://hl7.org/fhir/StructureDefinition/implementationguide-page","valueUri":"CodeSystem-loinc-answers.html"}],"reference":{"reference":"CodeSystem/loinc-answers"},"name":"LOINC Answers","description":"LOINC ANSWERS used by NCPI resources","exampleBoolean":false,"groupingId":"-term-codesystem"},{"extension":[{"url":"http://hl7.org/fhir/StructureDefinition/implementationguide-page","valueUri":"CodeSystem-mondo.html"}],"reference":{"reference":"CodeSystem/mondo"},"name":"Mondo Disease Ontology","description":"The Mondo Disease Ontology (Mondo) aims to harmonize disease definitions across the world. The name Mondo comes from the latin word 'mundus' and means 'for the world.'","exampleBoolean":false,"groupingId":"-term-codesystem"},{"extension":[{"url":"http://hl7.org/fhir/StructureDefinition/implementationguide-page","valueUri":"CodeSystem-ncit.html"}],"reference":{"reference":"CodeSystem/ncit"},"name":"NCI Thesaurus","description":"NCI Thesaurus (NCIt) provides reference terminology for many NCI and other systems. It covers vocabulary for clinical care, translational and basic research, and public information and administrative activities.","exampleBoolean":false,"groupingId":"-term-codesystem"},{"extension":[{"url":"http://hl7.org/fhir/StructureDefinition/implementationguide-page","valueUri":"CodeSystem-omim.html"}],"reference":{"reference":"CodeSystem/omim"},"name":"Online Mendelian Inheritance in Man","description":"An online database that describes the function and phenotypes associated with human genes","exampleBoolean":false,"groupingId":"-term-codesystem"},{"extension":[{"url":"http://hl7.org/fhir/StructureDefinition/implementationguide-page","valueUri":"CodeSystem-tbd-codes.html"}],"reference":{"reference":"CodeSystem/tbd-codes"},"name":"ToBeDeterminedCodes ('TbdCodes')","description":"These codes are currently 'TBD-LOINC' codes. The CG WG is requesting formal LOINC codes.","exampleBoolean":false,"groupingId":"-term-codesystem"},{"extension":[{"url":"http://hl7.org/fhir/StructureDefinition/implementationguide-page","valueUri":"Observation-diagnostic-implication-1.html"}],"reference":{"reference":"Observation/diagnostic-implication-1"},"name":"diagnostic-implication-1","description":"Example representation of a known variant found during genetic testing","exampleBoolean":true,"groupingId":"-ex-example"},{"extension":[{"url":"http://hl7.org/fhir/StructureDefinition/implementationguide-page","valueUri":"DiagnosticReport-diagnostic-report-1.html"}],"reference":{"reference":"DiagnosticReport/diagnostic-report-1"},"name":"diagnostic-report-1","description":"Example of a DiagnosticReport which aggregates genetic findings for a given test or run","exampleBoolean":true,"groupingId":"-ex-example"},{"extension":[{"url":"http://hl7.org/fhir/StructureDefinition/implementationguide-page","valueUri":"Condition-disease-example-1.html"}],"reference":{"reference":"Condition/disease-example-1"},"name":"disease-example-1","description":"Example of the representation of Disease.","exampleCanonical":"https://ncpi-fhir.github.io/ncpi-fhir-ig/StructureDefinition/disease","groupingId":"-ex-example"},{"extension":[{"url":"http://hl7.org/fhir/StructureDefinition/implementationguide-page","valueUri":"DocumentReference-drs-document-reference-example-1.html"}],"reference":{"reference":"DocumentReference/drs-document-reference-example-1"},"name":"drs-document-reference-example-1","description":"Example of the representation of DRS Document Reference.","exampleCanonical":"https://ncpi-fhir.github.io/ncpi-fhir-ig/StructureDefinition/ncpi-drs-document-reference","groupingId":"-ex-example"},{"extension":[{"url":"http://hl7.org/fhir/StructureDefinition/implementationguide-page","valueUri":"Observation-family-relationship-example-1.html"}],"reference":{"reference":"Observation/family-relationship-example-1"},"name":"family-relationship-example-1","description":"Example of the representation of Family Relationship.","exampleCanonical":"https://ncpi-fhir.github.io/ncpi-fhir-ig/StructureDefinition/family-relationship","groupingId":"-ex-example"},{"extension":[{"url":"http://hl7.org/fhir/StructureDefinition/implementationguide-page","valueUri":"Observation-family-relationship-example-2.html"}],"reference":{"reference":"Observation/family-relationship-example-2"},"name":"family-relationship-example-2","description":"Example of the representation of Family Relationship.","exampleCanonical":"https://ncpi-fhir.github.io/ncpi-fhir-ig/StructureDefinition/family-relationship","groupingId":"-ex-example"},{"extension":[{"url":"http://hl7.org/fhir/StructureDefinition/implementationguide-page","valueUri":"Observation-family-relationship-example-3.html"}],"reference":{"reference":"Observation/family-relationship-example-3"},"name":"family-relationship-example-3","description":"Example of the representation of Family Relationship.","exampleCanonical":"https://ncpi-fhir.github.io/ncpi-fhir-ig/StructureDefinition/family-relationship","groupingId":"-ex-example"},{"extension":[{"url":"http://hl7.org/fhir/StructureDefinition/implementationguide-page","valueUri":"Observation-family-relationship-example-4.html"}],"reference":{"reference":"Observation/family-relationship-example-4"},"name":"family-relationship-example-4","description":"Example of the representation of Family Relationship.","exampleCanonical":"https://ncpi-fhir.github.io/ncpi-fhir-ig/StructureDefinition/family-relationship","groupingId":"-ex-example"},{"extension":[{"url":"http://hl7.org/fhir/StructureDefinition/implementationguide-page","valueUri":"Organization-organization-example-1.html"}],"reference":{"reference":"Organization/organization-example-1"},"name":"organization-example-1","description":"Example of the representation of Organization.","exampleBoolean":true,"groupingId":"-ex-example"},{"extension":[{"url":"http://hl7.org/fhir/StructureDefinition/implementationguide-page","valueUri":"Patient-patient-example-1.html"}],"reference":{"reference":"Patient/patient-example-1"},"name":"patient-example-1","description":"Example of the representation of Patient.","exampleBoolean":true,"groupingId":"-ex-example"},{"extension":[{"url":"http://hl7.org/fhir/StructureDefinition/implementationguide-page","valueUri":"Patient-patient-example-2.html"}],"reference":{"reference":"Patient/patient-example-2"},"name":"patient-example-2","description":"Example of the representation of Patient.","exampleBoolean":true,"groupingId":"-ex-example"},{"extension":[{"url":"http://hl7.org/fhir/StructureDefinition/implementationguide-page","valueUri":"Patient-patient-example-3.html"}],"reference":{"reference":"Patient/patient-example-3"},"name":"patient-example-3","description":"Example of the representation of Patient.","exampleBoolean":true,"groupingId":"-ex-example"},{"extension":[{"url":"http://hl7.org/fhir/StructureDefinition/implementationguide-page","valueUri":"Condition-phenotype-example-1.html"}],"reference":{"reference":"Condition/phenotype-example-1"},"name":"phenotype-example-1","description":"Example of the representation of observed Phenotype.","exampleCanonical":"https://ncpi-fhir.github.io/ncpi-fhir-ig/StructureDefinition/phenotype","groupingId":"-ex-example"},{"extension":[{"url":"http://hl7.org/fhir/StructureDefinition/implementationguide-page","valueUri":"Practitioner-practitioner-example-1.html"}],"reference":{"reference":"Practitioner/practitioner-example-1"},"name":"practitioner-example-1","description":"Example of the representation of Practitioner.","exampleBoolean":true,"groupingId":"-ex-example"},{"extension":[{"url":"http://hl7.org/fhir/StructureDefinition/implementationguide-page","valueUri":"PractitionerRole-practitioner-role-example-1.html"}],"reference":{"reference":"PractitionerRole/practitioner-role-example-1"},"name":"practitioner-role-example-1","description":"Example of the representation of Practitioner Role.","exampleBoolean":true,"groupingId":"-ex-example"},{"extension":[{"url":"http://hl7.org/fhir/StructureDefinition/implementationguide-page","valueUri":"ResearchStudy-research-study-example-1.html"}],"reference":{"reference":"ResearchStudy/research-study-example-1"},"name":"research-study-example-1","description":"Example of the representation of Research Study.","exampleBoolean":true,"groupingId":"-ex-example"},{"extension":[{"url":"http://hl7.org/fhir/StructureDefinition/implementationguide-page","valueUri":"ResearchSubject-research-subject-example-1.html"}],"reference":{"reference":"ResearchSubject/research-subject-example-1"},"name":"research-subject-example-1","description":"Example of the representation of Research Subject.","exampleBoolean":true,"groupingId":"-ex-example"},{"extension":[{"url":"http://hl7.org/fhir/StructureDefinition/implementationguide-page","valueUri":"ResearchSubject-research-subject-example-2.html"}],"reference":{"reference":"ResearchSubject/research-subject-example-2"},"name":"research-subject-example-2","description":"Example of the representation of Research Subject.","exampleBoolean":true,"groupingId":"-ex-example"},{"extension":[{"url":"http://hl7.org/fhir/StructureDefinition/implementationguide-page","valueUri":"ResearchSubject-research-subject-example-3.html"}],"reference":{"reference":"ResearchSubject/research-subject-example-3"},"name":"research-subject-example-3","description":"Example of the representation of Research Subject.","exampleBoolean":true,"groupingId":"-ex-example"},{"extension":[{"url":"http://hl7.org/fhir/StructureDefinition/implementationguide-page","valueUri":"Specimen-specimen-example-1.html"}],"reference":{"reference":"Specimen/specimen-example-1"},"name":"specimen-example-1","description":"Example of the representation of Specimen.","exampleBoolean":true,"groupingId":"-ex-example"},{"extension":[{"url":"http://hl7.org/fhir/StructureDefinition/implementationguide-page","valueUri":"Task-task-example-1.html"}],"reference":{"reference":"Task/task-example-1"},"name":"task-example-1","description":"Example of the representation of Task.","exampleBoolean":true,"groupingId":"-ex-example"},{"extension":[{"url":"http://hl7.org/fhir/StructureDefinition/implementationguide-page","valueUri":"Observation-variant-example-1.html"}],"reference":{"reference":"Observation/variant-example-1"},"name":"variant-example-1","description":"Example of a fhir representation of a variant","exampleBoolean":true,"groupingId":"-ex-example"}],"page":{"nameUrl":"toc.html","title":"Table of Contents","generation":"html","page":[{"nameUrl":"index.html","title":"Home","generation":"markdown"},{"nameUrl":"authors.html","title":"Authors","generation":"markdown"},{"nameUrl":"background.html","title":"Background","generation":"markdown"},{"nameUrl":"contact.html","title":"Contact","generation":"markdown"},{"nameUrl":"downloads.html","title":"Downloads","generation":"markdown"},{"nameUrl":"use_cases.html","title":"Use Cases","generation":"markdown"},{"nameUrl":"artifacts.html","title":"Artifacts Summary","generation":"html","page":[{"nameUrl":"StructureDefinition-ncpi-drs-document-reference.html","title":"DRS Document Reference","generation":"generated"},{"nameUrl":"StructureDefinition-disease.html","title":"NCPI Disease","generation":"generated"},{"nameUrl":"StructureDefinition-family-relationship.html","title":"NCPI Family Relationship","generation":"generated"},{"nameUrl":"StructureDefinition-phenotype.html","title":"NCPI Phenotype","generation":"generated"},{"nameUrl":"StructureDefinition-ncpi-drs-attachment.html","title":"DRS Attachment","generation":"generated"},{"nameUrl":"StructureDefinition-supporting-info.html","title":"Supporting Information","generation":"generated"},{"nameUrl":"ValueSet-condition-inheritance-vs.html","title":"Condition Inheritance Pattern","generation":"generated"},{"nameUrl":"ValueSet-disease-codes.html","title":"Disease Codes","generation":"generated"},{"nameUrl":"ValueSet-loinc-answers.html","title":"LOINC Answers","generation":"generated"},{"nameUrl":"ValueSet-phenotype-codes.html","title":"Phenotype Codes","generation":"generated"},{"nameUrl":"ValueSet-tbd-codes.html","title":"tbd-codes","generation":"generated"},{"nameUrl":"CodeSystem-ConditionInheritanceMode.html","title":"Condition Inheritance Pattern","generation":"generated"},{"nameUrl":"CodeSystem-hpo.html","title":"Human Phenotype Ontology","generation":"generated"},{"nameUrl":"CodeSystem-v3-hgvs.html","title":"Human Genome Variation Society nomenclature","generation":"generated"},{"nameUrl":"CodeSystem-loinc-answers.html","title":"LOINC Answers","generation":"generated"},{"nameUrl":"CodeSystem-mondo.html","title":"Mondo Disease Ontology","generation":"generated"},{"nameUrl":"CodeSystem-ncit.html","title":"NCI Thesaurus","generation":"generated"},{"nameUrl":"CodeSystem-omim.html","title":"Online Mendelian Inheritance in Man","generation":"generated"},{"nameUrl":"CodeSystem-tbd-codes.html","title":"ToBeDeterminedCodes ('TbdCodes')","generation":"generated"},{"nameUrl":"Observation-diagnostic-implication-1.html","title":"diagnostic-implication-1","generation":"generated"},{"nameUrl":"DiagnosticReport-diagnostic-report-1.html","title":"diagnostic-report-1","generation":"generated"},{"nameUrl":"Condition-disease-example-1.html","title":"disease-example-1","generation":"generated"},{"nameUrl":"DocumentReference-drs-document-reference-example-1.html","title":"drs-document-reference-example-1","generation":"generated"},{"nameUrl":"Observation-family-relationship-example-1.html","title":"family-relationship-example-1","generation":"generated"},{"nameUrl":"Observation-family-relationship-example-2.html","title":"family-relationship-example-2","generation":"generated"},{"nameUrl":"Observation-family-relationship-example-3.html","title":"family-relationship-example-3","generation":"generated"},{"nameUrl":"Observation-family-relationship-example-4.html","title":"family-relationship-example-4","generation":"generated"},{"nameUrl":"Organization-organization-example-1.html","title":"organization-example-1","generation":"generated"},{"nameUrl":"Patient-patient-example-1.html","title":"patient-example-1","generation":"generated"},{"nameUrl":"Patient-patient-example-2.html","title":"patient-example-2","generation":"generated"},{"nameUrl":"Patient-patient-example-3.html","title":"patient-example-3","generation":"generated"},{"nameUrl":"Condition-phenotype-example-1.html","title":"phenotype-example-1","generation":"generated"},{"nameUrl":"Practitioner-practitioner-example-1.html","title":"practitioner-example-1","generation":"generated"},{"nameUrl":"PractitionerRole-practitioner-role-example-1.html","title":"practitioner-role-example-1","generation":"generated"},{"nameUrl":"ResearchStudy-research-study-example-1.html","title":"research-study-example-1","generation":"generated"},{"nameUrl":"ResearchSubject-research-subject-example-1.html","title":"research-subject-example-1","generation":"generated"},{"nameUrl":"ResearchSubject-research-subject-example-2.html","title":"research-subject-example-2","generation":"generated"},{"nameUrl":"ResearchSubject-research-subject-example-3.html","title":"research-subject-example-3","generation":"generated"},{"nameUrl":"Specimen-specimen-example-1.html","title":"specimen-example-1","generation":"generated"},{"nameUrl":"Task-task-example-1.html","title":"task-example-1","generation":"generated"},{"nameUrl":"Observation-variant-example-1.html","title":"variant-example-1","generation":"generated"}]}]},"parameter":[{"code":"path-resource","value":"input/capabilities"},{"code":"path-resource","value":"input/examples"},{"code":"path-resource","value":"input/extensions"},{"code":"path-resource","value":"input/models"},{"code":"path-resource","value":"input/operations"},{"code":"path-resource","value":"input/profiles"},{"code":"path-resource","value":"input/resources"},{"code":"path-resource","value":"input/vocabulary"},{"code":"path-resource","value":"input/maps"},{"code":"path-resource","value":"input/testing"},{"code":"path-resource","value":"input/history"},{"code":"path-resource","value":"fsh-generated/resources"},{"code":"path-pages","value":"template/config"},{"code":"path-pages","value":"input/images"},{"code":"path-tx-cache","value":"input-cache/txcache"}]}}