{"resourceType":"ValueSet","id":"phenotype-codes","text":{"status":"generated","div":"<div xmlns=\"http://www.w3.org/1999/xhtml\"><ul><li>Include all codes defined in <a href=\"CodeSystem-hpo.html\"><code>http://purl.obolibrary.org/obo/hp.owl</code></a></li></ul></div>"},"url":"https://nih-ncpi.github.io/ncpi-fhir-ig/ValueSet/phenotype-codes","version":"0.2.0","name":"PhenotypeCodes","title":"Phenotype Codes","status":"draft","experimental":false,"date":"2022-11-28T21:07:57+00:00","publisher":"NCPI FHIR Working Group","contact":[{"name":"NCPI FHIR Working Group","telecom":[{"system":"url","value":"https://github.com/nih-ncpi"}]},{"name":"Meen Chul Kim","telecom":[{"system":"email","value":"meenchul@d3b.center","use":"work"}]}],"description":"This value set includes all codes from Human Phenotype Ontology.","compose":{"include":[{"system":"http://purl.obolibrary.org/obo/hp.owl"}]}}