{
  "resourceType" : "CodeSystem",
  "id" : "ncpi-data-types",
  "text" : {
    "status" : "generated",
    "div" : "<div xmlns=\"http://www.w3.org/1999/xhtml\">Placeholder</div>"
  },
  "url" : "https://nih-ncpi.github.io/ncpi-fhir-ig/CodeSystem/ncpi-data-types",
  "version" : "0.2.0",
  "name" : "NcpiDataTypes",
  "title" : "Data Types for NCPI Research",
  "status" : "active",
  "experimental" : false,
  "date" : "2023-09-15T21:00:11+00:00",
  "publisher" : "NCPI FHIR Working Group",
  "contact" : [{
    "name" : "NCPI FHIR Working Group",
    "telecom" : [{
      "system" : "url",
      "value" : "https://github.com/nih-ncpi"
    }]
  },
  {
    "name" : "Meen Chul Kim",
    "telecom" : [{
      "system" : "email",
      "value" : "meenchul@d3b.center",
      "use" : "work"
    }]
  }],
  "description" : "Data Types for NCPI Research",
  "content" : "fragment",
  "concept" : [{
    "code" : "Exome",
    "display" : "Exome Sequence Data"
  },
  {
    "code" : "WholeGenome",
    "display" : "Whole Genome Sequence Data"
  },
  {
    "code" : "GWAS",
    "display" : "Genome-Wide Association Studies"
  }]
}