{
  "resourceType": "DocumentReference",
  "id": "drs-document-reference-example-1",
  "meta": {
    "profile": [
      "https://nih-ncpi.github.io/ncpi-fhir-ig/StructureDefinition/ncpi-drs-document-reference"
    ]
  },
  "text": {
    "status": "generated",
    "div": "<div xmlns=\"http://www.w3.org/1999/xhtml\"><p><b>Generated Narrative: DocumentReference</b><a name=\"drs-document-reference-example-1\"> </a></p><div style=\"display: inline-block; background-color: #d9e0e7; padding: 6px; margin: 4px; border: 1px solid #8da1b4; border-radius: 5px; line-height: 60%\"><p style=\"margin-bottom: 0px\">Resource DocumentReference &quot;drs-document-reference-example-1&quot; </p><p style=\"margin-bottom: 0px\">Profile: <a href=\"StructureDefinition-ncpi-drs-document-reference.html\">DRS Document Reference</a></p></div><p><b>status</b>: current</p><blockquote><p><b>content</b></p><h3>Attachments</h3><table class=\"grid\"><tr><td>-</td><td><b>Url</b></td></tr><tr><td>*</td><td><code>drs://example.com/ga4gh/drs/v1/objects/0f8c27b9-3300-4249-bb28-f49ffb80e277</code></td></tr></table></blockquote></div>"
  },
  "status": "current",
  "content": [
    {
      "attachment": {
        "url": "drs://example.com/ga4gh/drs/v1/objects/0f8c27b9-3300-4249-bb28-f49ffb80e277"
      }
    }
  ]
}