{
  "resourceType" : "ObservationDefinition",
  "id" : "example-study-data-dictionary-variable-1-4",
  "meta" : {
    "profile" : ["https://nih-ncpi.github.io/ncpi-fhir-ig/StructureDefinition/study-data-dictionary-variable"]
  },
  "text" : {
    "status" : "generated",
    "div" : "<div xmlns=\"http://www.w3.org/1999/xhtml\"><p><b>Generated Narrative: ObservationDefinition</b><a name=\"example-study-data-dictionary-variable-1-4\"> </a></p><div style=\"display: inline-block; background-color: #d9e0e7; padding: 6px; margin: 4px; border: 1px solid #8da1b4; border-radius: 5px; line-height: 60%\"><p style=\"margin-bottom: 0px\">Resource ObservationDefinition &quot;example-study-data-dictionary-variable-1-4&quot; </p><p style=\"margin-bottom: 0px\">Profile: <a href=\"StructureDefinition-study-data-dictionary-variable.html\">NCPI Study Data Dictionary Data Variable</a></p></div><p><b>code</b>: Subject's BMI, Measured at Enrollment <span style=\"background: LightGoldenRodYellow; margin: 4px; border: 1px solid khaki\"> (<a href=\"CodeSystem-example-study-data-dictionary-datatable-codesystem-1.html\">Datatable CodeSystem (lists all variables)</a>#bmi)</span></p><p><b>permittedDataType</b>: Quantity</p><h3>QuantitativeDetails</h3><table class=\"grid\"><tr><td style=\"display: none\">-</td><td><b>Unit</b></td></tr><tr><td style=\"display: none\">*</td><td>kg/m2 <span style=\"background: LightGoldenRodYellow; margin: 4px; border: 1px solid khaki\"> (<a href=\"http://ucum.org\">UCUM</a>#kg/m2)</span></td></tr></table></div>"
  },
  "code" : {
    "coding" : [{
      "system" : "https://nih-ncpi.github.io/ncpi-fhir-ig/CodeSystem/example-study-data-dictionary-datatable-codesystem-1",
      "code" : "bmi"
    }]
  },
  "permittedDataType" : ["Quantity"],
  "quantitativeDetails" : {
    "unit" : {
      "coding" : [{
        "system" : "http://unitsofmeasure.org",
        "code" : "kg/m2"
      }]
    }
  }
}