{
  "resourceType" : "Task",
  "id" : "task-example-1",
  "text" : {
    "status" : "generated",
    "div" : "<div xmlns=\"http://www.w3.org/1999/xhtml\"><p><b>Generated Narrative: Task</b><a name=\"task-example-1\"> </a></p><div style=\"display: inline-block; background-color: #d9e0e7; padding: 6px; margin: 4px; border: 1px solid #8da1b4; border-radius: 5px; line-height: 60%\"><p style=\"margin-bottom: 0px\">Resource Task &quot;task-example-1&quot; </p></div><p><b>status</b>: completed</p><p><b>intent</b>: order</p><h3>Inputs</h3><table class=\"grid\"><tr><td style=\"display: none\">-</td><td><b>Type</b></td><td><b>Value[x]</b></td></tr><tr><td style=\"display: none\">*</td><td>Specimen <span style=\"background: LightGoldenRodYellow; margin: 4px; border: 1px solid khaki\"> ()</span></td><td><a href=\"Specimen-specimen-example-1.html\">Specimen/specimen-example-1</a></td></tr></table><h3>Outputs</h3><table class=\"grid\"><tr><td style=\"display: none\">-</td><td><b>Type</b></td><td><b>Value[x]</b></td></tr><tr><td style=\"display: none\">*</td><td>DocumentReference <span style=\"background: LightGoldenRodYellow; margin: 4px; border: 1px solid khaki\"> ()</span></td><td><a href=\"DocumentReference-drs-document-reference-example-1.html\">DocumentReference/drs-document-reference-example-1</a></td></tr></table></div>"
  },
  "status" : "completed",
  "intent" : "order",
  "input" : [{
    "type" : {
      "text" : "Specimen"
    },
    "valueReference" : {
      "reference" : "Specimen/specimen-example-1"
    }
  }],
  "output" : [{
    "type" : {
      "text" : "DocumentReference"
    },
    "valueReference" : {
      "reference" : "DocumentReference/drs-document-reference-example-1"
    }
  }]
}